埼玉県,さいたま市西区,大字植田谷本
埼玉県,さいたま市西区,大字内野本郷
埼玉県,さいたま市西区,大字指扇
埼玉県,さいたま市西区,大字指扇領別所
埼玉県,さいたま市西区,大字佐知川
埼玉県,さいたま市西区,大字島根
埼玉県,さいたま市西区,大字清河寺
埼玉県,さいたま市西区,大字中釘
埼玉県,さいたま市西区,大字西遊馬
埼玉県,さいたま市西区,大字宝来
埼玉県,さいたま市西区,三橋
埼玉県,さいたま市北区,大成町
埼玉県,さいたま市北区,櫛引町
埼玉県,さいたま市北区,今羽町
埼玉県,さいたま市北区,土呂町
埼玉県,さいたま市北区,奈良町
埼玉県,さいたま市北区,日進町
埼玉県,さいたま市北区,東大成町
埼玉県,さいたま市北区,別所町
埼玉県,さいたま市北区,本郷町
埼玉県,さいたま市北区,盆栽町
埼玉県,さいたま市北区,宮原町
埼玉県,さいたま市北区,吉野町
埼玉県,さいたま市大宮区,東町
埼玉県,さいたま市大宮区,大成町
埼玉県,さいたま市大宮区,大原
埼玉県,さいたま市大宮区,上小町
埼玉県,さいたま市大宮区,北袋町
埼玉県,さいたま市大宮区,櫛引町
埼玉県,さいたま市大宮区,桜木町
埼玉県,さいたま市大宮区,寿能町
埼玉県,さいたま市大宮区,大門町
埼玉県,さいたま市大宮区,高鼻町
埼玉県,さいたま市大宮区,土手町
埼玉県,さいたま市大宮区,堀の内町
埼玉県,さいたま市大宮区,三橋
埼玉県,さいたま市大宮区,宮町
埼玉県,さいたま市見沼区,大字大谷
埼玉県,さいたま市見沼区,大和田町
埼玉県,さいたま市見沼区,大字小深作
埼玉県,さいたま市見沼区,島町
埼玉県,さいたま市見沼区,大字新堤
埼玉県,さいたま市見沼区,大字蓮沼
埼玉県,さいたま市見沼区,春岡
埼玉県,さいたま市見沼区,東大宮
埼玉県,さいたま市見沼区,大字東宮下
埼玉県,さいたま市見沼区,大字東門前
埼玉県,さいたま市見沼区,深作
埼玉県,さいたま市見沼区,大字風渡野
埼玉県,さいたま市見沼区,堀崎町
埼玉県,さいたま市見沼区,丸ヶ崎町
埼玉県,さいたま市見沼区,大字御蔵
埼玉県,さいたま市見沼区,大字南中野
埼玉県,さいたま市見沼区,大字南中丸
埼玉県,さいたま市見沼区,大字宮ヶ谷塔
埼玉県,さいたま市中央区,円阿弥
埼玉県,さいたま市中央区,大戸
埼玉県,さいたま市中央区,上落合
埼玉県,さいたま市中央区,大字下落合
埼玉県,さいたま市中央区,下落合
埼玉県,さいたま市中央区,新中里
埼玉県,さいたま市中央区,鈴谷
埼玉県,さいたま市中央区,八王子
埼玉県,さいたま市中央区,本町西
埼玉県,さいたま市中央区,本町東
埼玉県,さいたま市桜区,大字大久保領家
埼玉県,さいたま市桜区,大字上大久保
埼玉県,さいたま市桜区,栄和
埼玉県,さいたま市桜区,桜田
埼玉県,さいたま市桜区,大字下大久保
埼玉県,さいたま市桜区,大字白鍬
埼玉県,さいたま市桜区,大字神田
埼玉県,さいたま市桜区,田島
埼玉県,さいたま市桜区,道場
埼玉県,さいたま市桜区,中島
埼玉県,さいたま市桜区,西堀
埼玉県,さいたま市桜区,南元宿
埼玉県,さいたま市桜区,山久保
埼玉県,さいたま市浦和区,大原
埼玉県,さいたま市浦和区,上木崎
埼玉県,さいたま市浦和区,木崎
埼玉県,さいたま市浦和区,北浦和
埼玉県,さいたま市浦和区,皇山町
埼玉県,さいたま市浦和区,瀬ヶ崎
埼玉県,さいたま市浦和区,大東
埼玉県,さいたま市浦和区,高砂
埼玉県,さいたま市浦和区,常盤
埼玉県,さいたま市浦和区,針ヶ谷
埼玉県,さいたま市浦和区,元町
埼玉県,さいたま市浦和区,本太
埼玉県,さいたま市浦和区,領家
埼玉県,さいたま市南区,内谷
埼玉県,さいたま市南区,大字大谷口
埼玉県,さいたま市南区,大谷場
埼玉県,さいたま市南区,鹿手袋
埼玉県,さいたま市南区,白幡
埼玉県,さいたま市南区,大字太田窪
埼玉県,さいたま市南区,太田窪
埼玉県,さいたま市南区,辻
埼玉県,さいたま市南区,根岸
埼玉県,さいたま市南区,大字広ヶ谷戸
埼玉県,さいたま市南区,文蔵
埼玉県,さいたま市南区,別所
埼玉県,さいたま市南区,曲本
埼玉県,さいたま市南区,松本
埼玉県,さいたま市南区,南浦和
埼玉県,さいたま市南区,四谷
埼玉県,さいたま市緑区,大字大牧
埼玉県,さいたま市緑区,大字大間木
埼玉県,さいたま市緑区,道祖土
埼玉県,さいたま市緑区,太田窪
埼玉県,さいたま市緑区,大字大門
埼玉県,さいたま市緑区,大字中尾
埼玉県,さいたま市緑区,原山
埼玉県,さいたま市緑区,東浦和
埼玉県,さいたま市緑区,大字間宮
埼玉県,さいたま市緑区,山崎
埼玉県,さいたま市岩槻区,大字裏慈恩寺
埼玉県,さいたま市岩槻区,大字表慈恩寺
埼玉県,さいたま市岩槻区,加倉
埼玉県,さいたま市岩槻区,大字慈恩寺
埼玉県,さいたま市岩槻区,城町
埼玉県,さいたま市岩槻区,西町
埼玉県,さいたま市岩槻区,東町
埼玉県,さいたま市岩槻区,府内
埼玉県,さいたま市岩槻区,本町
埼玉県,さいたま市岩槻区,南平野
埼玉県,川越市,新宿町
埼玉県,川越市,大字池辺
埼玉県,川越市,石原町
埼玉県,川越市,泉町
埼玉県,川越市,稲荷町
埼玉県,川越市,大字今泉
埼玉県,川越市,今成
埼玉県,川越市,大字今福
埼玉県,川越市,大字上戸
埼玉県,川越市,上戸新町
埼玉県,川越市,大字扇河岸
埼玉県,川越市,大字大仙波
埼玉県,川越市,大塚
埼玉県,川越市,大塚新町
埼玉県,川越市,大手町
埼玉県,川越市,大字大袋新田
埼玉県,川越市,大字笠幡
埼玉県,川越市,かすみ野
埼玉県,川越市,大字鴨田
埼玉県,川越市,岸町
埼玉県,川越市,大字木野目
埼玉県,川越市,大字久下戸
埼玉県,川越市,広栄町
埼玉県,川越市,大字小仙波
埼玉県,川越市,小仙波町
埼玉県,川越市,大字小堤
埼玉県,川越市,大字小室
埼玉県,川越市,志多町
埼玉県,川越市,大字下赤坂
埼玉県,川越市,大字下広谷
埼玉県,川越市,新富町
埼玉県,川越市,神明町
埼玉県,川越市,大字砂
埼玉県,川越市,砂新田
埼玉県,川越市,諏訪町
埼玉県,川越市,仙波町
埼玉県,川越市,大字寺尾
埼玉県,川越市,豊田町
埼玉県,川越市,大字豊田本
埼玉県,川越市,中台
埼玉県,川越市,中台南
埼玉県,川越市,中台元町
埼玉県,川越市,大字中福
埼玉県,川越市,大字並木
埼玉県,川越市,西小仙波町
埼玉県,川越市,野田町
埼玉県,川越市,東田町
埼玉県,川越市,氷川町
埼玉県,川越市,大字府川
埼玉県,川越市,藤木町
埼玉県,川越市,大字藤間
埼玉県,川越市,富士見町
埼玉県,川越市,大字古市場
埼玉県,川越市,大字古谷上
埼玉県,川越市,大字古谷本郷
埼玉県,川越市,松江町
埼玉県,川越市,大字的場
埼玉県,川越市,的場
埼玉県,川越市,大字南大塚
埼玉県,川越市,南大塚
埼玉県,川越市,南台
埼玉県,川越市,大字南田島
埼玉県,川越市,南通町
埼玉県,川越市,宮下町
埼玉県,川越市,むさし野
埼玉県,川越市,大字山田
埼玉県,川越市,吉田新町
埼玉県,川越市,四都野台
埼玉県,川越市,連雀町
埼玉県,川越市,脇田本町
埼玉県,川越市,脇田町
埼玉県,熊谷市,赤城町
埼玉県,熊谷市,曙町
埼玉県,熊谷市,石原
埼玉県,熊谷市,伊勢町
埼玉県,熊谷市,板井
埼玉県,熊谷市,榎町
埼玉県,熊谷市,小江川
埼玉県,熊谷市,押切
埼玉県,熊谷市,小曽根
埼玉県,熊谷市,柿沼
埼玉県,熊谷市,冑山
埼玉県,熊谷市,上之
埼玉県,熊谷市,河原町
埼玉県,熊谷市,銀座
埼玉県,熊谷市,久下
埼玉県,熊谷市,久保島
埼玉県,熊谷市,肥塚
埼玉県,熊谷市,江南中央
埼玉県,熊谷市,小島
埼玉県,熊谷市,下川上
埼玉県,熊谷市,下奈良
埼玉県,熊谷市,拾六間
埼玉県,熊谷市,末広
埼玉県,熊谷市,玉井
埼玉県,熊谷市,玉井南
埼玉県,熊谷市,筑波
埼玉県,熊谷市,戸出
埼玉県,熊谷市,成沢
埼玉県,熊谷市,新島
埼玉県,熊谷市,新堀
埼玉県,熊谷市,野原
埼玉県,熊谷市,箱田
埼玉県,熊谷市,平戸
埼玉県,熊谷市,広瀬
埼玉県,熊谷市,別府
埼玉県,熊谷市,星川
埼玉県,熊谷市,本石
埼玉県,熊谷市,三ケ尻
埼玉県,熊谷市,見晴町
埼玉県,熊谷市,宮前町
埼玉県,熊谷市,妻沼
埼玉県,熊谷市,妻沼中央
埼玉県,熊谷市,妻沼東
埼玉県,熊谷市,楊井
埼玉県,川口市,青木
埼玉県,川口市,大字赤井
埼玉県,川口市,赤井
埼玉県,川口市,大字赤山
埼玉県,川口市,朝日
埼玉県,川口市,大字新井宿
埼玉県,川口市,新井町
埼玉県,川口市,大字安行北谷
埼玉県,川口市,大字安行小山
埼玉県,川口市,大字安行慈林
埼玉県,川口市,安行出羽
埼玉県,川口市,大字安行原
埼玉県,川口市,大字安行領家
埼玉県,川口市,大字安行領根岸
埼玉県,川口市,飯塚
埼玉県,川口市,大字伊刈
埼玉県,川口市,大字石神
埼玉県,川口市,金山町
埼玉県,川口市,上青木
埼玉県,川口市,上青木西
埼玉県,川口市,川口
埼玉県,川口市,大字木曽呂
埼玉県,川口市,北園町
埼玉県,川口市,北原台
埼玉県,川口市,大字源左衛門新田
埼玉県,川口市,大字神戸
埼玉県,川口市,大字小谷場
埼玉県,川口市,幸町
埼玉県,川口市,栄町
埼玉県,川口市,坂下町
埼玉県,川口市,桜町
埼玉県,川口市,差間
埼玉県,川口市,大字里
埼玉県,川口市,大字芝
埼玉県,川口市,芝
埼玉県,川口市,芝下
埼玉県,川口市,芝新町
埼玉県,川口市,芝塚原
埼玉県,川口市,芝中田
埼玉県,川口市,芝西
埼玉県,川口市,芝富士
埼玉県,川口市,末広
埼玉県,川口市,大字辻
埼玉県,川口市,戸塚
埼玉県,川口市,戸塚境町
埼玉県,川口市,戸塚鋏町
埼玉県,川口市,戸塚東
埼玉県,川口市,戸塚南
埼玉県,川口市,中青木
埼玉県,川口市,並木
埼玉県,川口市,並木元町
埼玉県,川口市,西青木
埼玉県,川口市,大字西新井宿
埼玉県,川口市,西川口
埼玉県,川口市,大字西立野
埼玉県,川口市,大字榛松
埼玉県,川口市,鳩ヶ谷本町
埼玉県,川口市,鳩ヶ谷緑町
埼玉県,川口市,原町
埼玉県,川口市,東川口
埼玉県,川口市,大字東本郷
埼玉県,川口市,東本郷
埼玉県,川口市,東領家
埼玉県,川口市,本町
埼玉県,川口市,前上町
埼玉県,川口市,前川
埼玉県,川口市,大字道合
埼玉県,川口市,三ツ和
埼玉県,川口市,南鳩ヶ谷
埼玉県,川口市,南町
埼玉県,川口市,南前川
埼玉県,川口市,大字峯
埼玉県,川口市,宮町
埼玉県,川口市,元郷
埼玉県,川口市,柳崎
埼玉県,川口市,弥平
埼玉県,川口市,領家
埼玉県,行田市,大字小見
埼玉県,行田市,門井町
埼玉県,行田市,大字埼玉
埼玉県,行田市,中央
埼玉県,行田市,長野
埼玉県,行田市,西新町
埼玉県,行田市,向町
埼玉県,行田市,持田
埼玉県,行田市,大字谷郷
埼玉県,行田市,大字若小玉
埼玉県,行田市,大字渡柳
埼玉県,秩父市,相生町
埼玉県,秩父市,阿保町
埼玉県,秩父市,荒川白久
埼玉県,秩父市,大野原
埼玉県,秩父市,上町
埼玉県,秩父市,下影森
埼玉県,秩父市,下吉田
埼玉県,秩父市,野坂町
埼玉県,秩父市,山田
埼玉県,所沢市,大字北秋津
埼玉県,所沢市,北中
埼玉県,所沢市,小手指町
埼玉県,所沢市,小手指南
埼玉県,所沢市,小手指元町
埼玉県,所沢市,寿町
埼玉県,所沢市,狭山ケ丘
埼玉県,所沢市,大字下富
埼玉県,所沢市,大字新郷
埼玉県,所沢市,大字中富
埼玉県,所沢市,西所沢
埼玉県,所沢市,東狭山ケ丘
埼玉県,所沢市,東所沢
埼玉県,所沢市,東所沢和田
埼玉県,所沢市,元町
埼玉県,所沢市,若狭
埼玉県,飯能市,大字青木
埼玉県,飯能市,茜台
埼玉県,飯能市,稲荷町
埼玉県,飯能市,大字岩沢
埼玉県,飯能市,大字上直竹下分
埼玉県,飯能市,大字唐竹
埼玉県,飯能市,大字川崎
埼玉県,飯能市,大字川寺
埼玉県,飯能市,大字小久保
埼玉県,飯能市,栄町
埼玉県,飯能市,大字長沢
埼玉県,飯能市,大字双柳
埼玉県,飯能市,八幡町
埼玉県,飯能市,美杉台
埼玉県,飯能市,緑町
埼玉県,飯能市,大字南川
埼玉県,飯能市,柳町
埼玉県,加須市,大室
埼玉県,加須市,上樋遣川
埼玉県,加須市,川口
埼玉県,加須市,騎西
埼玉県,加須市,北小浜
埼玉県,加須市,北篠崎
埼玉県,加須市,北下新井
埼玉県,加須市,久下
埼玉県,加須市,鴻茎
埼玉県,加須市,栄
埼玉県,加須市,下樋遣川
埼玉県,加須市,新川通
埼玉県,加須市,外野
埼玉県,加須市,常泉
埼玉県,加須市,東栄
埼玉県,加須市,土手
埼玉県,加須市,豊野台
埼玉県,加須市,中種足
埼玉県,加須市,花崎
埼玉県,加須市,花崎北
埼玉県,加須市,日出安
埼玉県,加須市,平永
埼玉県,加須市,不動岡
埼玉県,加須市,南篠崎
埼玉県,加須市,麦倉
埼玉県,加須市,元町
埼玉県,加須市,礼羽
埼玉県,本庄市,五十子
埼玉県,本庄市,小島
埼玉県,本庄市,小島南
埼玉県,本庄市,北堀
埼玉県,本庄市,銀座
埼玉県,本庄市,栗崎
埼玉県,本庄市,けや木
埼玉県,本庄市,見福
埼玉県,本庄市,児玉町金屋
埼玉県,本庄市,児玉町小平
埼玉県,本庄市,児玉町児玉
埼玉県,本庄市,児玉町下浅見
埼玉県,本庄市,栄
埼玉県,本庄市,下野堂
埼玉県,本庄市,千代田
埼玉県,本庄市,西富田
埼玉県,本庄市,東台
埼玉県,本庄市,日の出
埼玉県,本庄市,前原
埼玉県,本庄市,緑
埼玉県,本庄市,南
埼玉県,本庄市,都島
埼玉県,本庄市,早稲田の杜
埼玉県,本庄市,
埼玉県,東松山市,あずま町
埼玉県,東松山市,大字石橋
埼玉県,東松山市,大字市ノ川
埼玉県,東松山市,大字大谷
埼玉県,東松山市,御茶山町
埼玉県,東松山市,大字上野本
埼玉県,東松山市,幸町
埼玉県,東松山市,大字下唐子
埼玉県,東松山市,大字下野本
埼玉県,東松山市,大字新郷
埼玉県,東松山市,神明町
埼玉県,東松山市,砂田町
埼玉県,東松山市,大字高坂
埼玉県,東松山市,大字西本宿
埼玉県,東松山市,大字野田
埼玉県,東松山市,旗立台
埼玉県,東松山市,大字東平
埼玉県,東松山市,大字古凍
埼玉県,東松山市,本町
埼玉県,東松山市,松葉町
埼玉県,東松山市,松本町
埼玉県,東松山市,松山町
埼玉県,東松山市,美土里町
埼玉県,東松山市,元宿
埼玉県,東松山市,箭弓町
埼玉県,東松山市,六軒町
埼玉県,春日部市,赤沼
埼玉県,春日部市,一ノ割
埼玉県,春日部市,牛島
埼玉県,春日部市,内牧
埼玉県,春日部市,梅田
埼玉県,春日部市,大枝
埼玉県,春日部市,大沼
埼玉県,春日部市,大場
埼玉県,春日部市,大衾
埼玉県,春日部市,粕壁
埼玉県,春日部市,粕壁東
埼玉県,春日部市,金崎
埼玉県,春日部市,上蛭田
埼玉県,春日部市,小渕
埼玉県,春日部市,米島
埼玉県,春日部市,栄町
埼玉県,春日部市,下蛭田
埼玉県,春日部市,下柳
埼玉県,春日部市,武里中野
埼玉県,春日部市,中央
埼玉県,春日部市,道口蛭田
埼玉県,春日部市,道順川戸
埼玉県,春日部市,西金野井
埼玉県,春日部市,西宝珠花
埼玉県,春日部市,八丁目
埼玉県,春日部市,東中野
埼玉県,春日部市,備後西
埼玉県,春日部市,備後東
埼玉県,春日部市,藤塚
埼玉県,春日部市,本田町
埼玉県,春日部市,増富
埼玉県,春日部市,増田新田
埼玉県,春日部市,緑町
埼玉県,春日部市,南
埼玉県,春日部市,南栄町
埼玉県,春日部市,南中曽根
埼玉県,春日部市,谷原
埼玉県,春日部市,豊町
埼玉県,春日部市,六軒町
埼玉県,狭山市,大字北入曽
埼玉県,狭山市,大字水野
埼玉県,羽生市,大字尾崎
埼玉県,羽生市,大字上川俣
埼玉県,羽生市,大字上新郷
埼玉県,羽生市,北
埼玉県,羽生市,中央
埼玉県,羽生市,西
埼玉県,羽生市,大字羽生
埼玉県,羽生市,東
埼玉県,羽生市,大字発戸
埼玉県,羽生市,大字本川俣
埼玉県,羽生市,南
埼玉県,羽生市,南羽生
埼玉県,鴻巣市,愛の町
埼玉県,鴻巣市,赤城台
埼玉県,鴻巣市,赤見台
埼玉県,鴻巣市,稲荷町
埼玉県,鴻巣市,大間
埼玉県,鴻巣市,鎌塚
埼玉県,鴻巣市,加美
埼玉県,鴻巣市,北新宿
埼玉県,鴻巣市,北根
埼玉県,鴻巣市,鴻巣
埼玉県,鴻巣市,小松
埼玉県,鴻巣市,境
埼玉県,鴻巣市,栄町
埼玉県,鴻巣市,下忍
埼玉県,鴻巣市,新宿
埼玉県,鴻巣市,神明
埼玉県,鴻巣市,関新田
埼玉県,鴻巣市,人形
埼玉県,鴻巣市,糠田
埼玉県,鴻巣市,東
埼玉県,鴻巣市,氷川町
埼玉県,鴻巣市,吹上富士見
埼玉県,鴻巣市,袋
埼玉県,鴻巣市,前砂
埼玉県,鴻巣市,松原
埼玉県,鴻巣市,箕田
埼玉県,鴻巣市,緑町
埼玉県,深谷市,石塚
埼玉県,深谷市,稲荷町
埼玉県,深谷市,上野台
埼玉県,深谷市,岡
埼玉県,深谷市,岡部
埼玉県,深谷市,小前田
埼玉県,深谷市,上柴町西
埼玉県,深谷市,上柴町東
埼玉県,深谷市,国済寺
埼玉県,深谷市,国済寺町
埼玉県,深谷市,栄町
埼玉県,深谷市,白草台
埼玉県,深谷市,武川
埼玉県,深谷市,田所町
埼玉県,深谷市,田中
埼玉県,深谷市,田谷
埼玉県,深谷市,血洗島
埼玉県,深谷市,天神町
埼玉県,深谷市,常盤町
埼玉県,深谷市,永田
埼玉県,深谷市,西島
埼玉県,深谷市,西島町
埼玉県,深谷市,蓮沼
埼玉県,深谷市,原郷
埼玉県,深谷市,東大沼
埼玉県,深谷市,東方
埼玉県,深谷市,本郷
埼玉県,深谷市,本住町
埼玉県,深谷市,矢島
埼玉県,深谷市,山河
埼玉県,深谷市,山崎
埼玉県,上尾市,大字上尾下
埼玉県,上尾市,浅間台
埼玉県,上尾市,愛宕
埼玉県,上尾市,大字壱丁目
埼玉県,上尾市,大字今泉
埼玉県,上尾市,大字大谷本郷
埼玉県,上尾市,柏座
埼玉県,上尾市,春日
埼玉県,上尾市,大字上
埼玉県,上尾市,上町
埼玉県,上尾市,上平中央
埼玉県,上尾市,川
埼玉県,上尾市,大字瓦葺
埼玉県,上尾市,大字小敷谷
埼玉県,上尾市,栄町
埼玉県,上尾市,大字菅谷
埼玉県,上尾市,大字中新井
埼玉県,上尾市,仲町
埼玉県,上尾市,中妻
埼玉県,上尾市,錦町
埼玉県,上尾市,大字原市
埼玉県,上尾市,原新町
埼玉県,上尾市,大字平塚
埼玉県,上尾市,平塚
埼玉県,上尾市,富士見
埼玉県,上尾市,二ツ宮
埼玉県,上尾市,本町
埼玉県,上尾市,緑丘
埼玉県,上尾市,宮本町
埼玉県,上尾市,大字向山
埼玉県,上尾市,向山
埼玉県,上尾市,谷津
埼玉県,上尾市,大字領家
埼玉県,草加市,青柳
埼玉県,草加市,旭町
埼玉県,草加市,稲荷
埼玉県,草加市,北谷
埼玉県,草加市,栄町
埼玉県,草加市,新栄
埼玉県,草加市,新善町
埼玉県,草加市,住吉
埼玉県,草加市,瀬崎
埼玉県,草加市,草加
埼玉県,草加市,高砂
埼玉県,草加市,苗塚町
埼玉県,草加市,中根
埼玉県,草加市,西町
埼玉県,草加市,新里町
埼玉県,草加市,原町
埼玉県,草加市,氷川町
埼玉県,草加市,弁天
埼玉県,草加市,松原
埼玉県,草加市,谷塚
埼玉県,草加市,谷塚町
埼玉県,草加市,谷塚仲町
埼玉県,草加市,八幡町
埼玉県,草加市,吉町
埼玉県,越谷市,赤山町
埼玉県,越谷市,大字大里
埼玉県,越谷市,大沢
埼玉県,越谷市,大字大竹
埼玉県,越谷市,大字大林
埼玉県,越谷市,大字大房
埼玉県,越谷市,大間野町
埼玉県,越谷市,大字大道
埼玉県,越谷市,大字小曽川
埼玉県,越谷市,大字恩間
埼玉県,越谷市,大字恩間新田
埼玉県,越谷市,大字上間久里
埼玉県,越谷市,大字蒲生
埼玉県,越谷市,蒲生
埼玉県,越谷市,川柳町
埼玉県,越谷市,瓦曽根
埼玉県,越谷市,大字北川崎
埼玉県,越谷市,越ヶ谷
埼玉県,越谷市,相模町
埼玉県,越谷市,七左町
埼玉県,越谷市,大字下間久里
埼玉県,越谷市,千間台西
埼玉県,越谷市,千間台東
埼玉県,越谷市,大成町
埼玉県,越谷市,西方
埼玉県,越谷市,登戸町
埼玉県,越谷市,花田
埼玉県,越谷市,東大沢
埼玉県,越谷市,東越谷
埼玉県,越谷市,大字平方
埼玉県,越谷市,大字袋山
埼玉県,越谷市,大字船渡
埼玉県,越谷市,大字南荻島
埼玉県,越谷市,南越谷
埼玉県,越谷市,南町
埼玉県,越谷市,宮本町
埼玉県,越谷市,大字向畑
埼玉県,越谷市,大字弥十郎
埼玉県,越谷市,谷中町
埼玉県,越谷市,弥生町
埼玉県,越谷市,レイクタウン
埼玉県,蕨市,北町
埼玉県,蕨市,中央
埼玉県,蕨市,塚越
埼玉県,蕨市,錦町
埼玉県,蕨市,南町
埼玉県,戸田市,上戸田
埼玉県,戸田市,川岸
埼玉県,戸田市,喜沢
埼玉県,戸田市,喜沢南
埼玉県,戸田市,笹目
埼玉県,戸田市,笹目南町
埼玉県,戸田市,下前
埼玉県,戸田市,中町
埼玉県,戸田市,大字新曽
埼玉県,戸田市,新曽南
埼玉県,戸田市,早瀬
埼玉県,戸田市,氷川町
埼玉県,戸田市,美女木
埼玉県,戸田市,本町
埼玉県,戸田市,南町
埼玉県,入間市,大字新久
埼玉県,入間市,牛沢町
埼玉県,入間市,扇町屋
埼玉県,入間市,鍵山
埼玉県,入間市,大字上藤沢
埼玉県,入間市,久保稲荷
埼玉県,入間市,黒須
埼玉県,入間市,大字小谷田
埼玉県,入間市,小谷田
埼玉県,入間市,大字下藤沢
埼玉県,入間市,大字新光
埼玉県,入間市,高倉
埼玉県,入間市,大字寺竹
埼玉県,入間市,豊岡
埼玉県,入間市,大字中神
埼玉県,入間市,大字二本木
埼玉県,入間市,大字野田
埼玉県,入間市,東藤沢
埼玉県,入間市,宮寺
埼玉県,朝霞市,朝志ケ丘
埼玉県,朝霞市,岡
埼玉県,朝霞市,幸町
埼玉県,朝霞市,栄町
埼玉県,朝霞市,泉水
埼玉県,朝霞市,膝折町
埼玉県,朝霞市,本町
埼玉県,朝霞市,溝沼
埼玉県,朝霞市,三原
埼玉県,朝霞市,宮戸
埼玉県,志木市,柏町
埼玉県,志木市,幸町
埼玉県,志木市,下宗岡
埼玉県,志木市,館
埼玉県,志木市,中宗岡
埼玉県,志木市,本町
埼玉県,和光市,下新倉
埼玉県,和光市,本町
埼玉県,和光市,南
埼玉県,新座市,池田
埼玉県,新座市,石神
埼玉県,新座市,大和田
埼玉県,新座市,片山
埼玉県,新座市,栗原
埼玉県,新座市,新堀
埼玉県,新座市,道場
埼玉県,新座市,東北
埼玉県,新座市,新座
埼玉県,新座市,野寺
埼玉県,新座市,野火止
埼玉県,新座市,畑中
埼玉県,新座市,馬場
埼玉県,新座市,東
埼玉県,桶川市,赤堀
埼玉県,桶川市,泉
埼玉県,桶川市,大字加納
埼玉県,桶川市,大字上日出谷
埼玉県,桶川市,鴨川
埼玉県,桶川市,大字川田谷
埼玉県,桶川市,寿
埼玉県,桶川市,大字小針領家
埼玉県,桶川市,大字坂田
埼玉県,桶川市,坂田東
埼玉県,桶川市,下日出谷西
埼玉県,桶川市,西
埼玉県,桶川市,若宮
埼玉県,久喜市,青毛
埼玉県,久喜市,上清久
埼玉県,久喜市,久喜北
埼玉県,久喜市,久喜中央
埼玉県,久喜市,久喜東
埼玉県,久喜市,葛梅
埼玉県,久喜市,栗橋北
埼玉県,久喜市,栗橋中央
埼玉県,久喜市,栗橋東
埼玉県,久喜市,栗原
埼玉県,久喜市,桜田
埼玉県,久喜市,下早見
埼玉県,久喜市,菖蒲町三箇
埼玉県,久喜市,菖蒲町菖蒲
埼玉県,久喜市,菖蒲町新堀
埼玉県,久喜市,高柳
埼玉県,久喜市,西大輪
埼玉県,久喜市,八甫
埼玉県,久喜市,東大輪
埼玉県,久喜市,本町
埼玉県,久喜市,間鎌
埼玉県,久喜市,南栗橋
埼玉県,久喜市,吉羽
埼玉県,久喜市,鷲宮
埼玉県,北本市,朝日
埼玉県,北本市,東間
埼玉県,北本市,石戸
埼玉県,北本市,石戸宿
埼玉県,北本市,大字下石戸下
埼玉県,北本市,中央
埼玉県,北本市,中丸
埼玉県,北本市,二ツ家
埼玉県,北本市,古市場
埼玉県,北本市,本町
埼玉県,北本市,本宿
埼玉県,八潮市,茜町
埼玉県,八潮市,大字伊草
埼玉県,八潮市,大字伊勢野
埼玉県,八潮市,大字浮塚
埼玉県,八潮市,大瀬
埼玉県,八潮市,大字木曽根
埼玉県,八潮市,大字小作田
埼玉県,八潮市,中央
埼玉県,八潮市,大字鶴ケ曽根
埼玉県,八潮市,大字八條
埼玉県,八潮市,緑町
埼玉県,八潮市,大字南後谷
埼玉県,富士見市,上沢
埼玉県,富士見市,大字下南畑
埼玉県,富士見市,諏訪
埼玉県,富士見市,鶴瀬西
埼玉県,富士見市,鶴瀬東
埼玉県,富士見市,大字鶴馬
埼玉県,富士見市,西みずほ台
埼玉県,富士見市,羽沢
埼玉県,富士見市,針ケ谷
埼玉県,富士見市,大字水子
埼玉県,富士見市,渡戸
埼玉県,三郷市,泉
埼玉県,三郷市,後谷
埼玉県,三郷市,采女
埼玉県,三郷市,栄
埼玉県,三郷市,さつき平
埼玉県,三郷市,高州
埼玉県,三郷市,鷹野
埼玉県,三郷市,中央
埼玉県,三郷市,戸ヶ崎
埼玉県,三郷市,花和田
埼玉県,三郷市,番匠免
埼玉県,三郷市,半田
埼玉県,三郷市,彦江
埼玉県,三郷市,彦沢
埼玉県,三郷市,彦成
埼玉県,三郷市,三郷
埼玉県,三郷市,谷中
埼玉県,三郷市,早稲田
埼玉県,蓮田市,大字井沼
埼玉県,蓮田市,大字閏戸
埼玉県,蓮田市,上
埼玉県,蓮田市,大字黒浜
埼玉県,蓮田市,大字高虫
埼玉県,蓮田市,椿山
埼玉県,蓮田市,西城
埼玉県,蓮田市,西新宿
埼玉県,蓮田市,大字根金
埼玉県,坂戸市,大字石井
埼玉県,坂戸市,伊豆の山町
埼玉県,坂戸市,泉町
埼玉県,坂戸市,大字片柳
埼玉県,坂戸市,三光町
埼玉県,坂戸市,清水町
埼玉県,坂戸市,関間
埼玉県,坂戸市,千代田
埼玉県,坂戸市,鶴舞
埼玉県,坂戸市,大字戸宮
埼玉県,坂戸市,大字中里
埼玉県,坂戸市,仲町
埼玉県,坂戸市,大字新堀
埼玉県,坂戸市,西坂戸
埼玉県,坂戸市,花影町
埼玉県,坂戸市,日の出町
埼玉県,坂戸市,本町
埼玉県,坂戸市,溝端町
埼玉県,坂戸市,南町
埼玉県,坂戸市,元町
埼玉県,坂戸市,八幡
埼玉県,幸手市,大字内国府間
埼玉県,幸手市,大字円藤内
埼玉県,幸手市,大字上高野
埼玉県,幸手市,大字上吉羽
埼玉県,幸手市,大字下川崎
埼玉県,幸手市,大字千塚
埼玉県,幸手市,大字西関宿
埼玉県,幸手市,東
埼玉県,幸手市,緑台
埼玉県,幸手市,大字吉野
埼玉県,鶴ケ島市,大字太田ヶ谷
埼玉県,鶴ケ島市,大字上広谷
埼玉県,鶴ケ島市,大字五味ヶ谷
埼玉県,鶴ケ島市,大字下新田
埼玉県,鶴ケ島市,大字脚折
埼玉県,鶴ケ島市,脚折町
埼玉県,鶴ケ島市,大字鶴ヶ丘
埼玉県,鶴ケ島市,大字藤金
埼玉県,鶴ケ島市,富士見
埼玉県,鶴ケ島市,大字町屋
埼玉県,鶴ケ島市,南町
埼玉県,日高市,大字女影
埼玉県,日高市,大字鹿山
埼玉県,日高市,大字栗坪
埼玉県,日高市,大字高萩
埼玉県,日高市,大字田波目
埼玉県,日高市,大字中鹿山
埼玉県,日高市,大字中沢
埼玉県,日高市,大字楡木
埼玉県,日高市,大字原宿
埼玉県,日高市,武蔵台
埼玉県,日高市,大字横手
埼玉県,吉川市,きよみ野
埼玉県,吉川市,栄町
埼玉県,吉川市,新栄
埼玉県,吉川市,高富
埼玉県,吉川市,大字土場
埼玉県,吉川市,中野
埼玉県,吉川市,大字鍋小路
埼玉県,吉川市,大字保
埼玉県,吉川市,保
埼玉県,吉川市,美南
埼玉県,吉川市,大字吉川
埼玉県,吉川市,吉川
埼玉県,ふじみ野市,旭
埼玉県,ふじみ野市,市沢
埼玉県,ふじみ野市,上野台
埼玉県,ふじみ野市,上ノ原
埼玉県,ふじみ野市,大井
埼玉県,ふじみ野市,大井中央
埼玉県,ふじみ野市,大井武蔵野
埼玉県,ふじみ野市,大原
埼玉県,ふじみ野市,霞ケ丘
埼玉県,ふじみ野市,上福岡
埼玉県,ふじみ野市,亀久保
埼玉県,ふじみ野市,川崎
埼玉県,ふじみ野市,北野
埼玉県,ふじみ野市,清見
埼玉県,ふじみ野市,鶴ケ岡
埼玉県,ふじみ野市,鶴ケ舞
埼玉県,ふじみ野市,苗間
埼玉県,ふじみ野市,西
埼玉県,ふじみ野市,西原
埼玉県,ふじみ野市,東久保
埼玉県,ふじみ野市,福岡中央
埼玉県,ふじみ野市,福岡武蔵野
埼玉県,ふじみ野市,丸山
埼玉県,ふじみ野市,南台
埼玉県,ふじみ野市,元福岡
埼玉県,ふじみ野市,谷田
埼玉県,白岡市,上野田
埼玉県,白岡市,小久喜
埼玉県,白岡市,柴山
埼玉県,白岡市,白岡
埼玉県,白岡市,白岡東
埼玉県,白岡市,新白岡
埼玉県,白岡市,西
埼玉県,白岡市,野牛
埼玉県,北足立郡伊奈町,内宿台
埼玉県,北足立郡伊奈町,大字大針
埼玉県,北足立郡伊奈町,大字小室
埼玉県,北足立郡伊奈町,栄
埼玉県,北足立郡伊奈町,西小針
埼玉県,北足立郡伊奈町,本町
埼玉県,入間郡三芳町,大字北永井
埼玉県,入間郡三芳町,大字竹間沢
埼玉県,入間郡三芳町,大字藤久保
埼玉県,入間郡毛呂山町,大字旭台
埼玉県,入間郡毛呂山町,大字市場
埼玉県,入間郡毛呂山町,岩井西
埼玉県,入間郡毛呂山町,岩井東
埼玉県,入間郡毛呂山町,大字川角
埼玉県,入間郡毛呂山町,中央
埼玉県,入間郡毛呂山町,大字前久保
埼玉県,入間郡毛呂山町,前久保南
埼玉県,入間郡毛呂山町,南台
埼玉県,入間郡毛呂山町,目白台
埼玉県,入間郡毛呂山町,大字毛呂本郷
埼玉県,入間郡越生町,大字上野
埼玉県,入間郡越生町,大字越生
埼玉県,入間郡越生町,大字小杉
埼玉県,入間郡越生町,大字成瀬
埼玉県,入間郡越生町,大字如意
埼玉県,比企郡滑川町,大字月輪
埼玉県,比企郡滑川町,月の輪
埼玉県,比企郡滑川町,みなみ野
埼玉県,比企郡嵐山町,大字越畑
埼玉県,比企郡嵐山町,大字川島
埼玉県,比企郡嵐山町,大字菅谷
埼玉県,比企郡嵐山町,大字古里
埼玉県,比企郡小川町,大字小川
埼玉県,比企郡小川町,大字腰越
埼玉県,比企郡小川町,みどりが丘
埼玉県,比企郡川島町,大字出丸下郷
埼玉県,比企郡川島町,大字中山
埼玉県,比企郡川島町,八幡
埼玉県,比企郡川島町,大字谷中
埼玉県,比企郡吉見町,大字田甲
埼玉県,比企郡吉見町,大字前河内
埼玉県,比企郡鳩山町,大字泉井
埼玉県,比企郡鳩山町,大字大橋
埼玉県,比企郡鳩山町,大字小用
埼玉県,比企郡鳩山町,鳩ヶ丘
埼玉県,比企郡鳩山町,松ヶ丘
埼玉県,比企郡鳩山町,大字大豆戸
埼玉県,比企郡ときがわ町,大字瀬戸元下
埼玉県,比企郡ときがわ町,大字玉川
埼玉県,秩父郡横瀬町,大字横瀬
埼玉県,秩父郡皆野町,大字国神
埼玉県,秩父郡皆野町,大字下日野沢
埼玉県,秩父郡皆野町,大字三沢
埼玉県,秩父郡長瀞町,大字長瀞
埼玉県,秩父郡長瀞町,大字矢那瀬
埼玉県,秩父郡東秩父村,大字安戸
埼玉県,児玉郡美里町,大字駒衣
埼玉県,児玉郡美里町,大字沼上
埼玉県,児玉郡神川町,大字植竹
埼玉県,児玉郡神川町,大字新宿
埼玉県,児玉郡神川町,大字新里
埼玉県,児玉郡神川町,大字二ノ宮
埼玉県,児玉郡神川町,大字元阿保
埼玉県,児玉郡神川町,大字渡瀬
埼玉県,児玉郡上里町,大字七本木
埼玉県,児玉郡上里町,大字神保原町
埼玉県,児玉郡上里町,大字八町河原
埼玉県,大里郡寄居町,大字赤浜
埼玉県,大里郡寄居町,大字末野
埼玉県,大里郡寄居町,大字鷹巣
埼玉県,大里郡寄居町,大字富田
埼玉県,大里郡寄居町,大字西ノ入
埼玉県,大里郡寄居町,大字鉢形
埼玉県,大里郡寄居町,大字用土
埼玉県,大里郡寄居町,大字寄居
埼玉県,南埼玉郡宮代町,学園台
埼玉県,南埼玉郡宮代町,川端
埼玉県,南埼玉郡宮代町,大字須賀
埼玉県,南埼玉郡宮代町,字道佛
埼玉県,南埼玉郡宮代町,宮代台
埼玉県,南埼玉郡宮代町,大字和戸
埼玉県,北葛飾郡杉戸町,内田
埼玉県,北葛飾郡杉戸町,大字倉松
埼玉県,北葛飾郡杉戸町,大字下高野
埼玉県,北葛飾郡杉戸町,大字杉戸
埼玉県,北葛飾郡杉戸町,清地
埼玉県,北葛飾郡杉戸町,高野台西
埼玉県,北葛飾郡杉戸町,大字堤根
埼玉県,北葛飾郡杉戸町,大字屏風
埼玉県,北葛飾郡杉戸町,大字宮前
埼玉県,北葛飾郡杉戸町,大字鷲巣
埼玉県,北葛飾郡松伏町,大字魚沼
埼玉県,北葛飾郡松伏町,大字上赤岩
埼玉県,北葛飾郡松伏町,大字下赤岩
埼玉県,北葛飾郡松伏町,大字田島
埼玉県,北葛飾郡松伏町,田中
埼玉県,北葛飾郡松伏町,松葉
埼玉県,北葛飾郡松伏町,大字松伏
埼玉県,北葛飾郡松伏町,ゆめみ野
埼玉県,鶴ヶ島市,富士見
千葉県,千葉市中央区,赤井町
千葉県,千葉市中央区,稲荷町
千葉県,千葉市中央区,今井町
千葉県,千葉市中央区,生実町
千葉県,千葉市中央区,春日
千葉県,千葉市中央区,葛城
千葉県,千葉市中央区,要町
千葉県,千葉市中央区,川戸町
千葉県,千葉市中央区,栄町
千葉県,千葉市中央区,寒川町
千葉県,千葉市中央区,塩田町
千葉県,千葉市中央区,白旗
千葉県,千葉市中央区,新宿
千葉県,千葉市中央区,新田町
千葉県,千葉市中央区,新町
千葉県,千葉市中央区,蘇我
千葉県,千葉市中央区,千葉寺町
千葉県,千葉市中央区,千葉港
千葉県,千葉市中央区,中央
千葉県,千葉市中央区,椿森
千葉県,千葉市中央区,道場北
千葉県,千葉市中央区,問屋町
千葉県,千葉市中央区,長洲
千葉県,千葉市中央区,仁戸名町
千葉県,千葉市中央区,登戸
千葉県,千葉市中央区,花輪町
千葉県,千葉市中央区,浜野町
千葉県,千葉市中央区,富士見
千葉県,千葉市中央区,弁天
千葉県,千葉市中央区,星久喜町
千葉県,千葉市中央区,本町
千葉県,千葉市中央区,松波
千葉県,千葉市中央区,南生実町
千葉県,千葉市中央区,南町
千葉県,千葉市中央区,都町
千葉県,千葉市中央区,宮崎
千葉県,千葉市中央区,宮崎町
千葉県,千葉市中央区,村田町
千葉県,千葉市中央区,祐光
千葉県,千葉市花見川区,朝日ケ丘
千葉県,千葉市花見川区,天戸町
千葉県,千葉市花見川区,柏井
千葉県,千葉市花見川区,検見川町
千葉県,千葉市花見川区,作新台
千葉県,千葉市花見川区,さつきが丘
千葉県,千葉市花見川区,千種町
千葉県,千葉市花見川区,西小中台
千葉県,千葉市花見川区,畑町
千葉県,千葉市花見川区,花園
千葉県,千葉市花見川区,花園町
千葉県,千葉市花見川区,花見川
千葉県,千葉市花見川区,幕張町
千葉県,千葉市花見川区,幕張本郷
千葉県,千葉市花見川区,南花園
千葉県,千葉市花見川区,宮野木台
千葉県,千葉市花見川区,横戸町
千葉県,千葉市稲毛区,穴川
千葉県,千葉市稲毛区,稲毛台町
千葉県,千葉市稲毛区,稲毛町
千葉県,千葉市稲毛区,稲毛東
千葉県,千葉市稲毛区,黒砂
千葉県,千葉市稲毛区,黒砂台
千葉県,千葉市稲毛区,小仲台
千葉県,千葉市稲毛区,小中台町
千葉県,千葉市稲毛区,作草部
千葉県,千葉市稲毛区,作草部町
千葉県,千葉市稲毛区,園生町
千葉県,千葉市稲毛区,天台
千葉県,千葉市稲毛区,轟町
千葉県,千葉市稲毛区,長沼町
千葉県,千葉市稲毛区,長沼原町
千葉県,千葉市稲毛区,宮野木町
千葉県,千葉市若葉区,小倉台
千葉県,千葉市若葉区,小倉町
千葉県,千葉市若葉区,貝塚
千葉県,千葉市若葉区,桜木
千葉県,千葉市若葉区,高品町
千葉県,千葉市若葉区,千城台北
千葉県,千葉市若葉区,都賀
千葉県,千葉市若葉区,都賀の台
千葉県,千葉市若葉区,中野町
千葉県,千葉市若葉区,西都賀
千葉県,千葉市若葉区,東寺山町
千葉県,千葉市若葉区,みつわ台
千葉県,千葉市若葉区,若松台
千葉県,千葉市若葉区,若松町
千葉県,千葉市緑区,あすみが丘
千葉県,千葉市緑区,あすみが丘東
千葉県,千葉市緑区,大木戸町
千葉県,千葉市緑区,越智町
千葉県,千葉市緑区,小山町
千葉県,千葉市緑区,おゆみ野
千葉県,千葉市緑区,おゆみ野中央
千葉県,千葉市緑区,おゆみ野南
千葉県,千葉市緑区,鎌取町
千葉県,千葉市緑区,大膳野町
千葉県,千葉市緑区,高田町
千葉県,千葉市緑区,高津戸町
千葉県,千葉市緑区,土気町
千葉県,千葉市緑区,古市場町
千葉県,千葉市緑区,誉田町
千葉県,千葉市美浜区,磯辺
千葉県,千葉市美浜区,稲毛海岸
千葉県,千葉市美浜区,打瀬
千葉県,千葉市美浜区,幸町
千葉県,千葉市美浜区,新港
千葉県,千葉市美浜区,高洲
千葉県,千葉市美浜区,高浜
千葉県,千葉市美浜区,浜田
千葉県,千葉市美浜区,幕張西
千葉県,千葉市美浜区,真砂
千葉県,銚子市,豊里台
千葉県,銚子市,松岸町
千葉県,銚子市,明神町
千葉県,市川市,相之川
千葉県,市川市,新井
千葉県,市川市,市川
千葉県,市川市,市川南
千葉県,市川市,稲越町
千葉県,市川市,入船
千葉県,市川市,大洲
千葉県,市川市,大野町
千葉県,市川市,大町
千葉県,市川市,大和田
千葉県,市川市,鬼越
千葉県,市川市,鬼高
千葉県,市川市,欠真間
千葉県,市川市,柏井町
千葉県,市川市,河原
千葉県,市川市,香取
千葉県,市川市,北国分
千葉県,市川市,行徳駅前
千葉県,市川市,国分
千葉県,市川市,幸
千葉県,市川市,塩浜
千葉県,市川市,塩焼
千葉県,市川市,下貝塚
千葉県,市川市,新田
千葉県,市川市,末広
千葉県,市川市,菅野
千葉県,市川市,須和田
千葉県,市川市,関ケ島
千葉県,市川市,曽谷
千葉県,市川市,高石神
千葉県,市川市,宝
千葉県,市川市,田尻
千葉県,市川市,稲荷木
千葉県,市川市,富浜
千葉県,市川市,中国分
千葉県,市川市,原木
千葉県,市川市,東大和田
千葉県,市川市,東菅野
千葉県,市川市,日之出
千葉県,市川市,平田
千葉県,市川市,福栄
千葉県,市川市,北方町
千葉県,市川市,真間
千葉県,市川市,湊
千葉県,市川市,湊新田
千葉県,市川市,南大野
千葉県,市川市,南行徳
千葉県,市川市,南八幡
千葉県,市川市,宮久保
千葉県,市川市,妙典
千葉県,市川市,本北方
千葉県,市川市,八幡
千葉県,市川市,若宮
千葉県,船橋市,旭町
千葉県,船橋市,市場
千葉県,船橋市,印内
千葉県,船橋市,印内町
千葉県,船橋市,大穴南
千葉県,船橋市,大神保町
千葉県,船橋市,海神
千葉県,船橋市,海神町
千葉県,船橋市,海神町東
千葉県,船橋市,金杉
千葉県,船橋市,金杉台
千葉県,船橋市,上山町
千葉県,船橋市,北本町
千葉県,船橋市,行田
千葉県,船橋市,楠が山町
千葉県,船橋市,高野台
千葉県,船橋市,小室町
千葉県,船橋市,栄町
千葉県,船橋市,咲が丘
千葉県,船橋市,芝山
千葉県,船橋市,新高根
千葉県,船橋市,駿河台
千葉県,船橋市,高瀬町
千葉県,船橋市,高根台
千葉県,船橋市,高根町
千葉県,船橋市,滝台
千葉県,船橋市,田喜野井
千葉県,船橋市,坪井町
千葉県,船橋市,坪井西
千葉県,船橋市,豊富町
千葉県,船橋市,中野木
千葉県,船橋市,夏見
千葉県,船橋市,夏見台
千葉県,船橋市,習志野台
千葉県,船橋市,西習志野
千葉県,船橋市,西船
千葉県,船橋市,二宮
千葉県,船橋市,飯山満町
千葉県,船橋市,浜町
千葉県,船橋市,東中山
千葉県,船橋市,東船橋
千葉県,船橋市,藤原
千葉県,船橋市,二和西
千葉県,船橋市,二和東
千葉県,船橋市,本町
千葉県,船橋市,前貝塚町
千葉県,船橋市,前原西
千葉県,船橋市,前原東
千葉県,船橋市,馬込町
千葉県,船橋市,馬込西
千葉県,船橋市,松が丘
千葉県,船橋市,丸山
千葉県,船橋市,三咲
千葉県,船橋市,緑台
千葉県,船橋市,湊町
千葉県,船橋市,南本町
千葉県,船橋市,南三咲
千葉県,船橋市,三山
千葉県,船橋市,宮本
千葉県,船橋市,本中山
千葉県,船橋市,八木が谷
千葉県,船橋市,薬円台
千葉県,船橋市,山手
千葉県,船橋市,山野町
千葉県,館山市,安布里
千葉県,館山市,大賀
千葉県,館山市,神余
千葉県,館山市,上真倉
千葉県,館山市,香
千葉県,館山市,小原
千葉県,館山市,下真倉
千葉県,館山市,洲宮
千葉県,館山市,大神宮
千葉県,館山市,館山
千葉県,館山市,那古
千葉県,館山市,波左間
千葉県,館山市,船形
千葉県,館山市,北条
千葉県,館山市,正木
千葉県,館山市,湊
千葉県,館山市,宮城
千葉県,館山市,山本
千葉県,館山市,八幡
千葉県,木更津市,朝日
千葉県,木更津市,有吉
千葉県,木更津市,伊豆島
千葉県,木更津市,犬成
千葉県,木更津市,牛袋
千葉県,木更津市,瓜倉
千葉県,木更津市,江川
千葉県,木更津市,大久保
千葉県,木更津市,太田
千葉県,木更津市,貝渕
千葉県,木更津市,金田東
千葉県,木更津市,祇園
千葉県,木更津市,清川
千葉県,木更津市,清見台東
千葉県,木更津市,清見台南
千葉県,木更津市,下内橋
千葉県,木更津市,桜井
千葉県,木更津市,請西
千葉県,木更津市,請西東
千葉県,木更津市,請西南
千葉県,木更津市,高砂
千葉県,木更津市,高柳
千葉県,木更津市,十日市場
千葉県,木更津市,長須賀
千葉県,木更津市,畑沢
千葉県,木更津市,畑沢南
千葉県,木更津市,八幡台
千葉県,木更津市,東太田
千葉県,木更津市,富士見
千葉県,木更津市,ほたる野
千葉県,木更津市,本郷
千葉県,木更津市,真里谷
千葉県,木更津市,矢那
千葉県,松戸市,秋山
千葉県,松戸市,岩瀬
千葉県,松戸市,大谷口
千葉県,松戸市,金ケ作
千葉県,松戸市,紙敷
千葉県,松戸市,上本郷
千葉県,松戸市,上矢切
千葉県,松戸市,河原塚
千葉県,松戸市,北松戸
千葉県,松戸市,串崎新田
千葉県,松戸市,串崎南町
千葉県,松戸市,栗ケ沢
千葉県,松戸市,幸田
千葉県,松戸市,幸谷
千葉県,松戸市,古ケ崎
千葉県,松戸市,小金
千葉県,松戸市,小金きよしケ丘
千葉県,松戸市,小金清志町
千葉県,松戸市,小金原
千葉県,松戸市,五香
千葉県,松戸市,五香西
千葉県,松戸市,五香南
千葉県,松戸市,小山
千葉県,松戸市,胡録台
千葉県,松戸市,栄町
千葉県,松戸市,栄町西
千葉県,松戸市,下矢切
千葉県,松戸市,新作
千葉県,松戸市,新松戸
千葉県,松戸市,新松戸北
千葉県,松戸市,新松戸南
千葉県,松戸市,千駄堀
千葉県,松戸市,高塚新田
千葉県,松戸市,高柳新田
千葉県,松戸市,竹ケ花
千葉県,松戸市,常盤平
千葉県,松戸市,常盤平陣屋前
千葉県,松戸市,常盤平柳町
千葉県,松戸市,殿平賀
千葉県,松戸市,仲井町
千葉県,松戸市,中根
千葉県,松戸市,中和倉
千葉県,松戸市,西馬橋
千葉県,松戸市,西馬橋広手町
千葉県,松戸市,二十世紀が丘梨元町
千葉県,松戸市,二十世紀が丘萩町
千葉県,松戸市,根木内
千葉県,松戸市,根本
千葉県,松戸市,八ケ崎
千葉県,松戸市,東平賀
千葉県,松戸市,東松戸
千葉県,松戸市,日暮
千葉県,松戸市,平賀
千葉県,松戸市,二ツ木
千葉県,松戸市,二ツ木二葉町
千葉県,松戸市,牧の原
千葉県,松戸市,松戸
千葉県,松戸市,松戸新田
千葉県,松戸市,松飛台
千葉県,松戸市,馬橋
千葉県,松戸市,三ケ月
千葉県,松戸市,南花島
千葉県,松戸市,稔台
千葉県,松戸市,三矢小台
千葉県,松戸市,六実
千葉県,松戸市,六高台
千葉県,松戸市,和名ケ谷
千葉県,野田市,岩名
千葉県,野田市,大殿井
千葉県,野田市,親野井
千葉県,野田市,春日町
千葉県,野田市,上花輪
千葉県,野田市,木間ケ瀬
千葉県,野田市,光葉町
千葉県,野田市,五木新町
千葉県,野田市,古布内
千葉県,野田市,桜台
千葉県,野田市,清水
千葉県,野田市,清水公園東
千葉県,野田市,下三ケ尾
千葉県,野田市,堤根
千葉県,野田市,つつみ野
千葉県,野田市,中根
千葉県,野田市,中野台
千葉県,野田市,中野台鹿島町
千葉県,野田市,七光台
千葉県,野田市,次木
千葉県,野田市,野田
千葉県,野田市,花井
千葉県,野田市,二ツ塚
千葉県,野田市,三ツ堀
千葉県,野田市,宮崎
千葉県,野田市,柳沢
千葉県,野田市,山崎
千葉県,野田市,山崎梅の台
千葉県,茂原市,東郷
千葉県,成田市,囲護台
千葉県,成田市,ウイング土屋
千葉県,成田市,大袋
千葉県,成田市,加良部
千葉県,成田市,公津の杜
千葉県,成田市,三里塚
千葉県,成田市,新田
千葉県,成田市,宗吾
千葉県,成田市,玉造
千葉県,成田市,稲荷山
千葉県,成田市,中台
千葉県,成田市,並木町
千葉県,成田市,花崎町
千葉県,成田市,本城
千葉県,成田市,美郷台
千葉県,佐倉市,稲荷台
千葉県,佐倉市,井野
千葉県,佐倉市,臼井
千葉県,佐倉市,臼井田
千葉県,佐倉市,王子台
千葉県,佐倉市,大蛇町
千葉県,佐倉市,太田
千葉県,佐倉市,生谷
千葉県,佐倉市,表町
千葉県,佐倉市,鏑木町
千葉県,佐倉市,上志津
千葉県,佐倉市,小篠塚
千葉県,佐倉市,山王
千葉県,佐倉市,城
千葉県,佐倉市,上座
千葉県,佐倉市,千成
千葉県,佐倉市,染井野
千葉県,佐倉市,寺崎北
千葉県,佐倉市,中志津
千葉県,佐倉市,西志津
千葉県,佐倉市,西ユーカリが丘
千葉県,佐倉市,羽鳥
千葉県,佐倉市,春路
千葉県,佐倉市,南ユーカリが丘
千葉県,佐倉市,宮ノ台
千葉県,佐倉市,宮前
千葉県,佐倉市,弥勒町
千葉県,佐倉市,六崎
千葉県,佐倉市,山崎
千葉県,佐倉市,ユーカリが丘
千葉県,東金市,求名
千葉県,東金市,下武射田
千葉県,東金市,田間
千葉県,東金市,東金
千葉県,東金市,南上宿
千葉県,旭市,川口
千葉県,旭市,ニ
千葉県,旭市,ロ
千葉県,習志野市,茜浜
千葉県,習志野市,秋津
千葉県,習志野市,泉町
千葉県,習志野市,大久保
千葉県,習志野市,香澄
千葉県,習志野市,鷺沼
千葉県,習志野市,鷺沼台
千葉県,習志野市,袖ケ浦
千葉県,習志野市,津田沼
千葉県,習志野市,花咲
千葉県,習志野市,東習志野
千葉県,習志野市,藤崎
千葉県,習志野市,実籾
千葉県,習志野市,本大久保
千葉県,習志野市,屋敷
千葉県,習志野市,谷津
千葉県,柏市,青葉台
千葉県,柏市,あかね町
千葉県,柏市,明原
千葉県,柏市,あけぼの
千葉県,柏市,旭町
千葉県,柏市,東
千葉県,柏市,伊勢原
千葉県,柏市,今谷上町
千葉県,柏市,永楽台
千葉県,柏市,大青田
千葉県,柏市,大島田
千葉県,柏市,大津ケ丘
千葉県,柏市,大塚町
千葉県,柏市,大室
千葉県,柏市,柏
千葉県,柏市,柏の葉
千葉県,柏市,酒井根
千葉県,柏市,逆井
千葉県,柏市,桜台
千葉県,柏市,しいの木台
千葉県,柏市,篠籠田
千葉県,柏市,宿連寺
千葉県,柏市,新柏
千葉県,柏市,新逆井
千葉県,柏市,新富町
千葉県,柏市,高田
千葉県,柏市,千代田
千葉県,柏市,塚崎
千葉県,柏市,つくしが丘
千葉県,柏市,手賀の杜
千葉県,柏市,戸張
千葉県,柏市,富里
千葉県,柏市,豊上町
千葉県,柏市,豊四季
千葉県,柏市,十余二
千葉県,柏市,中新宿
千葉県,柏市,中原
千葉県,柏市,西柏台
千葉県,柏市,西原
千葉県,柏市,西山
千葉県,柏市,根戸
千葉県,柏市,花野井
千葉県,柏市,東山
千葉県,柏市,光ケ丘団地
千葉県,柏市,ひばりが丘
千葉県,柏市,藤ケ谷
千葉県,柏市,布施
千葉県,柏市,布施新町
千葉県,柏市,松葉町
千葉県,柏市,みどり台
千葉県,柏市,南逆井
千葉県,柏市,南増尾
千葉県,柏市,弥生町
千葉県,柏市,豊町
千葉県,柏市,吉野沢
千葉県,柏市,若柴
千葉県,市原市,青葉台
千葉県,市原市,青柳
千葉県,市原市,姉崎
千葉県,市原市,姉崎西
千葉県,市原市,天羽田
千葉県,市原市,石川
千葉県,市原市,泉台
千葉県,市原市,市原
千葉県,市原市,馬立
千葉県,市原市,潤井戸
千葉県,市原市,菊間
千葉県,市原市,君塚
千葉県,市原市,五井
千葉県,市原市,五井中央西
千葉県,市原市,五井西
千葉県,市原市,五井東
千葉県,市原市,高坂
千葉県,市原市,光風台
千葉県,市原市,郡本
千葉県,市原市,国分寺台中央
千葉県,市原市,五所
千葉県,市原市,桜台
千葉県,市原市,椎津
千葉県,市原市,島野
千葉県,市原市,白塚
千葉県,市原市,白金町
千葉県,市原市,瀬又
千葉県,市原市,惣社
千葉県,市原市,高滝
千葉県,市原市,辰巳台西
千葉県,市原市,辰巳台東
千葉県,市原市,立野
千葉県,市原市,田尾
千葉県,市原市,玉前西
千葉県,市原市,ちはら台西
千葉県,市原市,ちはら台東
千葉県,市原市,ちはら台南
千葉県,市原市,寺谷
千葉県,市原市,中
千葉県,市原市,西国分寺台
千葉県,市原市,東国分寺台
千葉県,市原市,古市場
千葉県,市原市,松ケ島
千葉県,市原市,万田野
千葉県,市原市,宮原
千葉県,市原市,山木
千葉県,市原市,山田
千葉県,市原市,山田橋
千葉県,市原市,八幡
千葉県,市原市,八幡石塚
千葉県,市原市,八幡海岸通
千葉県,市原市,八幡北町
千葉県,市原市,有秋台西
千葉県,市原市,若宮
千葉県,流山市,青田
千葉県,流山市,市野谷
千葉県,流山市,江戸川台西
千葉県,流山市,大字加
千葉県,流山市,加
千葉県,流山市,大字木
千葉県,流山市,駒木
千葉県,流山市,駒木台
千葉県,流山市,十太夫
千葉県,流山市,流山
千葉県,流山市,西初石
千葉県,流山市,大字西平井
千葉県,流山市,大字西深井
千葉県,流山市,東初石
千葉県,流山市,大字東深井
千葉県,流山市,大字平方
千葉県,流山市,大字鰭ケ崎
千葉県,流山市,前ケ崎
千葉県,流山市,松ケ丘
千葉県,流山市,南流山
千葉県,流山市,美原
千葉県,流山市,宮園
千葉県,流山市,三輪野山
千葉県,流山市,向小金
千葉県,八千代市,大和田
千葉県,八千代市,大和田新田
千葉県,八千代市,勝田
千葉県,八千代市,勝田台
千葉県,八千代市,勝田台北
千葉県,八千代市,勝田台南
千葉県,八千代市,神野
千葉県,八千代市,上高野
千葉県,八千代市,萱田
千葉県,八千代市,萱田町
千葉県,八千代市,島田台
千葉県,八千代市,下市場
千葉県,八千代市,高津
千葉県,八千代市,保品
千葉県,八千代市,緑が丘
千葉県,八千代市,村上
千葉県,八千代市,村上南
千葉県,八千代市,八千代台北
千葉県,八千代市,八千代台西
千葉県,八千代市,八千代台東
千葉県,八千代市,八千代台南
千葉県,八千代市,ゆりのき台
千葉県,八千代市,吉橋
千葉県,我孫子市,我孫子
千葉県,我孫子市,新木
千葉県,我孫子市,新木野
千葉県,我孫子市,泉
千葉県,我孫子市,江蔵地
千葉県,我孫子市,岡発戸
千葉県,我孫子市,上沼田
千葉県,我孫子市,久寺家
千葉県,我孫子市,高野山
千葉県,我孫子市,寿
千葉県,我孫子市,湖北台
千葉県,我孫子市,柴崎
千葉県,我孫子市,柴崎台
千葉県,我孫子市,台田
千葉県,我孫子市,つくし野
千葉県,我孫子市,天王台
千葉県,我孫子市,中里
千葉県,我孫子市,中里新田
千葉県,我孫子市,中峠
千葉県,我孫子市,中峠台
千葉県,我孫子市,並木
千葉県,我孫子市,根戸
千葉県,我孫子市,白山
千葉県,我孫子市,布佐
千葉県,我孫子市,布佐平和台
千葉県,我孫子市,船戸
千葉県,我孫子市,本町
千葉県,我孫子市,緑
千葉県,我孫子市,南青山
千葉県,我孫子市,南新木
千葉県,鎌ケ谷市,粟野
千葉県,鎌ケ谷市,鎌ケ谷
千葉県,鎌ケ谷市,軽井沢
千葉県,鎌ケ谷市,北中沢
千葉県,鎌ケ谷市,くぬぎ山
千葉県,鎌ケ谷市,新鎌ケ谷
千葉県,鎌ケ谷市,中央
千葉県,鎌ケ谷市,西佐津間
千葉県,鎌ケ谷市,西道野辺
千葉県,鎌ケ谷市,初富
千葉県,鎌ケ谷市,東鎌ケ谷
千葉県,鎌ケ谷市,東初富
千葉県,鎌ケ谷市,東道野辺
千葉県,鎌ケ谷市,丸山
千葉県,鎌ケ谷市,道野辺中央
千葉県,鎌ケ谷市,道野辺本町
千葉県,鎌ケ谷市,南鎌ケ谷
千葉県,鎌ケ谷市,南初富
千葉県,君津市,植畑
千葉県,君津市,北久保
千葉県,君津市,久留里市場
千葉県,君津市,久留里大谷
千葉県,君津市,郡
千葉県,君津市,笹
千葉県,君津市,貞元
千葉県,君津市,宿原
千葉県,君津市,外箕輪
千葉県,君津市,辻森
千葉県,君津市,富田
千葉県,君津市,中島
千葉県,君津市,中野
千葉県,君津市,人見
千葉県,君津市,福岡
千葉県,君津市,南久保
千葉県,浦安市,明海
千葉県,浦安市,入船
千葉県,浦安市,北栄
千葉県,浦安市,高洲
千葉県,浦安市,当代島
千葉県,浦安市,富岡
千葉県,浦安市,猫実
千葉県,浦安市,東野
千葉県,浦安市,日の出
千葉県,浦安市,富士見
千葉県,浦安市,弁天
千葉県,浦安市,堀江
千葉県,浦安市,舞浜
千葉県,浦安市,美浜
千葉県,四街道市,旭ケ丘
千葉県,四街道市,池花
千葉県,四街道市,内黒田
千葉県,四街道市,美しが丘
千葉県,四街道市,栗山
千葉県,四街道市,鹿渡
千葉県,四街道市,下志津新田
千葉県,四街道市,大日
千葉県,四街道市,中央
千葉県,四街道市,千代田
千葉県,四街道市,みそら
千葉県,四街道市,めいわ
千葉県,四街道市,物井
千葉県,四街道市,四街道
千葉県,四街道市,鹿放ケ丘
千葉県,四街道市,和良比
千葉県,袖ケ浦市,上泉
千葉県,袖ケ浦市,神納
千葉県,袖ケ浦市,久保田
千葉県,袖ケ浦市,蔵波
千葉県,袖ケ浦市,蔵波台
千葉県,袖ケ浦市,三箇
千葉県,袖ケ浦市,下泉
千葉県,袖ケ浦市,代宿
千葉県,袖ケ浦市,長浦駅前
千葉県,袖ケ浦市,奈良輪
千葉県,袖ケ浦市,野里
千葉県,八街市,沖
千葉県,八街市,文違
千葉県,八街市,みどり台
千葉県,八街市,八街
千葉県,印西市,岩戸
千葉県,印西市,大塚
千葉県,印西市,大森
千葉県,印西市,小倉台
千葉県,印西市,木下東
千葉県,印西市,木刈
千葉県,印西市,小林
千葉県,印西市,草深
千葉県,印西市,高花
千葉県,印西市,中央北
千葉県,印西市,つくりや台
千葉県,印西市,戸神台
千葉県,印西市,西の原
千葉県,印西市,原
千葉県,印西市,原山
千葉県,印西市,平賀
千葉県,印西市,発作
千葉県,印西市,牧の原
千葉県,印西市,武西学園台
千葉県,印西市,吉高
千葉県,白井市,大山口
千葉県,白井市,けやき台
千葉県,白井市,桜台
千葉県,白井市,笹塚
千葉県,白井市,神々廻
千葉県,白井市,清水口
千葉県,白井市,富塚
千葉県,白井市,根
千葉県,白井市,冨士
千葉県,白井市,堀込
千葉県,白井市,南山
千葉県,富里市,立沢
千葉県,富里市,七栄
千葉県,南房総市,市部
千葉県,南房総市,白浜町乙浜
千葉県,南房総市,和田町小川
千葉県,南房総市,和田町海発
千葉県,香取市,米野井
千葉県,香取市,府馬
千葉県,山武市,成東
千葉県,山武市,埴谷
千葉県,山武市,松尾町高富
千葉県,山武市,森
千葉県,いすみ市,大原
千葉県,いすみ市,須賀谷
千葉県,いすみ市,新田
千葉県,いすみ市,岬町井沢
千葉県,大網白里市,大網
千葉県,大網白里市,木崎
千葉県,大網白里市,北吉田
千葉県,大網白里市,細草
千葉県,大網白里市,南今泉
千葉県,大網白里市,柳橋
千葉県,印旛郡栄町,安食
千葉県,印旛郡栄町,安食台
千葉県,印旛郡栄町,押付
千葉県,印旛郡栄町,南ケ丘
千葉県,印旛郡栄町,矢口
千葉県,印旛郡栄町,矢口神明
千葉県,印旛郡栄町,竜角寺台
千葉県,香取郡神崎町,植房
千葉県,香取郡神崎町,大貫
千葉県,香取郡神崎町,四季の丘
千葉県,香取郡東庄町,窪野谷
千葉県,山武郡九十九里町,田中荒生
千葉県,山武郡横芝光町,尾垂
千葉県,山武郡横芝光町,横芝
千葉県,長生郡一宮町,一宮
千葉県,長生郡一宮町,船頭給
千葉県,長生郡長生村,入山津
千葉県,長生郡長生村,一松
千葉県,長生郡長生村,本郷
千葉県,長生郡白子町,牛込
千葉県,長生郡白子町,北日当
千葉県,長生郡白子町,五井
千葉県,長生郡白子町,関
千葉県,長生郡白子町,中里
千葉県,長生郡白子町,浜宿
千葉県,長生郡白子町,古所
千葉県,夷隅郡御宿町,御宿台
千葉県,勝浦市,墨名
千葉県,鴨川市,東
千葉県,匝瑳市,飯倉
千葉県,安房郡鋸南町,竜島
千葉県,印旛郡酒々井町,中央台
千葉県,富津市,青木
東京都,千代田区,飯田橋
東京都,千代田区,岩本町
東京都,千代田区,内神田
東京都,千代田区,鍛冶町
東京都,千代田区,神田淡路町
東京都,千代田区,神田小川町
東京都,千代田区,神田紺屋町
東京都,千代田区,神田佐久間町
東京都,千代田区,神田神保町
東京都,千代田区,神田須田町
東京都,千代田区,神田駿河台
東京都,千代田区,神田多町
東京都,千代田区,神田司町
東京都,千代田区,神田富山町
東京都,千代田区,神田錦町
東京都,千代田区,神田練塀町
東京都,千代田区,麹町
東京都,千代田区,猿楽町
東京都,千代田区,三番町
東京都,千代田区,外神田
東京都,千代田区,永田町
東京都,千代田区,二番町
東京都,千代田区,東神田
東京都,千代田区,平河町
東京都,千代田区,富士見
東京都,千代田区,三崎町
東京都,千代田区,四番町
東京都,中央区,入船
東京都,中央区,勝どき
東京都,中央区,銀座
東京都,中央区,新川
東京都,中央区,新富
東京都,中央区,築地
東京都,中央区,月島
東京都,中央区,佃
東京都,中央区,日本橋
東京都,中央区,日本橋大伝馬町
東京都,中央区,日本橋蛎殻町
東京都,中央区,日本橋兜町
東京都,中央区,日本橋茅場町
東京都,中央区,日本橋人形町
東京都,中央区,日本橋馬喰町
東京都,中央区,日本橋箱崎町
東京都,中央区,日本橋浜町
東京都,中央区,日本橋堀留町
東京都,中央区,日本橋本町
東京都,中央区,日本橋室町
東京都,中央区,日本橋横山町
東京都,中央区,八丁堀
東京都,中央区,晴海
東京都,中央区,東日本橋
東京都,中央区,湊
東京都,港区,赤坂
東京都,港区,麻布十番
東京都,港区,海岸
東京都,港区,北青山
東京都,港区,港南
東京都,港区,芝
東京都,港区,芝浦
東京都,港区,芝公園
東京都,港区,芝大門
東京都,港区,白金
東京都,港区,白金台
東京都,港区,新橋
東京都,港区,台場
東京都,港区,高輪
東京都,港区,虎ノ門
東京都,港区,西麻布
東京都,港区,浜松町
東京都,港区,東麻布
東京都,港区,三田
東京都,港区,南青山
東京都,港区,南麻布
東京都,港区,元赤坂
東京都,港区,元麻布
東京都,港区,六本木
東京都,新宿区,愛住町
東京都,新宿区,赤城下町
東京都,新宿区,荒木町
東京都,新宿区,市谷砂土原町
東京都,新宿区,市谷台町
東京都,新宿区,市谷仲之町
東京都,新宿区,市谷本村町
東京都,新宿区,市谷薬王寺町
東京都,新宿区,市谷柳町
東京都,新宿区,市谷山伏町
東京都,新宿区,岩戸町
東京都,新宿区,大久保
東京都,新宿区,改代町
東京都,新宿区,神楽坂
東京都,新宿区,歌舞伎町
東京都,新宿区,上落合
東京都,新宿区,喜久井町
東京都,新宿区,北新宿
東京都,新宿区,北山伏町
東京都,新宿区,三栄町
東京都,新宿区,下落合
東京都,新宿区,新小川町
東京都,新宿区,新宿
東京都,新宿区,大京町
東京都,新宿区,高田馬場
東京都,新宿区,築地町
東京都,新宿区,富久町
東京都,新宿区,戸山
東京都,新宿区,中井
東京都,新宿区,中落合
東京都,新宿区,西落合
東京都,新宿区,西五軒町
東京都,新宿区,西新宿
東京都,新宿区,二十騎町
東京都,新宿区,西早稲田
東京都,新宿区,払方町
東京都,新宿区,原町
東京都,新宿区,東五軒町
東京都,新宿区,百人町
東京都,新宿区,舟町
東京都,新宿区,弁天町
東京都,新宿区,南山伏町
東京都,新宿区,山吹町
東京都,新宿区,横寺町
東京都,新宿区,余丁町
東京都,新宿区,四谷
東京都,新宿区,四谷坂町
東京都,新宿区,若葉
東京都,新宿区,若松町
東京都,新宿区,早稲田鶴巻町
東京都,新宿区,早稲田町
東京都,新宿区,早稲田南町
東京都,文京区,大塚
東京都,文京区,音羽
東京都,文京区,春日
東京都,文京区,小石川
東京都,文京区,後楽
東京都,文京区,小日向
東京都,文京区,水道
東京都,文京区,関口
東京都,文京区,千石
東京都,文京区,千駄木
東京都,文京区,西片
東京都,文京区,根津
東京都,文京区,白山
東京都,文京区,本郷
東京都,文京区,本駒込
東京都,文京区,向丘
東京都,文京区,目白台
東京都,文京区,弥生
東京都,文京区,湯島
東京都,台東区,浅草
東京都,台東区,浅草橋
東京都,台東区,今戸
東京都,台東区,入谷
東京都,台東区,上野
東京都,台東区,北上野
東京都,台東区,清川
東京都,台東区,蔵前
東京都,台東区,小島
東京都,台東区,寿
東京都,台東区,駒形
東京都,台東区,下谷
東京都,台東区,千束
東京都,台東区,台東
東京都,台東区,西浅草
東京都,台東区,日本堤
東京都,台東区,根岸
東京都,台東区,橋場
東京都,台東区,花川戸
東京都,台東区,東浅草
東京都,台東区,東上野
東京都,台東区,松が谷
東京都,台東区,三筋
東京都,台東区,三ノ輪
東京都,台東区,元浅草
東京都,台東区,谷中
東京都,台東区,竜泉
東京都,墨田区,吾妻橋
東京都,墨田区,石原
東京都,墨田区,亀沢
東京都,墨田区,菊川
東京都,墨田区,京島
東京都,墨田区,錦糸
東京都,墨田区,江東橋
東京都,墨田区,墨田
東京都,墨田区,太平
東京都,墨田区,立花
東京都,墨田区,立川
東京都,墨田区,千歳
東京都,墨田区,堤通
東京都,墨田区,業平
東京都,墨田区,東駒形
東京都,墨田区,東墨田
東京都,墨田区,東向島
東京都,墨田区,文花
東京都,墨田区,本所
東京都,墨田区,緑
東京都,墨田区,向島
東京都,墨田区,八広
東京都,墨田区,横網
東京都,墨田区,横川
東京都,墨田区,両国
東京都,江東区,有明
東京都,江東区,石島
東京都,江東区,永代
東京都,江東区,枝川
東京都,江東区,越中島
東京都,江東区,扇橋
東京都,江東区,大島
東京都,江東区,亀戸
東京都,江東区,北砂
東京都,江東区,木場
東京都,江東区,清澄
東京都,江東区,佐賀
東京都,江東区,塩浜
東京都,江東区,潮見
東京都,江東区,東雲
東京都,江東区,新大橋
東京都,江東区,新木場
東京都,江東区,新砂
東京都,江東区,住吉
東京都,江東区,千石
東京都,江東区,高橋
東京都,江東区,東陽
東京都,江東区,豊洲
東京都,江東区,東砂
東京都,江東区,平野
東京都,江東区,深川
東京都,江東区,福住
東京都,江東区,冬木
東京都,江東区,古石場
東京都,江東区,牡丹
東京都,江東区,南砂
東京都,江東区,毛利
東京都,江東区,森下
東京都,江東区,門前仲町
東京都,品川区,荏原
東京都,品川区,大井
東京都,品川区,大崎
東京都,品川区,勝島
東京都,品川区,上大崎
東京都,品川区,北品川
東京都,品川区,小山
東京都,品川区,戸越
東京都,品川区,中延
東京都,品川区,西大井
東京都,品川区,西五反田
東京都,品川区,西品川
東京都,品川区,旗の台
東京都,品川区,東大井
東京都,品川区,東五反田
東京都,品川区,東品川
東京都,品川区,東中延
東京都,品川区,平塚
東京都,品川区,二葉
東京都,品川区,南大井
東京都,品川区,南品川
東京都,品川区,八潮
東京都,品川区,豊町
東京都,目黒区,青葉台
東京都,目黒区,大橋
東京都,目黒区,柿の木坂
東京都,目黒区,上目黒
東京都,目黒区,駒場
東京都,目黒区,下目黒
東京都,目黒区,自由が丘
東京都,目黒区,洗足
東京都,目黒区,平町
東京都,目黒区,鷹番
東京都,目黒区,中央町
東京都,目黒区,中町
東京都,目黒区,中根
東京都,目黒区,中目黒
東京都,目黒区,原町
東京都,目黒区,東が丘
東京都,目黒区,東山
東京都,目黒区,碑文谷
東京都,目黒区,三田
東京都,目黒区,緑が丘
東京都,目黒区,南
東京都,目黒区,目黒
東京都,目黒区,目黒本町
東京都,目黒区,八雲
東京都,目黒区,祐天寺
東京都,大田区,池上
東京都,大田区,石川町
東京都,大田区,鵜の木
東京都,大田区,大森北
東京都,大田区,大森中
東京都,大田区,大森西
東京都,大田区,大森東
東京都,大田区,大森本町
東京都,大田区,大森南
東京都,大田区,蒲田
東京都,大田区,蒲田本町
東京都,大田区,上池台
東京都,大田区,北糀谷
東京都,大田区,北千束
東京都,大田区,北馬込
東京都,大田区,北嶺町
東京都,大田区,久が原
東京都,大田区,京浜島
東京都,大田区,山王
東京都,大田区,下丸子
東京都,大田区,新蒲田
東京都,大田区,多摩川
東京都,大田区,千鳥
東京都,大田区,中央
東京都,大田区,田園調布
東京都,大田区,田園調布本町
東京都,大田区,田園調布南
東京都,大田区,仲池上
東京都,大田区,中馬込
東京都,大田区,仲六郷
東京都,大田区,西蒲田
東京都,大田区,西糀谷
東京都,大田区,西馬込
東京都,大田区,西六郷
東京都,大田区,萩中
東京都,大田区,羽田
東京都,大田区,東糀谷
東京都,大田区,東馬込
東京都,大田区,東矢口
東京都,大田区,東雪谷
東京都,大田区,東六郷
東京都,大田区,本羽田
東京都,大田区,南蒲田
東京都,大田区,南久が原
東京都,大田区,南千束
東京都,大田区,南馬込
東京都,大田区,南雪谷
東京都,大田区,南六郷
東京都,大田区,矢口
東京都,大田区,雪谷大塚町
東京都,世田谷区,赤堤
東京都,世田谷区,池尻
東京都,世田谷区,宇奈根
東京都,世田谷区,梅丘
東京都,世田谷区,大蔵
東京都,世田谷区,大原
東京都,世田谷区,岡本
東京都,世田谷区,奥沢
東京都,世田谷区,尾山台
東京都,世田谷区,粕谷
東京都,世田谷区,鎌田
東京都,世田谷区,上馬
東京都,世田谷区,上北沢
東京都,世田谷区,上祖師谷
東京都,世田谷区,上野毛
東京都,世田谷区,上用賀
東京都,世田谷区,北烏山
東京都,世田谷区,北沢
東京都,世田谷区,喜多見
東京都,世田谷区,砧
東京都,世田谷区,給田
東京都,世田谷区,経堂
東京都,世田谷区,駒沢
東京都,世田谷区,桜
東京都,世田谷区,桜丘
東京都,世田谷区,桜上水
東京都,世田谷区,桜新町
東京都,世田谷区,三軒茶屋
東京都,世田谷区,下馬
東京都,世田谷区,新町
東京都,世田谷区,成城
東京都,世田谷区,瀬田
東京都,世田谷区,世田谷
東京都,世田谷区,祖師谷
東京都,世田谷区,代沢
東京都,世田谷区,太子堂
東京都,世田谷区,代田
東京都,世田谷区,玉川
東京都,世田谷区,玉川台
東京都,世田谷区,玉堤
東京都,世田谷区,千歳台
東京都,世田谷区,弦巻
東京都,世田谷区,等々力
東京都,世田谷区,中町
東京都,世田谷区,野沢
東京都,世田谷区,八幡山
東京都,世田谷区,羽根木
東京都,世田谷区,東玉川
東京都,世田谷区,深沢
東京都,世田谷区,船橋
東京都,世田谷区,松原
東京都,世田谷区,三宿
東京都,世田谷区,南烏山
東京都,世田谷区,宮坂
東京都,世田谷区,用賀
東京都,世田谷区,若林
東京都,渋谷区,上原
東京都,渋谷区,鶯谷町
東京都,渋谷区,宇田川町
東京都,渋谷区,恵比寿
東京都,渋谷区,恵比寿西
東京都,渋谷区,恵比寿南
東京都,渋谷区,神山町
東京都,渋谷区,桜丘町
東京都,渋谷区,笹塚
東京都,渋谷区,渋谷
東京都,渋谷区,松濤
東京都,渋谷区,神宮前
東京都,渋谷区,神南
東京都,渋谷区,千駄ケ谷
東京都,渋谷区,代官山町
東京都,渋谷区,道玄坂
東京都,渋谷区,富ケ谷
東京都,渋谷区,南平台町
東京都,渋谷区,西原
東京都,渋谷区,幡ケ谷
東京都,渋谷区,初台
東京都,渋谷区,東
東京都,渋谷区,広尾
東京都,渋谷区,本町
東京都,渋谷区,円山町
東京都,渋谷区,代々木
東京都,中野区,新井
東京都,中野区,江古田
東京都,中野区,江原町
東京都,中野区,上鷺宮
東京都,中野区,上高田
東京都,中野区,鷺宮
東京都,中野区,白鷺
東京都,中野区,中央
東京都,中野区,中野
東京都,中野区,沼袋
東京都,中野区,野方
東京都,中野区,東中野
東京都,中野区,本町
東京都,中野区,松が丘
東京都,中野区,丸山
東京都,中野区,南台
東京都,中野区,大和町
東京都,中野区,弥生町
東京都,中野区,若宮
東京都,杉並区,阿佐谷北
東京都,杉並区,阿佐谷南
東京都,杉並区,天沼
東京都,杉並区,井草
東京都,杉並区,和泉
東京都,杉並区,今川
東京都,杉並区,梅里
東京都,杉並区,永福
東京都,杉並区,荻窪
東京都,杉並区,上井草
東京都,杉並区,上荻
東京都,杉並区,上高井戸
東京都,杉並区,久我山
東京都,杉並区,高円寺北
東京都,杉並区,高円寺南
東京都,杉並区,清水
東京都,杉並区,下井草
東京都,杉並区,下高井戸
東京都,杉並区,松庵
東京都,杉並区,善福寺
東京都,杉並区,高井戸西
東京都,杉並区,高井戸東
東京都,杉並区,成田西
東京都,杉並区,成田東
東京都,杉並区,西荻北
東京都,杉並区,西荻南
東京都,杉並区,浜田山
東京都,杉並区,方南
東京都,杉並区,堀ノ内
東京都,杉並区,本天沼
東京都,杉並区,松ノ木
東京都,杉並区,南荻窪
東京都,杉並区,宮前
東京都,杉並区,桃井
東京都,杉並区,和田
東京都,豊島区,池袋
東京都,豊島区,池袋本町
東京都,豊島区,要町
東京都,豊島区,上池袋
東京都,豊島区,北大塚
東京都,豊島区,駒込
東京都,豊島区,巣鴨
東京都,豊島区,千川
東京都,豊島区,雑司が谷
東京都,豊島区,高田
東京都,豊島区,高松
東京都,豊島区,千早
東京都,豊島区,長崎
東京都,豊島区,西池袋
東京都,豊島区,西巣鴨
東京都,豊島区,東池袋
東京都,豊島区,南池袋
東京都,豊島区,南大塚
東京都,豊島区,南長崎
東京都,豊島区,目白
東京都,北区,赤羽
東京都,北区,赤羽北
東京都,北区,赤羽台
東京都,北区,赤羽西
東京都,北区,赤羽南
東京都,北区,岩淵町
東京都,北区,浮間
東京都,北区,王子
東京都,北区,王子本町
東京都,北区,上十条
東京都,北区,上中里
東京都,北区,神谷
東京都,北区,岸町
東京都,北区,栄町
東京都,北区,志茂
東京都,北区,十条台
東京都,北区,十条仲原
東京都,北区,滝野川
東京都,北区,田端
東京都,北区,田端新町
東京都,北区,豊島
東京都,北区,中里
東京都,北区,中十条
東京都,北区,西が丘
東京都,北区,西ケ原
東京都,北区,東十条
東京都,北区,東田端
東京都,北区,堀船
東京都,荒川区,荒川
東京都,荒川区,西尾久
東京都,荒川区,西日暮里
東京都,荒川区,東尾久
東京都,荒川区,東日暮里
東京都,荒川区,町屋
東京都,荒川区,南千住
東京都,板橋区,赤塚
東京都,板橋区,赤塚新町
東京都,板橋区,小豆沢
東京都,板橋区,泉町
東京都,板橋区,板橋
東京都,板橋区,大原町
東京都,板橋区,大谷口
東京都,板橋区,大谷口北町
東京都,板橋区,大山金井町
東京都,板橋区,大山町
東京都,板橋区,大山西町
東京都,板橋区,大山東町
東京都,板橋区,加賀
東京都,板橋区,上板橋
東京都,板橋区,熊野町
東京都,板橋区,小茂根
東京都,板橋区,幸町
東京都,板橋区,栄町
東京都,板橋区,坂下
東京都,板橋区,桜川
東京都,板橋区,清水町
東京都,板橋区,志村
東京都,板橋区,大門
東京都,板橋区,高島平
東京都,板橋区,東新町
東京都,板橋区,常盤台
東京都,板橋区,徳丸
東京都,板橋区,中板橋
東京都,板橋区,仲宿
東京都,板橋区,中台
東京都,板橋区,仲町
東京都,板橋区,中丸町
東京都,板橋区,成増
東京都,板橋区,西台
東京都,板橋区,蓮沼町
東京都,板橋区,蓮根
東京都,板橋区,東坂下
東京都,板橋区,東山町
東京都,板橋区,氷川町
東京都,板橋区,富士見町
東京都,板橋区,双葉町
東京都,板橋区,舟渡
東京都,板橋区,本町
東京都,板橋区,前野町
東京都,板橋区,三園
東京都,板橋区,南町
東京都,板橋区,南常盤台
東京都,板橋区,宮本町
東京都,板橋区,大和町
東京都,板橋区,弥生町
東京都,板橋区,四葉
東京都,板橋区,若木
東京都,練馬区,旭丘
東京都,練馬区,旭町
東京都,練馬区,大泉学園町
東京都,練馬区,大泉町
東京都,練馬区,春日町
東京都,練馬区,上石神井
東京都,練馬区,上石神井南町
東京都,練馬区,北町
東京都,練馬区,向山
東京都,練馬区,栄町
東京都,練馬区,下石神井
東京都,練馬区,石神井台
東京都,練馬区,石神井町
東京都,練馬区,関町北
東京都,練馬区,関町南
東京都,練馬区,高野台
東京都,練馬区,高松
東京都,練馬区,田柄
東京都,練馬区,土支田
東京都,練馬区,豊玉上
東京都,練馬区,豊玉北
東京都,練馬区,豊玉中
東京都,練馬区,豊玉南
東京都,練馬区,中村
東京都,練馬区,中村北
東京都,練馬区,中村南
東京都,練馬区,西大泉
東京都,練馬区,錦
東京都,練馬区,貫井
東京都,練馬区,練馬
東京都,練馬区,早宮
東京都,練馬区,東大泉
東京都,練馬区,光が丘
東京都,練馬区,氷川台
東京都,練馬区,富士見台
東京都,練馬区,平和台
東京都,練馬区,南大泉
東京都,練馬区,南田中
東京都,練馬区,谷原
東京都,足立区,青井
東京都,足立区,足立
東京都,足立区,綾瀬
東京都,足立区,伊興
東京都,足立区,入谷
東京都,足立区,梅島
東京都,足立区,梅田
東京都,足立区,扇
東京都,足立区,大谷田
東京都,足立区,興野
東京都,足立区,小台
東京都,足立区,加賀
東京都,足立区,加平
東京都,足立区,北加平町
東京都,足立区,栗原
東京都,足立区,弘道
東京都,足立区,江北
東京都,足立区,古千谷本町
東京都,足立区,佐野
東京都,足立区,皿沼
東京都,足立区,鹿浜
東京都,足立区,島根
東京都,足立区,新田
東京都,足立区,神明
東京都,足立区,神明南
東京都,足立区,関原
東京都,足立区,千住
東京都,足立区,千住曙町
東京都,足立区,千住東
東京都,足立区,千住大川町
東京都,足立区,千住河原町
東京都,足立区,千住寿町
東京都,足立区,千住関屋町
東京都,足立区,千住仲町
東京都,足立区,千住橋戸町
東京都,足立区,千住宮元町
東京都,足立区,千住柳町
東京都,足立区,竹の塚
東京都,足立区,辰沼
東京都,足立区,中央本町
東京都,足立区,東和
東京都,足立区,舎人
東京都,足立区,中川
東京都,足立区,西綾瀬
東京都,足立区,西新井
東京都,足立区,西新井栄町
東京都,足立区,西新井本町
東京都,足立区,西伊興
東京都,足立区,花畑
東京都,足立区,東綾瀬
東京都,足立区,東保木間
東京都,足立区,一ツ家
東京都,足立区,平野
東京都,足立区,保木間
東京都,足立区,保塚町
東京都,足立区,南花畑
東京都,足立区,本木北町
東京都,足立区,谷在家
東京都,足立区,谷中
東京都,足立区,柳原
東京都,足立区,六月
東京都,葛飾区,青戸
東京都,葛飾区,奥戸
東京都,葛飾区,お花茶屋
東京都,葛飾区,金町
東京都,葛飾区,鎌倉
東京都,葛飾区,亀有
東京都,葛飾区,小菅
東京都,葛飾区,柴又
東京都,葛飾区,白鳥
東京都,葛飾区,新小岩
東京都,葛飾区,高砂
東京都,葛飾区,宝町
東京都,葛飾区,立石
東京都,葛飾区,新宿
東京都,葛飾区,西亀有
東京都,葛飾区,西新小岩
東京都,葛飾区,西水元
東京都,葛飾区,東金町
東京都,葛飾区,東新小岩
東京都,葛飾区,東立石
東京都,葛飾区,東堀切
東京都,葛飾区,東水元
東京都,葛飾区,東四つ木
東京都,葛飾区,細田
東京都,葛飾区,堀切
東京都,葛飾区,水元
東京都,葛飾区,南水元
東京都,葛飾区,四つ木
東京都,江戸川区,一之江
東京都,江戸川区,江戸川
東京都,江戸川区,大杉
東京都,江戸川区,興宮町
東京都,江戸川区,上一色
東京都,江戸川区,上篠崎
東京都,江戸川区,北小岩
東京都,江戸川区,北篠崎
東京都,江戸川区,小松川
東京都,江戸川区,鹿骨
東京都,江戸川区,篠崎町
東京都,江戸川区,中央
東京都,江戸川区,中葛西
東京都,江戸川区,西一之江
東京都,江戸川区,西葛西
東京都,江戸川区,西小岩
東京都,江戸川区,西小松川町
東京都,江戸川区,西篠崎
東京都,江戸川区,西瑞江
東京都,江戸川区,春江町
東京都,江戸川区,東葛西
東京都,江戸川区,東小岩
東京都,江戸川区,東小松川
東京都,江戸川区,東瑞江
東京都,江戸川区,平井
東京都,江戸川区,船堀
東京都,江戸川区,松江
東京都,江戸川区,松島
東京都,江戸川区,瑞江
東京都,江戸川区,南葛西
東京都,江戸川区,南小岩
東京都,江戸川区,南篠崎町
東京都,江戸川区,臨海町
東京都,八王子市,暁町
東京都,八王子市,石川町
東京都,八王子市,犬目町
東京都,八王子市,打越町
東京都,八王子市,宇津木町
東京都,八王子市,宇津貫町
東京都,八王子市,追分町
東京都,八王子市,大塚
東京都,八王子市,大和田町
東京都,八王子市,鹿島
東京都,八王子市,片倉町
東京都,八王子市,上川町
東京都,八王子市,上柚木
東京都,八王子市,川口町
東京都,八王子市,北野台
東京都,八王子市,北野町
東京都,八王子市,椚田町
東京都,八王子市,越野
東京都,八王子市,小比企町
東京都,八王子市,小宮町
東京都,八王子市,子安町
東京都,八王子市,散田町
東京都,八王子市,下恩方町
東京都,八王子市,下柚木
東京都,八王子市,諏訪町
東京都,八王子市,千人町
東京都,八王子市,台町
東京都,八王子市,大楽寺町
東京都,八王子市,館町
東京都,八王子市,寺町
東京都,八王子市,長沼町
東京都,八王子市,中野上町
東京都,八王子市,中野町
東京都,八王子市,長房町
東京都,八王子市,七国
東京都,八王子市,並木町
東京都,八王子市,西片倉
東京都,八王子市,西寺方町
東京都,八王子市,弐分方町
東京都,八王子市,狭間町
東京都,八王子市,八幡町
東京都,八王子市,東浅川町
東京都,八王子市,東中野
東京都,八王子市,日吉町
東京都,八王子市,別所
東京都,八王子市,堀之内
東京都,八王子市,本町
東京都,八王子市,松木
東京都,八王子市,三崎町
東京都,八王子市,みつい台
東京都,八王子市,緑町
東京都,八王子市,南大沢
東京都,八王子市,南町
東京都,八王子市,みなみ野
東京都,八王子市,宮下町
東京都,八王子市,美山町
東京都,八王子市,明神町
東京都,八王子市,めじろ台
東京都,八王子市,元本郷町
東京都,八王子市,元横山町
東京都,八王子市,八木町
東京都,八王子市,山田町
東京都,八王子市,鑓水
東京都,八王子市,横川町
東京都,八王子市,四谷町
東京都,八王子市,万町
東京都,立川市,曙町
東京都,立川市,一番町
東京都,立川市,柏町
東京都,立川市,上砂町
東京都,立川市,幸町
東京都,立川市,栄町
東京都,立川市,柴崎町
東京都,立川市,砂川町
東京都,立川市,高松町
東京都,立川市,錦町
東京都,立川市,西砂町
東京都,立川市,羽衣町
東京都,立川市,富士見町
東京都,立川市,若葉町
東京都,武蔵野市,吉祥寺北町
東京都,武蔵野市,吉祥寺本町
東京都,武蔵野市,吉祥寺南町
東京都,武蔵野市,境南町
東京都,武蔵野市,御殿山
東京都,武蔵野市,桜堤
東京都,武蔵野市,中町
東京都,武蔵野市,西久保
東京都,武蔵野市,緑町
東京都,三鷹市,井口
東京都,三鷹市,井の頭
東京都,三鷹市,大沢
東京都,三鷹市,上連雀
東京都,三鷹市,北野
東京都,三鷹市,下連雀
東京都,三鷹市,新川
東京都,三鷹市,深大寺
東京都,三鷹市,中原
東京都,三鷹市,野崎
東京都,三鷹市,牟礼
東京都,青梅市,天ヶ瀬町
東京都,青梅市,今井
東京都,青梅市,今寺
東京都,青梅市,裏宿町
東京都,青梅市,大柳町
東京都,青梅市,勝沼
東京都,青梅市,河辺町
東京都,青梅市,黒沢
東京都,青梅市,駒木町
東京都,青梅市,塩船
東京都,青梅市,新町
東京都,青梅市,末広町
東京都,青梅市,住江町
東京都,青梅市,大門
東京都,青梅市,滝ノ上町
東京都,青梅市,千ヶ瀬町
東京都,青梅市,友田町
東京都,青梅市,長淵
東京都,青梅市,根ヶ布
東京都,青梅市,東青梅
東京都,青梅市,吹上
東京都,青梅市,藤橋
東京都,青梅市,御岳
東京都,青梅市,師岡町
東京都,青梅市,谷野
東京都,青梅市,柚木町
東京都,府中市,朝日町
東京都,府中市,押立町
東京都,府中市,片町
東京都,府中市,北山町
東京都,府中市,寿町
東京都,府中市,小柳町
東京都,府中市,是政
東京都,府中市,清水が丘
東京都,府中市,白糸台
東京都,府中市,新町
東京都,府中市,住吉町
東京都,府中市,浅間町
東京都,府中市,天神町
東京都,府中市,西原町
東京都,府中市,西府町
東京都,府中市,日鋼町
東京都,府中市,日新町
東京都,府中市,八幡町
東京都,府中市,府中町
東京都,府中市,分梅町
東京都,府中市,本宿町
東京都,府中市,本町
東京都,府中市,緑町
東京都,府中市,南町
東京都,府中市,宮西町
東京都,府中市,宮町
東京都,府中市,美好町
東京都,府中市,武蔵台
東京都,府中市,紅葉丘
東京都,府中市,四谷
東京都,府中市,若松町
東京都,昭島市,朝日町
東京都,昭島市,東町
東京都,昭島市,大神町
東京都,昭島市,上川原町
東京都,昭島市,田中町
東京都,昭島市,玉川町
東京都,昭島市,つつじが丘
東京都,昭島市,中神町
東京都,昭島市,拝島町
東京都,昭島市,福島町
東京都,昭島市,松原町
東京都,昭島市,緑町
東京都,昭島市,美堀町
東京都,昭島市,宮沢町
東京都,昭島市,武蔵野
東京都,調布市,入間町
東京都,調布市,上石原
東京都,調布市,菊野台
東京都,調布市,国領町
東京都,調布市,小島町
東京都,調布市,佐須町
東京都,調布市,柴崎
東京都,調布市,深大寺北町
東京都,調布市,深大寺東町
東京都,調布市,深大寺南町
東京都,調布市,深大寺元町
東京都,調布市,染地
東京都,調布市,多摩川
東京都,調布市,調布ケ丘
東京都,調布市,飛田給
東京都,調布市,西つつじケ丘
東京都,調布市,東つつじケ丘
東京都,調布市,富士見町
東京都,調布市,布田
東京都,調布市,緑ケ丘
東京都,調布市,八雲台
東京都,調布市,若葉町
東京都,町田市,相原町
東京都,町田市,旭町
東京都,町田市,大蔵町
東京都,町田市,小川
東京都,町田市,小野路町
東京都,町田市,小山ヶ丘
東京都,町田市,小山町
東京都,町田市,金井
東京都,町田市,金井町
東京都,町田市,金森
東京都,町田市,金森東
東京都,町田市,上小山田町
東京都,町田市,木曽西
東京都,町田市,木曽東
東京都,町田市,真光寺
東京都,町田市,忠生
東京都,町田市,玉川学園
東京都,町田市,つくし野
東京都,町田市,鶴川
東京都,町田市,鶴間
東京都,町田市,常盤町
東京都,町田市,中町
東京都,町田市,成瀬
東京都,町田市,成瀬台
東京都,町田市,西成瀬
東京都,町田市,根岸
東京都,町田市,能ヶ谷
東京都,町田市,野津田町
東京都,町田市,原町田
東京都,町田市,東玉川学園
東京都,町田市,広袴
東京都,町田市,本町田
東京都,町田市,南大谷
東京都,町田市,南つくし野
東京都,町田市,南成瀬
東京都,町田市,三輪緑山
東京都,町田市,森野
東京都,町田市,薬師台
東京都,町田市,矢部町
東京都,町田市,山崎町
東京都,小金井市,梶野町
東京都,小金井市,中町
東京都,小金井市,貫井北町
東京都,小金井市,貫井南町
東京都,小金井市,東町
東京都,小金井市,本町
東京都,小金井市,前原町
東京都,小金井市,緑町
東京都,小平市,大沼町
東京都,小平市,小川町
東京都,小平市,小川西町
東京都,小平市,小川東町
東京都,小平市,学園西町
東京都,小平市,学園東町
東京都,小平市,喜平町
東京都,小平市,栄町
東京都,小平市,上水新町
東京都,小平市,上水本町
東京都,小平市,上水南町
東京都,小平市,鈴木町
東京都,小平市,津田町
東京都,小平市,天神町
東京都,小平市,花小金井
東京都,小平市,花小金井南町
東京都,小平市,美園町
東京都,小平市,回田町
東京都,日野市,旭が丘
東京都,日野市,大字新井
東京都,日野市,大坂上
東京都,日野市,大字上田
東京都,日野市,栄町
東京都,日野市,新町
東京都,日野市,神明
東京都,日野市,多摩平
東京都,日野市,豊田
東京都,日野市,西平山
東京都,日野市,東豊田
東京都,日野市,東平山
東京都,日野市,大字日野
東京都,日野市,日野台
東京都,日野市,日野本町
東京都,日野市,程久保
東京都,日野市,万願寺
東京都,日野市,三沢
東京都,日野市,南平
東京都,日野市,百草
東京都,東村山市,青葉町
東京都,東村山市,秋津町
東京都,東村山市,恩多町
東京都,東村山市,久米川町
東京都,東村山市,栄町
東京都,東村山市,諏訪町
東京都,東村山市,多摩湖町
東京都,東村山市,萩山町
東京都,東村山市,富士見町
東京都,東村山市,本町
東京都,東村山市,美住町
東京都,東村山市,廻田町
東京都,国分寺市,泉町
東京都,国分寺市,北町
東京都,国分寺市,新町
東京都,国分寺市,高木町
東京都,国分寺市,戸倉
東京都,国分寺市,内藤
東京都,国分寺市,並木町
東京都,国分寺市,西恋ケ窪
東京都,国分寺市,西町
東京都,国分寺市,西元町
東京都,国分寺市,東恋ケ窪
東京都,国分寺市,東戸倉
東京都,国分寺市,東元町
東京都,国分寺市,富士本
東京都,国分寺市,本多
東京都,国分寺市,本町
東京都,国分寺市,南町
東京都,国立市,青柳
東京都,国立市,北
東京都,国立市,中
東京都,国立市,西
東京都,国立市,東
東京都,国立市,富士見台
東京都,国立市,矢川
東京都,国立市,谷保
東京都,福生市,牛浜
東京都,福生市,加美平
東京都,福生市,大字熊川
東京都,福生市,志茂
東京都,福生市,大字福生
東京都,福生市,本町
東京都,福生市,武蔵野台
東京都,狛江市,和泉本町
東京都,狛江市,猪方
東京都,狛江市,岩戸北
東京都,狛江市,岩戸南
東京都,狛江市,中和泉
東京都,狛江市,西和泉
東京都,狛江市,西野川
東京都,狛江市,東和泉
東京都,狛江市,東野川
東京都,狛江市,元和泉
東京都,東大和市,芋窪
東京都,東大和市,上北台
東京都,東大和市,湖畔
東京都,東大和市,桜が丘
東京都,東大和市,狭山
東京都,東大和市,清水
東京都,東大和市,蔵敷
東京都,東大和市,高木
東京都,東大和市,立野
東京都,東大和市,仲原
東京都,東大和市,奈良橋
東京都,東大和市,南街
東京都,清瀬市,梅園
東京都,清瀬市,上清戸
東京都,清瀬市,下清戸
東京都,清瀬市,竹丘
東京都,清瀬市,中清戸
東京都,清瀬市,中里
東京都,清瀬市,野塩
東京都,清瀬市,松山
東京都,清瀬市,元町
東京都,東久留米市,学園町
東京都,東久留米市,小山
東京都,東久留米市,下里
東京都,東久留米市,神宝町
東京都,東久留米市,浅間町
東京都,東久留米市,大門町
東京都,東久留米市,滝山
東京都,東久留米市,中央町
東京都,東久留米市,八幡町
東京都,東久留米市,氷川台
東京都,東久留米市,前沢
東京都,東久留米市,南沢
東京都,東久留米市,柳窪
東京都,武蔵村山市,伊奈平
東京都,武蔵村山市,榎
東京都,武蔵村山市,大南
東京都,武蔵村山市,学園
東京都,武蔵村山市,岸
東京都,武蔵村山市,残堀
東京都,武蔵村山市,中央
東京都,武蔵村山市,中原
東京都,武蔵村山市,本町
東京都,武蔵村山市,三ツ藤
東京都,多摩市,愛宕
東京都,多摩市,一ノ宮
東京都,多摩市,落合
東京都,多摩市,貝取
東京都,多摩市,乞田
東京都,多摩市,桜ケ丘
東京都,多摩市,諏訪
東京都,多摩市,関戸
東京都,多摩市,鶴牧
東京都,多摩市,豊ケ丘
東京都,多摩市,永山
東京都,多摩市,東寺方
東京都,多摩市,和田
東京都,稲城市,大丸
東京都,稲城市,向陽台
東京都,稲城市,長峰
東京都,稲城市,東長沼
東京都,稲城市,平尾
東京都,稲城市,百村
東京都,稲城市,矢野口
東京都,稲城市,若葉台
東京都,羽村市,小作台
東京都,羽村市,川崎
東京都,羽村市,五ノ神
東京都,羽村市,栄町
東京都,羽村市,神明台
東京都,羽村市,玉川
東京都,羽村市,羽加美
東京都,羽村市,羽中
東京都,羽村市,羽西
東京都,羽村市,富士見平
東京都,羽村市,双葉町
東京都,羽村市,緑ヶ丘
東京都,あきる野市,秋留
東京都,あきる野市,油平
東京都,あきる野市,雨間
東京都,あきる野市,五日市
東京都,あきる野市,伊奈
東京都,あきる野市,牛沼
東京都,あきる野市,草花
東京都,あきる野市,下代継
東京都,あきる野市,菅生
東京都,あきる野市,二宮
東京都,あきる野市,引田
東京都,あきる野市,渕上
東京都,西東京市,泉町
東京都,西東京市,北原町
東京都,西東京市,北町
東京都,西東京市,栄町
東京都,西東京市,芝久保町
東京都,西東京市,下保谷
東京都,西東京市,新町
東京都,西東京市,住吉町
東京都,西東京市,田無町
東京都,西東京市,西原町
東京都,西東京市,東町
東京都,西東京市,ひばりが丘
東京都,西東京市,ひばりが丘北
東京都,西東京市,富士町
東京都,西東京市,保谷町
東京都,西東京市,緑町
東京都,西東京市,南町
東京都,西東京市,向台町
東京都,西東京市,柳沢
東京都,西東京市,谷戸町
東京都,西多摩郡瑞穂町,大字石畑
東京都,西多摩郡瑞穂町,大字殿ケ谷
東京都,西多摩郡瑞穂町,長岡
東京都,西多摩郡瑞穂町,大字長岡長谷部
東京都,西多摩郡瑞穂町,大字箱根ケ崎
東京都,西多摩郡瑞穂町,箱根ケ崎西松原
東京都,西多摩郡瑞穂町,大字富士山栗原新田
東京都,西多摩郡瑞穂町,南平
東京都,西多摩郡瑞穂町,大字武蔵
東京都,西多摩郡瑞穂町,むさし野
東京都,西多摩郡日の出町,大字大久野
東京都,西多摩郡日の出町,大字平井
東京都,西多摩郡奥多摩町,海澤
東京都,西多摩郡奥多摩町,川井
東京都,大島町,元町
東京都,三宅村,阿古
東京都,三宅村,神着
東京都,小笠原村,母島
神奈川県,横浜市鶴見区,市場上町
神奈川県,横浜市鶴見区,市場下町
神奈川県,横浜市鶴見区,市場大和町
神奈川県,横浜市鶴見区,江ケ崎町
神奈川県,横浜市鶴見区,梶山
神奈川県,横浜市鶴見区,上末吉
神奈川県,横浜市鶴見区,上の宮
神奈川県,横浜市鶴見区,寛政町
神奈川県,横浜市鶴見区,岸谷
神奈川県,横浜市鶴見区,北寺尾
神奈川県,横浜市鶴見区,駒岡
神奈川県,横浜市鶴見区,栄町通
神奈川県,横浜市鶴見区,獅子ケ谷
神奈川県,横浜市鶴見区,下野谷町
神奈川県,横浜市鶴見区,尻手
神奈川県,横浜市鶴見区,下末吉
神奈川県,横浜市鶴見区,諏訪坂
神奈川県,横浜市鶴見区,佃野町
神奈川県,横浜市鶴見区,鶴見
神奈川県,横浜市鶴見区,鶴見中央
神奈川県,横浜市鶴見区,寺谷
神奈川県,横浜市鶴見区,豊岡町
神奈川県,横浜市鶴見区,仲通
神奈川県,横浜市鶴見区,生麦
神奈川県,横浜市鶴見区,馬場
神奈川県,横浜市鶴見区,東寺尾
神奈川県,横浜市鶴見区,東寺尾中台
神奈川県,横浜市鶴見区,東寺尾東台
神奈川県,横浜市鶴見区,平安町
神奈川県,横浜市鶴見区,向井町
神奈川県,横浜市鶴見区,元宮
神奈川県,横浜市鶴見区,矢向
神奈川県,横浜市神奈川区,青木町
神奈川県,横浜市神奈川区,旭ケ丘
神奈川県,横浜市神奈川区,泉町
神奈川県,横浜市神奈川区,入江
神奈川県,横浜市神奈川区,浦島町
神奈川県,横浜市神奈川区,大口通
神奈川県,横浜市神奈川区,大口仲町
神奈川県,横浜市神奈川区,大野町
神奈川県,横浜市神奈川区,片倉
神奈川県,横浜市神奈川区,神奈川
神奈川県,横浜市神奈川区,神之木台
神奈川県,横浜市神奈川区,神大寺
神奈川県,横浜市神奈川区,金港町
神奈川県,横浜市神奈川区,栗田谷
神奈川県,横浜市神奈川区,子安台
神奈川県,横浜市神奈川区,子安通
神奈川県,横浜市神奈川区,栄町
神奈川県,横浜市神奈川区,三枚町
神奈川県,横浜市神奈川区,白幡仲町
神奈川県,横浜市神奈川区,白幡西町
神奈川県,横浜市神奈川区,白幡東町
神奈川県,横浜市神奈川区,白幡南町
神奈川県,横浜市神奈川区,白幡向町
神奈川県,横浜市神奈川区,新浦島町
神奈川県,横浜市神奈川区,新子安
神奈川県,横浜市神奈川区,新町
神奈川県,横浜市神奈川区,菅田町
神奈川県,横浜市神奈川区,台町
神奈川県,横浜市神奈川区,高島台
神奈川県,横浜市神奈川区,反町
神奈川県,横浜市神奈川区,鶴屋町
神奈川県,横浜市神奈川区,中丸
神奈川県,横浜市神奈川区,七島町
神奈川県,横浜市神奈川区,西大口
神奈川県,横浜市神奈川区,西神奈川
神奈川県,横浜市神奈川区,西寺尾
神奈川県,横浜市神奈川区,白楽
神奈川県,横浜市神奈川区,羽沢町
神奈川県,横浜市神奈川区,羽沢南
神奈川県,横浜市神奈川区,東神奈川
神奈川県,横浜市神奈川区,平川町
神奈川県,横浜市神奈川区,松見町
神奈川県,横浜市神奈川区,三ツ沢下町
神奈川県,横浜市神奈川区,三ツ沢中町
神奈川県,横浜市神奈川区,三ツ沢南町
神奈川県,横浜市神奈川区,六角橋
神奈川県,横浜市西区,伊勢町
神奈川県,横浜市西区,霞ケ丘
神奈川県,横浜市西区,北軽井沢
神奈川県,横浜市西区,北幸
神奈川県,横浜市西区,楠町
神奈川県,横浜市西区,御所山町
神奈川県,横浜市西区,境之谷
神奈川県,横浜市西区,桜木町
神奈川県,横浜市西区,浅間台
神奈川県,横浜市西区,浅間町
神奈川県,横浜市西区,高島
神奈川県,横浜市西区,中央
神奈川県,横浜市西区,戸部町
神奈川県,横浜市西区,戸部本町
神奈川県,横浜市西区,西戸部町
神奈川県,横浜市西区,西平沼町
神奈川県,横浜市西区,花咲町
神奈川県,横浜市西区,東久保町
神奈川県,横浜市西区,平沼
神奈川県,横浜市西区,藤棚町
神奈川県,横浜市西区,みなとみらい
神奈川県,横浜市西区,宮ケ谷
神奈川県,横浜市中区,曙町
神奈川県,横浜市中区,池袋
神奈川県,横浜市中区,石川町
神奈川県,横浜市中区,伊勢佐木町
神奈川県,横浜市中区,太田町
神奈川県,横浜市中区,柏葉
神奈川県,横浜市中区,北方町
神奈川県,横浜市中区,末吉町
神奈川県,横浜市中区,住吉町
神奈川県,横浜市中区,長者町
神奈川県,横浜市中区,常盤町
神奈川県,横浜市中区,豊浦町
神奈川県,横浜市中区,根岸旭台
神奈川県,横浜市中区,根岸町
神奈川県,横浜市中区,野毛町
神奈川県,横浜市中区,初音町
神奈川県,横浜市中区,花咲町
神奈川県,横浜市中区,万代町
神奈川県,横浜市中区,日ノ出町
神奈川県,横浜市中区,富士見町
神奈川県,横浜市中区,不老町
神奈川県,横浜市中区,弁天通
神奈川県,横浜市中区,本郷町
神奈川県,横浜市中区,本牧大里町
神奈川県,横浜市中区,本牧三之谷
神奈川県,横浜市中区,本牧十二天
神奈川県,横浜市中区,本牧町
神奈川県,横浜市中区,本牧間門
神奈川県,横浜市中区,本牧満坂
神奈川県,横浜市中区,本牧緑ケ丘
神奈川県,横浜市中区,本牧元町
神奈川県,横浜市中区,豆口台
神奈川県,横浜市中区,港町
神奈川県,横浜市中区,南仲通
神奈川県,横浜市中区,麦田町
神奈川県,横浜市中区,元浜町
神奈川県,横浜市中区,元町
神奈川県,横浜市中区,山下町
神奈川県,横浜市中区,山田町
神奈川県,横浜市中区,山手町
神奈川県,横浜市中区,山吹町
神奈川県,横浜市中区,山元町
神奈川県,横浜市中区,弥生町
神奈川県,横浜市中区,吉田町
神奈川県,横浜市中区,吉浜町
神奈川県,横浜市中区,若葉町
神奈川県,横浜市南区,井土ケ谷上町
神奈川県,横浜市南区,井土ケ谷下町
神奈川県,横浜市南区,井土ケ谷中町
神奈川県,横浜市南区,永楽町
神奈川県,横浜市南区,大岡
神奈川県,横浜市南区,大橋町
神奈川県,横浜市南区,庚台
神奈川県,横浜市南区,唐沢
神奈川県,横浜市南区,共進町
神奈川県,横浜市南区,弘明寺町
神奈川県,横浜市南区,山王町
神奈川県,横浜市南区,宿町
神奈川県,横浜市南区,白妙町
神奈川県,横浜市南区,新川町
神奈川県,横浜市南区,高砂町
神奈川県,横浜市南区,高根町
神奈川県,横浜市南区,中里
神奈川県,横浜市南区,永田北
神奈川県,横浜市南区,永田山王台
神奈川県,横浜市南区,永田東
神奈川県,横浜市南区,永田南
神奈川県,横浜市南区,永田みなみ台
神奈川県,横浜市南区,中村町
神奈川県,横浜市南区,日枝町
神奈川県,横浜市南区,二葉町
神奈川県,横浜市南区,平楽
神奈川県,横浜市南区,別所
神奈川県,横浜市南区,別所中里台
神奈川県,横浜市南区,前里町
神奈川県,横浜市南区,真金町
神奈川県,横浜市南区,万世町
神奈川県,横浜市南区,南太田
神奈川県,横浜市南区,三春台
神奈川県,横浜市南区,宮元町
神奈川県,横浜市南区,六ツ川
神奈川県,横浜市南区,睦町
神奈川県,横浜市南区,吉野町
神奈川県,横浜市南区,若宮町
神奈川県,横浜市保土ケ谷区,新井町
神奈川県,横浜市保土ケ谷区,今井町
神奈川県,横浜市保土ケ谷区,岩井町
神奈川県,横浜市保土ケ谷区,岩崎町
神奈川県,横浜市保土ケ谷区,帷子町
神奈川県,横浜市保土ケ谷区,鎌谷町
神奈川県,横浜市保土ケ谷区,上菅田町
神奈川県,横浜市保土ケ谷区,上星川
神奈川県,横浜市保土ケ谷区,狩場町
神奈川県,横浜市保土ケ谷区,川島町
神奈川県,横浜市保土ケ谷区,川辺町
神奈川県,横浜市保土ケ谷区,権太坂
神奈川県,横浜市保土ケ谷区,境木町
神奈川県,横浜市保土ケ谷区,坂本町
神奈川県,横浜市保土ケ谷区,桜ケ丘
神奈川県,横浜市保土ケ谷区,新桜ケ丘
神奈川県,横浜市保土ケ谷区,瀬戸ケ谷町
神奈川県,横浜市保土ケ谷区,天王町
神奈川県,横浜市保土ケ谷区,常盤台
神奈川県,横浜市保土ケ谷区,西久保町
神奈川県,横浜市保土ケ谷区,西谷町
神奈川県,横浜市保土ケ谷区,初音ケ丘
神奈川県,横浜市保土ケ谷区,東川島町
神奈川県,横浜市保土ケ谷区,仏向町
神奈川県,横浜市保土ケ谷区,仏向西
神奈川県,横浜市保土ケ谷区,法泉
神奈川県,横浜市保土ケ谷区,星川
神奈川県,横浜市保土ケ谷区,保土ケ谷町
神奈川県,横浜市保土ケ谷区,峰岡町
神奈川県,横浜市保土ケ谷区,峰沢町
神奈川県,横浜市保土ケ谷区,和田
神奈川県,横浜市磯子区,磯子
神奈川県,横浜市磯子区,磯子台
神奈川県,横浜市磯子区,岡村
神奈川県,横浜市磯子区,上中里町
神奈川県,横浜市磯子区,栗木
神奈川県,横浜市磯子区,坂下町
神奈川県,横浜市磯子区,杉田
神奈川県,横浜市磯子区,杉田坪呑
神奈川県,横浜市磯子区,滝頭
神奈川県,横浜市磯子区,田中
神奈川県,横浜市磯子区,中原
神奈川県,横浜市磯子区,原町
神奈川県,横浜市磯子区,東町
神奈川県,横浜市磯子区,久木町
神奈川県,横浜市磯子区,氷取沢町
神奈川県,横浜市磯子区,丸山
神奈川県,横浜市磯子区,森
神奈川県,横浜市磯子区,洋光台
神奈川県,横浜市金沢区,大川
神奈川県,横浜市金沢区,釜利谷西
神奈川県,横浜市金沢区,釜利谷東
神奈川県,横浜市金沢区,釜利谷南
神奈川県,横浜市金沢区,柴町
神奈川県,横浜市金沢区,大道
神奈川県,横浜市金沢区,高舟台
神奈川県,横浜市金沢区,泥亀
神奈川県,横浜市金沢区,富岡西
神奈川県,横浜市金沢区,富岡東
神奈川県,横浜市金沢区,鳥浜町
神奈川県,横浜市金沢区,長浜
神奈川県,横浜市金沢区,並木
神奈川県,横浜市金沢区,西柴
神奈川県,横浜市金沢区,能見台
神奈川県,横浜市金沢区,能見台東
神奈川県,横浜市金沢区,野島町
神奈川県,横浜市金沢区,東朝比奈
神奈川県,横浜市金沢区,平潟町
神奈川県,横浜市金沢区,堀口
神奈川県,横浜市金沢区,町屋町
神奈川県,横浜市金沢区,六浦
神奈川県,横浜市金沢区,六浦南
神奈川県,横浜市金沢区,谷津町
神奈川県,横浜市港北区,大倉山
神奈川県,横浜市港北区,大曽根
神奈川県,横浜市港北区,大曽根台
神奈川県,横浜市港北区,菊名
神奈川県,横浜市港北区,岸根町
神奈川県,横浜市港北区,北新横浜
神奈川県,横浜市港北区,小机町
神奈川県,横浜市港北区,篠原北
神奈川県,横浜市港北区,篠原台町
神奈川県,横浜市港北区,篠原町
神奈川県,横浜市港北区,篠原西町
神奈川県,横浜市港北区,篠原東
神奈川県,横浜市港北区,下田町
神奈川県,横浜市港北区,新横浜
神奈川県,横浜市港北区,新吉田町
神奈川県,横浜市港北区,新吉田東
神奈川県,横浜市港北区,高田西
神奈川県,横浜市港北区,高田東
神奈川県,横浜市港北区,樽町
神奈川県,横浜市港北区,綱島上町
神奈川県,横浜市港北区,綱島西
神奈川県,横浜市港北区,綱島東
神奈川県,横浜市港北区,鳥山町
神奈川県,横浜市港北区,仲手原
神奈川県,横浜市港北区,新羽町
神奈川県,横浜市港北区,日吉
神奈川県,横浜市港北区,日吉本町
神奈川県,横浜市港北区,富士塚
神奈川県,横浜市港北区,大豆戸町
神奈川県,横浜市港北区,箕輪町
神奈川県,横浜市港北区,師岡町
神奈川県,横浜市戸塚区,秋葉町
神奈川県,横浜市戸塚区,影取町
神奈川県,横浜市戸塚区,柏尾町
神奈川県,横浜市戸塚区,上柏尾町
神奈川県,横浜市戸塚区,上倉田町
神奈川県,横浜市戸塚区,上矢部町
神奈川県,横浜市戸塚区,汲沢
神奈川県,横浜市戸塚区,汲沢町
神奈川県,横浜市戸塚区,小雀町
神奈川県,横浜市戸塚区,品濃町
神奈川県,横浜市戸塚区,下倉田町
神奈川県,横浜市戸塚区,戸塚町
神奈川県,横浜市戸塚区,鳥が丘
神奈川県,横浜市戸塚区,名瀬町
神奈川県,横浜市戸塚区,原宿
神奈川県,横浜市戸塚区,東俣野町
神奈川県,横浜市戸塚区,平戸
神奈川県,横浜市戸塚区,平戸町
神奈川県,横浜市戸塚区,深谷町
神奈川県,横浜市戸塚区,舞岡町
神奈川県,横浜市戸塚区,前田町
神奈川県,横浜市戸塚区,俣野町
神奈川県,横浜市戸塚区,南舞岡
神奈川県,横浜市戸塚区,矢部町
神奈川県,横浜市戸塚区,吉田町
神奈川県,横浜市港南区,大久保
神奈川県,横浜市港南区,上大岡東
神奈川県,横浜市港南区,上永谷
神奈川県,横浜市港南区,港南
神奈川県,横浜市港南区,港南台
神奈川県,横浜市港南区,港南中央通
神奈川県,横浜市港南区,最戸
神奈川県,横浜市港南区,笹下
神奈川県,横浜市港南区,下永谷
神奈川県,横浜市港南区,芹が谷
神奈川県,横浜市港南区,野庭町
神奈川県,横浜市港南区,東永谷
神奈川県,横浜市港南区,日限山
神奈川県,横浜市港南区,日野
神奈川県,横浜市港南区,日野中央
神奈川県,横浜市港南区,日野南
神奈川県,横浜市港南区,丸山台
神奈川県,横浜市旭区,市沢町
神奈川県,横浜市旭区,今宿
神奈川県,横浜市旭区,今宿西町
神奈川県,横浜市旭区,今宿東町
神奈川県,横浜市旭区,今宿南町
神奈川県,横浜市旭区,柏町
神奈川県,横浜市旭区,金が谷
神奈川県,横浜市旭区,上川井町
神奈川県,横浜市旭区,上白根
神奈川県,横浜市旭区,川井本町
神奈川県,横浜市旭区,川島町
神奈川県,横浜市旭区,左近山
神奈川県,横浜市旭区,笹野台
神奈川県,横浜市旭区,さちが丘
神奈川県,横浜市旭区,三反田町
神奈川県,横浜市旭区,四季美台
神奈川県,横浜市旭区,白根
神奈川県,横浜市旭区,善部町
神奈川県,横浜市旭区,都岡町
神奈川県,横浜市旭区,鶴ケ峰
神奈川県,横浜市旭区,鶴ケ峰本町
神奈川県,横浜市旭区,中希望が丘
神奈川県,横浜市旭区,中沢
神奈川県,横浜市旭区,中白根
神奈川県,横浜市旭区,東希望が丘
神奈川県,横浜市旭区,二俣川
神奈川県,横浜市旭区,本宿町
神奈川県,横浜市旭区,本村町
神奈川県,横浜市旭区,万騎が原
神奈川県,横浜市旭区,南希望が丘
神奈川県,横浜市旭区,若葉台
神奈川県,横浜市緑区,青砥町
神奈川県,横浜市緑区,いぶき野
神奈川県,横浜市緑区,上山
神奈川県,横浜市緑区,鴨居
神奈川県,横浜市緑区,鴨居町
神奈川県,横浜市緑区,北八朔町
神奈川県,横浜市緑区,霧が丘
神奈川県,横浜市緑区,竹山
神奈川県,横浜市緑区,寺山町
神奈川県,横浜市緑区,十日市場町
神奈川県,横浜市緑区,長津田
神奈川県,横浜市緑区,長津田町
神奈川県,横浜市緑区,長津田みなみ台
神奈川県,横浜市緑区,中山町
神奈川県,横浜市緑区,新治町
神奈川県,横浜市緑区,西八朔町
神奈川県,横浜市緑区,白山
神奈川県,横浜市緑区,東本郷
神奈川県,横浜市緑区,三保町
神奈川県,横浜市緑区,森の台
神奈川県,横浜市瀬谷区,相沢
神奈川県,横浜市瀬谷区,阿久和西
神奈川県,横浜市瀬谷区,阿久和東
神奈川県,横浜市瀬谷区,阿久和南
神奈川県,横浜市瀬谷区,東野
神奈川県,横浜市瀬谷区,上瀬谷町
神奈川県,横浜市瀬谷区,北新
神奈川県,横浜市瀬谷区,五貫目町
神奈川県,横浜市瀬谷区,下瀬谷
神奈川県,横浜市瀬谷区,瀬谷
神奈川県,横浜市瀬谷区,中央
神奈川県,横浜市瀬谷区,中屋敷
神奈川県,横浜市瀬谷区,橋戸
神奈川県,横浜市瀬谷区,二ツ橋町
神奈川県,横浜市瀬谷区,本郷
神奈川県,横浜市瀬谷区,三ツ境
神奈川県,横浜市瀬谷区,南瀬谷
神奈川県,横浜市瀬谷区,宮沢
神奈川県,横浜市栄区,飯島町
神奈川県,横浜市栄区,犬山町
神奈川県,横浜市栄区,笠間
神奈川県,横浜市栄区,鍛冶ケ谷
神奈川県,横浜市栄区,鍛冶ケ谷町
神奈川県,横浜市栄区,桂台北
神奈川県,横浜市栄区,桂台西
神奈川県,横浜市栄区,桂町
神奈川県,横浜市栄区,上郷町
神奈川県,横浜市栄区,亀井町
神奈川県,横浜市栄区,公田町
神奈川県,横浜市栄区,小菅ケ谷
神奈川県,横浜市栄区,小山台
神奈川県,横浜市栄区,田谷町
神奈川県,横浜市栄区,長沼町
神奈川県,横浜市栄区,中野町
神奈川県,横浜市栄区,本郷台
神奈川県,横浜市栄区,若竹町
神奈川県,横浜市泉区,和泉中央南
神奈川県,横浜市泉区,和泉町
神奈川県,横浜市泉区,岡津町
神奈川県,横浜市泉区,上飯田町
神奈川県,横浜市泉区,下和泉
神奈川県,横浜市泉区,白百合
神奈川県,横浜市泉区,新橋町
神奈川県,横浜市泉区,中田北
神奈川県,横浜市泉区,中田東
神奈川県,横浜市泉区,中田南
神奈川県,横浜市泉区,弥生台
神奈川県,横浜市泉区,緑園
神奈川県,横浜市青葉区,青葉台
神奈川県,横浜市青葉区,あざみ野
神奈川県,横浜市青葉区,市ケ尾町
神奈川県,横浜市青葉区,美しが丘
神奈川県,横浜市青葉区,美しが丘西
神奈川県,横浜市青葉区,梅が丘
神奈川県,横浜市青葉区,荏子田
神奈川県,横浜市青葉区,荏田北
神奈川県,横浜市青葉区,荏田町
神奈川県,横浜市青葉区,荏田西
神奈川県,横浜市青葉区,大場町
神奈川県,横浜市青葉区,柿の木台
神奈川県,横浜市青葉区,桂台
神奈川県,横浜市青葉区,上谷本町
神奈川県,横浜市青葉区,鴨志田町
神奈川県,横浜市青葉区,桜台
神奈川県,横浜市青葉区,さつきが丘
神奈川県,横浜市青葉区,しらとり台
神奈川県,横浜市青葉区,新石川
神奈川県,横浜市青葉区,すすき野
神奈川県,横浜市青葉区,すみよし台
神奈川県,横浜市青葉区,たちばな台
神奈川県,横浜市青葉区,田奈町
神奈川県,横浜市青葉区,千草台
神奈川県,横浜市青葉区,つつじが丘
神奈川県,横浜市青葉区,奈良
神奈川県,横浜市青葉区,奈良町
神奈川県,横浜市青葉区,藤が丘
神奈川県,横浜市青葉区,松風台
神奈川県,横浜市青葉区,みたけ台
神奈川県,横浜市青葉区,元石川町
神奈川県,横浜市都筑区,池辺町
神奈川県,横浜市都筑区,牛久保
神奈川県,横浜市都筑区,牛久保西
神奈川県,横浜市都筑区,牛久保東
神奈川県,横浜市都筑区,荏田南
神奈川県,横浜市都筑区,大熊町
神奈川県,横浜市都筑区,大棚町
神奈川県,横浜市都筑区,加賀原
神奈川県,横浜市都筑区,勝田町
神奈川県,横浜市都筑区,勝田南
神奈川県,横浜市都筑区,川和町
神奈川県,横浜市都筑区,北山田
神奈川県,横浜市都筑区,佐江戸町
神奈川県,横浜市都筑区,新栄町
神奈川県,横浜市都筑区,茅ケ崎中央
神奈川県,横浜市都筑区,茅ケ崎東
神奈川県,横浜市都筑区,茅ケ崎南
神奈川県,横浜市都筑区,中川
神奈川県,横浜市都筑区,仲町台
神奈川県,横浜市都筑区,早渕
神奈川県,横浜市都筑区,東山田
神奈川県,横浜市都筑区,東山田町
神奈川県,横浜市都筑区,南山田
神奈川県,川崎市川崎区,浅田
神奈川県,川崎市川崎区,追分町
神奈川県,川崎市川崎区,大島
神奈川県,川崎市川崎区,小川町
神奈川県,川崎市川崎区,小田
神奈川県,川崎市川崎区,小田栄
神奈川県,川崎市川崎区,貝塚
神奈川県,川崎市川崎区,観音
神奈川県,川崎市川崎区,京町
神奈川県,川崎市川崎区,鋼管通
神奈川県,川崎市川崎区,境町
神奈川県,川崎市川崎区,桜本
神奈川県,川崎市川崎区,塩浜
神奈川県,川崎市川崎区,下並木
神奈川県,川崎市川崎区,大師河原
神奈川県,川崎市川崎区,台町
神奈川県,川崎市川崎区,田島町
神奈川県,川崎市川崎区,千鳥町
神奈川県,川崎市川崎区,中瀬
神奈川県,川崎市川崎区,日進町
神奈川県,川崎市川崎区,浜町
神奈川県,川崎市川崎区,東田町
神奈川県,川崎市川崎区,東門前
神奈川県,川崎市川崎区,藤崎
神奈川県,川崎市川崎区,本町
神奈川県,川崎市川崎区,港町
神奈川県,川崎市川崎区,南町
神奈川県,川崎市川崎区,元木
神奈川県,川崎市川崎区,四谷上町
神奈川県,川崎市川崎区,四谷下町
神奈川県,川崎市川崎区,渡田
神奈川県,川崎市川崎区,渡田新町
神奈川県,川崎市川崎区,渡田向町
神奈川県,川崎市幸区,遠藤町
神奈川県,川崎市幸区,大宮町
神奈川県,川崎市幸区,小倉
神奈川県,川崎市幸区,鹿島田
神奈川県,川崎市幸区,北加瀬
神奈川県,川崎市幸区,小向町
神奈川県,川崎市幸区,紺屋町
神奈川県,川崎市幸区,幸町
神奈川県,川崎市幸区,下平間
神奈川県,川崎市幸区,新川崎
神奈川県,川崎市幸区,神明町
神奈川県,川崎市幸区,塚越
神奈川県,川崎市幸区,戸手
神奈川県,川崎市幸区,戸手本町
神奈川県,川崎市幸区,東小倉
神奈川県,川崎市幸区,古市場
神奈川県,川崎市幸区,古川町
神奈川県,川崎市幸区,堀川町
神奈川県,川崎市幸区,南加瀬
神奈川県,川崎市幸区,南幸町
神奈川県,川崎市幸区,柳町
神奈川県,川崎市中原区,井田
神奈川県,川崎市中原区,井田三舞町
神奈川県,川崎市中原区,井田杉山町
神奈川県,川崎市中原区,市ノ坪
神奈川県,川崎市中原区,今井上町
神奈川県,川崎市中原区,今井仲町
神奈川県,川崎市中原区,今井南町
神奈川県,川崎市中原区,上小田中
神奈川県,川崎市中原区,上平間
神奈川県,川崎市中原区,苅宿
神奈川県,川崎市中原区,木月
神奈川県,川崎市中原区,木月祗園町
神奈川県,川崎市中原区,木月住吉町
神奈川県,川崎市中原区,小杉陣屋町
神奈川県,川崎市中原区,小杉町
神奈川県,川崎市中原区,下小田中
神奈川県,川崎市中原区,下沼部
神奈川県,川崎市中原区,新城
神奈川県,川崎市中原区,新丸子東
神奈川県,川崎市中原区,新丸子町
神奈川県,川崎市中原区,中丸子
神奈川県,川崎市中原区,丸子通
神奈川県,川崎市中原区,宮内
神奈川県,川崎市高津区,宇奈根
神奈川県,川崎市高津区,梶ケ谷
神奈川県,川崎市高津区,蟹ケ谷
神奈川県,川崎市高津区,上作延
神奈川県,川崎市高津区,北見方
神奈川県,川崎市高津区,久地
神奈川県,川崎市高津区,子母口
神奈川県,川崎市高津区,下作延
神奈川県,川崎市高津区,下野毛
神奈川県,川崎市高津区,新作
神奈川県,川崎市高津区,末長
神奈川県,川崎市高津区,千年
神奈川県,川崎市高津区,野川
神奈川県,川崎市高津区,久末
神奈川県,川崎市高津区,久本
神奈川県,川崎市高津区,二子
神奈川県,川崎市高津区,溝口
神奈川県,川崎市多摩区,生田
神奈川県,川崎市多摩区,宿河原
神奈川県,川崎市多摩区,菅
神奈川県,川崎市多摩区,菅稲田堤
神奈川県,川崎市多摩区,菅北浦
神奈川県,川崎市多摩区,菅城下
神奈川県,川崎市多摩区,菅野戸呂
神奈川県,川崎市多摩区,堰
神奈川県,川崎市多摩区,寺尾台
神奈川県,川崎市多摩区,長尾
神奈川県,川崎市多摩区,長沢
神奈川県,川崎市多摩区,中野島
神奈川県,川崎市多摩区,西生田
神奈川県,川崎市多摩区,登戸
神奈川県,川崎市多摩区,登戸新町
神奈川県,川崎市多摩区,東生田
神奈川県,川崎市多摩区,枡形
神奈川県,川崎市多摩区,三田
神奈川県,川崎市多摩区,南生田
神奈川県,川崎市宮前区,有馬
神奈川県,川崎市宮前区,犬蔵
神奈川県,川崎市宮前区,梶ケ谷
神奈川県,川崎市宮前区,けやき平
神奈川県,川崎市宮前区,五所塚
神奈川県,川崎市宮前区,小台
神奈川県,川崎市宮前区,鷺沼
神奈川県,川崎市宮前区,潮見台
神奈川県,川崎市宮前区,神木本町
神奈川県,川崎市宮前区,白幡台
神奈川県,川崎市宮前区,菅生
神奈川県,川崎市宮前区,菅生ケ丘
神奈川県,川崎市宮前区,平
神奈川県,川崎市宮前区,土橋
神奈川県,川崎市宮前区,野川
神奈川県,川崎市宮前区,初山
神奈川県,川崎市宮前区,東有馬
神奈川県,川崎市宮前区,馬絹
神奈川県,川崎市宮前区,水沢
神奈川県,川崎市宮前区,宮崎
神奈川県,川崎市宮前区,宮前平
神奈川県,川崎市麻生区,王禅寺西
神奈川県,川崎市麻生区,王禅寺東
神奈川県,川崎市麻生区,岡上
神奈川県,川崎市麻生区,片平
神奈川県,川崎市麻生区,上麻生
神奈川県,川崎市麻生区,黒川
神奈川県,川崎市麻生区,五力田
神奈川県,川崎市麻生区,白鳥
神奈川県,川崎市麻生区,高石
神奈川県,川崎市麻生区,千代ケ丘
神奈川県,川崎市麻生区,虹ケ丘
神奈川県,川崎市麻生区,白山
神奈川県,川崎市麻生区,はるひ野
神奈川県,川崎市麻生区,東百合丘
神奈川県,川崎市麻生区,細山
神奈川県,川崎市麻生区,万福寺
神奈川県,川崎市麻生区,向原
神奈川県,川崎市麻生区,百合丘
神奈川県,相模原市緑区,相原
神奈川県,相模原市緑区,青根
神奈川県,相模原市緑区,青山
神奈川県,相模原市緑区,太井
神奈川県,相模原市緑区,大島
神奈川県,相模原市緑区,川尻
神奈川県,相模原市緑区,寸沢嵐
神奈川県,相模原市緑区,中野
神奈川県,相模原市緑区,西橋本
神奈川県,相模原市緑区,二本松
神奈川県,相模原市緑区,根小屋
神奈川県,相模原市緑区,橋本
神奈川県,相模原市緑区,橋本台
神奈川県,相模原市緑区,原宿
神奈川県,相模原市緑区,原宿南
神奈川県,相模原市緑区,東橋本
神奈川県,相模原市緑区,又野
神奈川県,相模原市緑区,町屋
神奈川県,相模原市緑区,三ケ木
神奈川県,相模原市緑区,元橋本町
神奈川県,相模原市緑区,与瀬
神奈川県,相模原市中央区,相生
神奈川県,相模原市中央区,鹿沼台
神奈川県,相模原市中央区,上溝
神奈川県,相模原市中央区,上矢部
神奈川県,相模原市中央区,共和
神奈川県,相模原市中央区,相模原
神奈川県,相模原市中央区,下九沢
神奈川県,相模原市中央区,水郷田名
神奈川県,相模原市中央区,清新
神奈川県,相模原市中央区,田名
神奈川県,相模原市中央区,田名塩田
神奈川県,相模原市中央区,中央
神奈川県,相模原市中央区,千代田
神奈川県,相模原市中央区,東淵野辺
神奈川県,相模原市中央区,光が丘
神奈川県,相模原市中央区,富士見
神奈川県,相模原市中央区,淵野辺
神奈川県,相模原市中央区,淵野辺本町
神奈川県,相模原市中央区,星が丘
神奈川県,相模原市中央区,緑が丘
神奈川県,相模原市中央区,宮下本町
神奈川県,相模原市中央区,弥栄
神奈川県,相模原市中央区,矢部
神奈川県,相模原市中央区,矢部新町
神奈川県,相模原市中央区,陽光台
神奈川県,相模原市中央区,横山
神奈川県,相模原市中央区,横山台
神奈川県,相模原市中央区,由野台
神奈川県,相模原市南区,旭町
神奈川県,相模原市南区,新磯野
神奈川県,相模原市南区,磯部
神奈川県,相模原市南区,鵜野森
神奈川県,相模原市南区,大野台
神奈川県,相模原市南区,上鶴間
神奈川県,相模原市南区,上鶴間本町
神奈川県,相模原市南区,相模大野
神奈川県,相模原市南区,相模台
神奈川県,相模原市南区,下溝
神奈川県,相模原市南区,新戸
神奈川県,相模原市南区,相南
神奈川県,相模原市南区,相武台
神奈川県,相模原市南区,相武台団地
神奈川県,相模原市南区,当麻
神奈川県,相模原市南区,西大沼
神奈川県,相模原市南区,東大沼
神奈川県,相模原市南区,東林間
神奈川県,相模原市南区,御園
神奈川県,相模原市南区,南台
神奈川県,相模原市南区,若松
神奈川県,横須賀市,秋谷
神奈川県,横須賀市,芦名
神奈川県,横須賀市,池上
神奈川県,横須賀市,池田町
神奈川県,横須賀市,岩戸
神奈川県,横須賀市,浦賀
神奈川県,横須賀市,浦賀丘
神奈川県,横須賀市,浦上台
神奈川県,横須賀市,浦郷町
神奈川県,横須賀市,上町
神奈川県,横須賀市,大滝町
神奈川県,横須賀市,大津町
神奈川県,横須賀市,大矢部
神奈川県,横須賀市,小川町
神奈川県,横須賀市,追浜町
神奈川県,横須賀市,追浜東町
神奈川県,横須賀市,追浜本町
神奈川県,横須賀市,鴨居
神奈川県,横須賀市,公郷町
神奈川県,横須賀市,久比里
神奈川県,横須賀市,グリーンハイツ
神奈川県,横須賀市,久里浜
神奈川県,横須賀市,小矢部
神奈川県,横須賀市,坂本町
神奈川県,横須賀市,桜が丘
神奈川県,横須賀市,佐島の丘
神奈川県,横須賀市,佐原
神奈川県,横須賀市,湘南鷹取
神奈川県,横須賀市,鷹取
神奈川県,横須賀市,武
神奈川県,横須賀市,田戸台
神奈川県,横須賀市,津久井
神奈川県,横須賀市,長井
神奈川県,横須賀市,長浦町
神奈川県,横須賀市,長沢
神奈川県,横須賀市,長瀬
神奈川県,横須賀市,夏島町
神奈川県,横須賀市,根岸町
神奈川県,横須賀市,ハイランド
神奈川県,横須賀市,林
神奈川県,横須賀市,東浦賀
神奈川県,横須賀市,東逸見町
神奈川県,横須賀市,日の出町
神奈川県,横須賀市,平作
神奈川県,横須賀市,深田台
神奈川県,横須賀市,富士見町
神奈川県,横須賀市,二葉
神奈川県,横須賀市,船越町
神奈川県,横須賀市,平成町
神奈川県,横須賀市,馬堀海岸
神奈川県,横須賀市,南浦賀
神奈川県,横須賀市,森崎
神奈川県,横須賀市,安浦町
神奈川県,横須賀市,吉井
神奈川県,横須賀市,米が浜通
神奈川県,横須賀市,若宮台
神奈川県,平塚市,明石町
神奈川県,平塚市,天沼
神奈川県,平塚市,大神
神奈川県,平塚市,岡崎
神奈川県,平塚市,北金目
神奈川県,平塚市,北豊田
神奈川県,平塚市,河内
神奈川県,平塚市,小鍋島
神奈川県,平塚市,真田
神奈川県,平塚市,四之宮
神奈川県,平塚市,須賀
神奈川県,平塚市,浅間町
神奈川県,平塚市,袖ケ浜
神奈川県,平塚市,代官町
神奈川県,平塚市,高浜台
神奈川県,平塚市,高村
神奈川県,平塚市,立野町
神奈川県,平塚市,田村
神奈川県,平塚市,達上ケ丘
神奈川県,平塚市,土屋
神奈川県,平塚市,寺田縄
神奈川県,平塚市,徳延
神奈川県,平塚市,豊田小嶺
神奈川県,平塚市,豊原町
神奈川県,平塚市,中堂
神奈川県,平塚市,中原
神奈川県,平塚市,撫子原
神奈川県,平塚市,錦町
神奈川県,平塚市,西真土
神奈川県,平塚市,花水台
神奈川県,平塚市,東真土
神奈川県,平塚市,東中原
神奈川県,平塚市,東八幡
神奈川県,平塚市,日向岡
神奈川県,平塚市,平塚
神奈川県,平塚市,広川
神奈川県,平塚市,ふじみ野
神奈川県,平塚市,札場町
神奈川県,平塚市,松風町
神奈川県,平塚市,纒
神奈川県,平塚市,万田
神奈川県,平塚市,見附町
神奈川県,平塚市,南金目
神奈川県,平塚市,宮の前
神奈川県,平塚市,めぐみが丘
神奈川県,平塚市,桃浜町
神奈川県,鎌倉市,稲村ガ崎
神奈川県,鎌倉市,今泉台
神奈川県,鎌倉市,岩瀬
神奈川県,鎌倉市,植木
神奈川県,鎌倉市,大船
神奈川県,鎌倉市,大町
神奈川県,鎌倉市,岡本
神奈川県,鎌倉市,梶原
神奈川県,鎌倉市,腰越
神奈川県,鎌倉市,小袋谷
神奈川県,鎌倉市,小町
神奈川県,鎌倉市,材木座
神奈川県,鎌倉市,坂ノ下
神奈川県,鎌倉市,佐助
神奈川県,鎌倉市,七里ガ浜
神奈川県,鎌倉市,七里ガ浜東
神奈川県,鎌倉市,十二所
神奈川県,鎌倉市,浄明寺
神奈川県,鎌倉市,関谷
神奈川県,鎌倉市,台
神奈川県,鎌倉市,玉縄
神奈川県,鎌倉市,津
神奈川県,鎌倉市,津西
神奈川県,鎌倉市,手広
神奈川県,鎌倉市,二階堂
神奈川県,鎌倉市,西鎌倉
神奈川県,鎌倉市,長谷
神奈川県,鎌倉市,笛田
神奈川県,鎌倉市,山崎
神奈川県,鎌倉市,山ノ内
神奈川県,鎌倉市,雪ノ下
神奈川県,藤沢市,石川
神奈川県,藤沢市,稲荷
神奈川県,藤沢市,打戻
神奈川県,藤沢市,江の島
神奈川県,藤沢市,円行
神奈川県,藤沢市,遠藤
神奈川県,藤沢市,大庭
神奈川県,藤沢市,片瀬
神奈川県,藤沢市,片瀬海岸
神奈川県,藤沢市,片瀬山
神奈川県,藤沢市,亀井野
神奈川県,藤沢市,柄沢
神奈川県,藤沢市,鵠沼石上
神奈川県,藤沢市,鵠沼海岸
神奈川県,藤沢市,鵠沼桜が岡
神奈川県,藤沢市,鵠沼花沢町
神奈川県,藤沢市,鵠沼東
神奈川県,藤沢市,鵠沼藤が谷
神奈川県,藤沢市,鵠沼松が岡
神奈川県,藤沢市,葛原
神奈川県,藤沢市,城南
神奈川県,藤沢市,湘南台
神奈川県,藤沢市,善行
神奈川県,藤沢市,大鋸
神奈川県,藤沢市,高倉
神奈川県,藤沢市,立石
神奈川県,藤沢市,長後
神奈川県,藤沢市,辻堂
神奈川県,藤沢市,辻堂神台
神奈川県,藤沢市,辻堂太平台
神奈川県,藤沢市,辻堂東海岸
神奈川県,藤沢市,辻堂元町
神奈川県,藤沢市,天神町
神奈川県,藤沢市,西富
神奈川県,藤沢市,羽鳥
神奈川県,藤沢市,藤が岡
神奈川県,藤沢市,藤沢
神奈川県,藤沢市,本鵠沼
神奈川県,藤沢市,本町
神奈川県,藤沢市,本藤沢
神奈川県,藤沢市,南藤沢
神奈川県,藤沢市,弥勒寺
神奈川県,藤沢市,村岡東
神奈川県,藤沢市,用田
神奈川県,藤沢市,渡内
神奈川県,小田原市,飯泉
神奈川県,小田原市,飯田岡
神奈川県,小田原市,板橋
神奈川県,小田原市,扇町
神奈川県,小田原市,荻窪
神奈川県,小田原市,鴨宮
神奈川県,小田原市,栢山
神奈川県,小田原市,久野
神奈川県,小田原市,桑原
神奈川県,小田原市,国府津
神奈川県,小田原市,寿町
神奈川県,小田原市,小八幡
神奈川県,小田原市,栄町
神奈川県,小田原市,酒匂
神奈川県,小田原市,城山
神奈川県,小田原市,曽比
神奈川県,小田原市,中里
神奈川県,小田原市,中新田
神奈川県,小田原市,中町
神奈川県,小田原市,中村原
神奈川県,小田原市,成田
神奈川県,小田原市,根府川
神奈川県,小田原市,浜町
神奈川県,小田原市,東町
神奈川県,小田原市,別堀
神奈川県,小田原市,前川
神奈川県,小田原市,南鴨宮
神奈川県,小田原市,南町
神奈川県,小田原市,矢作
神奈川県,小田原市,蓮正寺
神奈川県,茅ヶ崎市,赤羽根
神奈川県,茅ヶ崎市,甘沼
神奈川県,茅ヶ崎市,今宿
神奈川県,茅ヶ崎市,香川
神奈川県,茅ヶ崎市,幸町
神奈川県,茅ヶ崎市,十間坂
神奈川県,茅ヶ崎市,松林
神奈川県,茅ヶ崎市,高田
神奈川県,茅ヶ崎市,堤
神奈川県,茅ヶ崎市,共恵
神奈川県,茅ヶ崎市,中海岸
神奈川県,茅ヶ崎市,中島
神奈川県,茅ヶ崎市,行谷
神奈川県,茅ヶ崎市,南湖
神奈川県,茅ヶ崎市,萩園
神奈川県,茅ヶ崎市,浜竹
神奈川県,茅ヶ崎市,浜之郷
神奈川県,茅ヶ崎市,東海岸北
神奈川県,茅ヶ崎市,東海岸南
神奈川県,茅ヶ崎市,菱沼
神奈川県,茅ヶ崎市,ひばりが丘
神奈川県,茅ヶ崎市,富士見町
神奈川県,茅ヶ崎市,平和町
神奈川県,茅ヶ崎市,本宿町
神奈川県,茅ヶ崎市,本村
神奈川県,茅ヶ崎市,松尾
神奈川県,茅ヶ崎市,松が丘
神奈川県,茅ヶ崎市,松風台
神奈川県,茅ヶ崎市,松浪
神奈川県,茅ヶ崎市,みずき
神奈川県,茅ヶ崎市,緑が浜
神奈川県,茅ヶ崎市,室田
神奈川県,茅ヶ崎市,元町
神奈川県,茅ヶ崎市,柳島
神奈川県,茅ヶ崎市,矢畑
神奈川県,逗子市,池子
神奈川県,逗子市,小坪
神奈川県,逗子市,桜山
神奈川県,逗子市,新宿
神奈川県,逗子市,逗子
神奈川県,逗子市,沼間
神奈川県,逗子市,久木
神奈川県,逗子市,山の根
神奈川県,三浦市,城山町
神奈川県,三浦市,初声町
神奈川県,三浦市,晴海町
神奈川県,三浦市,三崎
神奈川県,三浦市,三崎町
神奈川県,三浦市,南下浦町
神奈川県,秦野市,今泉
神奈川県,秦野市,今泉台
神奈川県,秦野市,尾尻
神奈川県,秦野市,落合
神奈川県,秦野市,上大槻
神奈川県,秦野市,北矢名
神奈川県,秦野市,桜町
神奈川県,秦野市,三屋
神奈川県,秦野市,渋沢
神奈川県,秦野市,清水町
神奈川県,秦野市,水神町
神奈川県,秦野市,曽屋
神奈川県,秦野市,千村
神奈川県,秦野市,鶴巻
神奈川県,秦野市,鶴巻北
神奈川県,秦野市,鶴巻南
神奈川県,秦野市,戸川
神奈川県,秦野市,名古木
神奈川県,秦野市,西大竹
神奈川県,秦野市,西田原
神奈川県,秦野市,沼代新町
神奈川県,秦野市,羽根
神奈川県,秦野市,東田原
神奈川県,秦野市,堀川
神奈川県,秦野市,堀西
神奈川県,秦野市,堀山下
神奈川県,秦野市,本町
神奈川県,秦野市,曲松
神奈川県,秦野市,南が丘
神奈川県,秦野市,南矢名
神奈川県,厚木市,愛甲
神奈川県,厚木市,旭町
神奈川県,厚木市,厚木町
神奈川県,厚木市,飯山
神奈川県,厚木市,王子
神奈川県,厚木市,岡田
神奈川県,厚木市,恩名
神奈川県,厚木市,金田
神奈川県,厚木市,上依知
神奈川県,厚木市,寿町
神奈川県,厚木市,栄町
神奈川県,厚木市,三田南
神奈川県,厚木市,下依知
神奈川県,厚木市,下荻野
神奈川県,厚木市,下川入
神奈川県,厚木市,田村町
神奈川県,厚木市,妻田北
神奈川県,厚木市,妻田西
神奈川県,厚木市,妻田東
神奈川県,厚木市,妻田南
神奈川県,厚木市,戸田
神奈川県,厚木市,戸室
神奈川県,厚木市,中依知
神奈川県,厚木市,中町
神奈川県,厚木市,温水
神奈川県,厚木市,温水西
神奈川県,厚木市,船子
神奈川県,厚木市,水引
神奈川県,厚木市,緑ヶ丘
神奈川県,厚木市,みはる野
神奈川県,厚木市,毛利台
神奈川県,厚木市,元町
神奈川県,厚木市,森の里
神奈川県,厚木市,山際
神奈川県,大和市,上草柳
神奈川県,大和市,上和田
神奈川県,大和市,桜森
神奈川県,大和市,下鶴間
神奈川県,大和市,下和田
神奈川県,大和市,代官
神奈川県,大和市,中央
神奈川県,大和市,中央林間
神奈川県,大和市,中央林間西
神奈川県,大和市,つきみ野
神奈川県,大和市,鶴間
神奈川県,大和市,西鶴間
神奈川県,大和市,深見
神奈川県,大和市,深見台
神奈川県,大和市,深見西
神奈川県,大和市,深見東
神奈川県,大和市,福田
神奈川県,大和市,南林間
神奈川県,大和市,柳橋
神奈川県,大和市,大和東
神奈川県,大和市,林間
神奈川県,伊勢原市,池端
神奈川県,伊勢原市,石田
神奈川県,伊勢原市,伊勢原
神奈川県,伊勢原市,岡崎
神奈川県,伊勢原市,笠窪
神奈川県,伊勢原市,神戸
神奈川県,伊勢原市,子易
神奈川県,伊勢原市,桜台
神奈川県,伊勢原市,下落合
神奈川県,伊勢原市,下糟屋
神奈川県,伊勢原市,善波
神奈川県,伊勢原市,高森
神奈川県,伊勢原市,西富岡
神奈川県,伊勢原市,沼目
神奈川県,伊勢原市,東大竹
神奈川県,伊勢原市,東成瀬
神奈川県,海老名市,今里
神奈川県,海老名市,大谷北
神奈川県,海老名市,大谷南
神奈川県,海老名市,柏ケ谷
神奈川県,海老名市,門沢橋
神奈川県,海老名市,上今泉
神奈川県,海老名市,河原口
神奈川県,海老名市,国分南
神奈川県,海老名市,下今泉
神奈川県,海老名市,杉久保北
神奈川県,海老名市,杉久保南
神奈川県,海老名市,中央
神奈川県,海老名市,中新田
神奈川県,海老名市,東柏ケ谷
神奈川県,座間市,入谷
神奈川県,座間市,栗原
神奈川県,座間市,栗原中央
神奈川県,座間市,小松原
神奈川県,座間市,相模が丘
神奈川県,座間市,さがみ野
神奈川県,座間市,座間
神奈川県,座間市,新田宿
神奈川県,座間市,相武台
神奈川県,座間市,立野台
神奈川県,座間市,東原
神奈川県,座間市,ひばりが丘
神奈川県,座間市,広野台
神奈川県,座間市,緑ケ丘
神奈川県,座間市,南栗原
神奈川県,座間市,四ツ谷
神奈川県,南足柄市,雨坪
神奈川県,南足柄市,岩原
神奈川県,南足柄市,内山
神奈川県,南足柄市,狩野
神奈川県,南足柄市,関本
神奈川県,南足柄市,塚原
神奈川県,南足柄市,怒田
神奈川県,南足柄市,沼田
神奈川県,南足柄市,和田河原
神奈川県,綾瀬市,大上
神奈川県,綾瀬市,落合北
神奈川県,綾瀬市,落合南
神奈川県,綾瀬市,上土棚北
神奈川県,綾瀬市,上土棚中
神奈川県,綾瀬市,小園
神奈川県,綾瀬市,蓼川
神奈川県,綾瀬市,寺尾釜田
神奈川県,綾瀬市,寺尾北
神奈川県,綾瀬市,寺尾台
神奈川県,綾瀬市,寺尾中
神奈川県,綾瀬市,寺尾西
神奈川県,綾瀬市,早川
神奈川県,綾瀬市,深谷上
神奈川県,綾瀬市,深谷中
神奈川県,綾瀬市,深谷南
神奈川県,綾瀬市,吉岡
神奈川県,綾瀬市,吉岡東
神奈川県,綾瀬市,綾西
神奈川県,三浦郡葉山町,一色
神奈川県,三浦郡葉山町,上山口
神奈川県,三浦郡葉山町,下山口
神奈川県,三浦郡葉山町,長柄
神奈川県,三浦郡葉山町,堀内
神奈川県,高座郡寒川町,一之宮
神奈川県,高座郡寒川町,大蔵
神奈川県,高座郡寒川町,大曲
神奈川県,高座郡寒川町,岡田
神奈川県,高座郡寒川町,倉見
神奈川県,高座郡寒川町,宮山
神奈川県,中郡大磯町,石神台
神奈川県,中郡大磯町,大磯
神奈川県,中郡大磯町,国府本郷
神奈川県,中郡大磯町,西小磯
神奈川県,中郡大磯町,東小磯
神奈川県,中郡二宮町,中里
神奈川県,中郡二宮町,二宮
神奈川県,中郡二宮町,富士見が丘
神奈川県,中郡二宮町,緑が丘
神奈川県,中郡二宮町,山西
神奈川県,足柄上郡中井町,井ノ口
神奈川県,足柄上郡中井町,境
神奈川県,足柄上郡大井町,金手
神奈川県,足柄上郡大井町,金子
神奈川県,足柄上郡大井町,西大井
神奈川県,足柄上郡松田町,神山
神奈川県,足柄上郡松田町,松田庶子
神奈川県,足柄上郡松田町,松田惣領
神奈川県,足柄上郡山北町,岸
神奈川県,足柄上郡山北町,向原
神奈川県,足柄上郡開成町,延沢
神奈川県,足柄上郡開成町,みなみ
神奈川県,足柄上郡開成町,吉田島
神奈川県,足柄下郡箱根町,小涌谷
神奈川県,足柄下郡箱根町,仙石原
神奈川県,足柄下郡箱根町,宮城野
神奈川県,足柄下郡真鶴町,真鶴
神奈川県,足柄下郡湯河原町,鍛冶屋
神奈川県,足柄下郡湯河原町,中央
神奈川県,足柄下郡湯河原町,土肥
神奈川県,足柄下郡湯河原町,宮上
神奈川県,足柄下郡湯河原町,宮下
神奈川県,足柄下郡湯河原町,吉浜
神奈川県,愛甲郡愛川町,角田
神奈川県,愛甲郡愛川町,中津
神奈川県,愛甲郡愛川町,半原
