"埼玉県","さいたま市西区","飯田"
"埼玉県","さいたま市西区","飯田新田"
"埼玉県","さいたま市西区","植田谷本"
"埼玉県","さいたま市西区","植田谷本村新田"
"埼玉県","さいたま市西区","内野本郷"
"埼玉県","さいたま市西区","指扇"
"埼玉県","さいたま市西区","指扇領辻"
"埼玉県","さいたま市西区","指扇領別所"
"埼玉県","さいたま市西区","佐知川"
"埼玉県","さいたま市西区","三条町"
"埼玉県","さいたま市西区","島根"
"埼玉県","さいたま市西区","昭和"
"埼玉県","さいたま市西区","清河寺"
"埼玉県","さいたま市西区","高木"
"埼玉県","さいたま市西区","塚本"
"埼玉県","さいたま市西区","塚本町"
"埼玉県","さいたま市西区","土屋"
"埼玉県","さいたま市西区","中釘"
"埼玉県","さいたま市西区","中野林"
"埼玉県","さいたま市西区","西遊馬"
"埼玉県","さいたま市西区","西新井"
"埼玉県","さいたま市西区","平方領々家"
"埼玉県","さいたま市西区","二ツ宮"
"埼玉県","さいたま市西区","プラザ"
"埼玉県","さいたま市西区","宝来"
"埼玉県","さいたま市西区","水判土"
"埼玉県","さいたま市西区","峰岸"
"埼玉県","さいたま市西区","三橋"
"埼玉県","さいたま市西区","宮前町"
"埼玉県","さいたま市西区","湯木町"
"埼玉県","さいたま市北区","植竹町"
"埼玉県","さいたま市北区","大成町"
"埼玉県","さいたま市北区","上加"
"埼玉県","さいたま市北区","櫛引町"
"埼玉県","さいたま市北区","今羽町"
"埼玉県","さいたま市北区","土呂町"
"埼玉県","さいたま市北区","奈良町"
"埼玉県","さいたま市北区","日進町"
"埼玉県","さいたま市北区","東大成町"
"埼玉県","さいたま市北区","別所町"
"埼玉県","さいたま市北区","本郷町"
"埼玉県","さいたま市北区","盆栽町"
"埼玉県","さいたま市北区","見沼"
"埼玉県","さいたま市北区","宮原町"
"埼玉県","さいたま市北区","吉野町"
"埼玉県","さいたま市大宮区","東町"
"埼玉県","さいたま市大宮区","天沼町"
"埼玉県","さいたま市大宮区","大成町"
"埼玉県","さいたま市大宮区","大原"
"埼玉県","さいたま市大宮区","上小町"
"埼玉県","さいたま市大宮区","吉敷町"
"埼玉県","さいたま市大宮区","北袋町"
"埼玉県","さいたま市大宮区","櫛引町"
"埼玉県","さいたま市大宮区","桜木町"
"埼玉県","さいたま市大宮区","下町"
"埼玉県","さいたま市大宮区","寿能町"
"埼玉県","さいたま市大宮区","浅間町"
"埼玉県","さいたま市大宮区","大門町"
"埼玉県","さいたま市大宮区","高鼻町"
"埼玉県","さいたま市大宮区","土手町"
"埼玉県","さいたま市大宮区","仲町"
"埼玉県","さいたま市大宮区","錦町"
"埼玉県","さいたま市大宮区","堀の内町"
"埼玉県","さいたま市大宮区","三橋"
"埼玉県","さいたま市大宮区","宮町"
"埼玉県","さいたま市見沼区","大谷"
"埼玉県","さいたま市見沼区","大和田町"
"埼玉県","さいたま市見沼区","卸町"
"埼玉県","さいたま市見沼区","加田屋"
"埼玉県","さいたま市見沼区","加田屋新田"
"埼玉県","さいたま市見沼区","片柳"
"埼玉県","さいたま市見沼区","片柳東"
"埼玉県","さいたま市見沼区","上山口新田"
"埼玉県","さいたま市見沼区","小深作"
"埼玉県","さいたま市見沼区","笹丸"
"埼玉県","さいたま市見沼区","島町"
"埼玉県","さいたま市見沼区","新右エ門新田"
"埼玉県","さいたま市見沼区","砂町"
"埼玉県","さいたま市見沼区","染谷"
"埼玉県","さいたま市見沼区","中川"
"埼玉県","さいたま市見沼区","新堤"
"埼玉県","さいたま市見沼区","西山新田"
"埼玉県","さいたま市見沼区","西山村新田"
"埼玉県","さいたま市見沼区","蓮沼"
"埼玉県","さいたま市見沼区","春岡"
"埼玉県","さいたま市見沼区","春野"
"埼玉県","さいたま市見沼区","東新井"
"埼玉県","さいたま市見沼区","東大宮"
"埼玉県","さいたま市見沼区","東宮下"
"埼玉県","さいたま市見沼区","東門前"
"埼玉県","さいたま市見沼区","膝子"
"埼玉県","さいたま市見沼区","深作"
"埼玉県","さいたま市見沼区","風渡野"
"埼玉県","さいたま市見沼区","堀崎町"
"埼玉県","さいたま市見沼区","丸ケ崎"
"埼玉県","さいたま市見沼区","丸ケ崎町"
"埼玉県","さいたま市見沼区","御蔵"
"埼玉県","さいたま市見沼区","南中野"
"埼玉県","さいたま市見沼区","南中丸"
"埼玉県","さいたま市見沼区","宮ケ谷塔"
"埼玉県","さいたま市見沼区","見山"
"埼玉県","さいたま市見沼区","山"
"埼玉県","さいたま市中央区","上峰"
"埼玉県","さいたま市中央区","円阿弥"
"埼玉県","さいたま市中央区","大戸"
"埼玉県","さいたま市中央区","上落合"
"埼玉県","さいたま市中央区","桜丘"
"埼玉県","さいたま市中央区","下落合"
"埼玉県","さいたま市中央区","新都心"
"埼玉県","さいたま市中央区","新中里"
"埼玉県","さいたま市中央区","鈴谷"
"埼玉県","さいたま市中央区","八王子"
"埼玉県","さいたま市中央区","本町西"
"埼玉県","さいたま市中央区","本町東"
"埼玉県","さいたま市桜区","大久保領家"
"埼玉県","さいたま市桜区","上大久保"
"埼玉県","さいたま市桜区","五関"
"埼玉県","さいたま市桜区","在家"
"埼玉県","さいたま市桜区","栄和"
"埼玉県","さいたま市桜区","桜田"
"埼玉県","さいたま市桜区","新開"
"埼玉県","さいたま市桜区","下大久保"
"埼玉県","さいたま市桜区","宿"
"埼玉県","さいたま市桜区","昭和"
"埼玉県","さいたま市桜区","白鍬"
"埼玉県","さいたま市桜区","神田"
"埼玉県","さいたま市桜区","田島"
"埼玉県","さいたま市桜区","塚本"
"埼玉県","さいたま市桜区","道場"
"埼玉県","さいたま市桜区","中島"
"埼玉県","さいたま市桜区","西堀"
"埼玉県","さいたま市桜区","町谷"
"埼玉県","さいたま市桜区","南元宿"
"埼玉県","さいたま市桜区","山久保"
"埼玉県","さいたま市浦和区","大原"
"埼玉県","さいたま市浦和区","上木崎"
"埼玉県","さいたま市浦和区","木崎"
"埼玉県","さいたま市浦和区","岸町"
"埼玉県","さいたま市浦和区","北浦和"
"埼玉県","さいたま市浦和区","皇山町"
"埼玉県","さいたま市浦和区","駒場"
"埼玉県","さいたま市浦和区","神明"
"埼玉県","さいたま市浦和区","瀬ケ崎"
"埼玉県","さいたま市浦和区","大東"
"埼玉県","さいたま市浦和区","高砂"
"埼玉県","さいたま市浦和区","常盤"
"埼玉県","さいたま市浦和区","仲町"
"埼玉県","さいたま市浦和区","針ケ谷"
"埼玉県","さいたま市浦和区","東岸町"
"埼玉県","さいたま市浦和区","東高砂町"
"埼玉県","さいたま市浦和区","東仲町"
"埼玉県","さいたま市浦和区","前地"
"埼玉県","さいたま市浦和区","三崎"
"埼玉県","さいたま市浦和区","元町"
"埼玉県","さいたま市浦和区","本太"
"埼玉県","さいたま市浦和区","領家"
"埼玉県","さいたま市南区","内谷"
"埼玉県","さいたま市南区","円正寺"
"埼玉県","さいたま市南区","大谷口"
"埼玉県","さいたま市南区","大谷場"
"埼玉県","さいたま市南区","鹿手袋"
"埼玉県","さいたま市南区","白幡"
"埼玉県","さいたま市南区","神明"
"埼玉県","さいたま市南区","関"
"埼玉県","さいたま市南区","太田窪"
"埼玉県","さいたま市南区","辻"
"埼玉県","さいたま市南区","堤外"
"埼玉県","さいたま市南区","沼影"
"埼玉県","さいたま市南区","根岸"
"埼玉県","さいたま市南区","広ケ谷戸"
"埼玉県","さいたま市南区","文蔵"
"埼玉県","さいたま市南区","別所"
"埼玉県","さいたま市南区","曲本"
"埼玉県","さいたま市南区","松本"
"埼玉県","さいたま市南区","南浦和"
"埼玉県","さいたま市南区","南本町"
"埼玉県","さいたま市南区","四谷"
"埼玉県","さいたま市緑区","井沼方"
"埼玉県","さいたま市緑区","大崎"
"埼玉県","さいたま市緑区","大牧"
"埼玉県","さいたま市緑区","大間木"
"埼玉県","さいたま市緑区","大谷口"
"埼玉県","さいたま市緑区","上野田"
"埼玉県","さいたま市緑区","北原"
"埼玉県","さいたま市緑区","玄蕃新田"
"埼玉県","さいたま市緑区","道祖土"
"埼玉県","さいたま市緑区","芝原"
"埼玉県","さいたま市緑区","下野田"
"埼玉県","さいたま市緑区","下山口新田"
"埼玉県","さいたま市緑区","新宿"
"埼玉県","さいたま市緑区","太田窪"
"埼玉県","さいたま市緑区","大道"
"埼玉県","さいたま市緑区","大門"
"埼玉県","さいたま市緑区","代山"
"埼玉県","さいたま市緑区","高畑"
"埼玉県","さいたま市緑区","寺山"
"埼玉県","さいたま市緑区","中尾"
"埼玉県","さいたま市緑区","中野田"
"埼玉県","さいたま市緑区","南部領辻"
"埼玉県","さいたま市緑区","蓮見新田"
"埼玉県","さいたま市緑区","原山"
"埼玉県","さいたま市緑区","馬場"
"埼玉県","さいたま市緑区","東浦和"
"埼玉県","さいたま市緑区","東大門"
"埼玉県","さいたま市緑区","松木"
"埼玉県","さいたま市緑区","間宮"
"埼玉県","さいたま市緑区","三浦"
"埼玉県","さいたま市緑区","見沼"
"埼玉県","さいたま市緑区","三室"
"埼玉県","さいたま市緑区","宮後"
"埼玉県","さいたま市緑区","宮本"
"埼玉県","さいたま市緑区","山崎"
"埼玉県","さいたま市岩槻区","相野原"
"埼玉県","さいたま市岩槻区","愛宕町"
"埼玉県","さいたま市岩槻区","飯塚"
"埼玉県","さいたま市岩槻区","岩槻"
"埼玉県","さいたま市岩槻区","上野"
"埼玉県","さいたま市岩槻区","浮谷"
"埼玉県","さいたま市岩槻区","裏慈恩寺"
"埼玉県","さいたま市岩槻区","大口"
"埼玉県","さいたま市岩槻区","太田"
"埼玉県","さいたま市岩槻区","大戸"
"埼玉県","さいたま市岩槻区","大野島"
"埼玉県","さいたま市岩槻区","大森"
"埼玉県","さいたま市岩槻区","大谷"
"埼玉県","さいたま市岩槻区","尾ケ崎"
"埼玉県","さいたま市岩槻区","尾ケ崎新田"
"埼玉県","さいたま市岩槻区","表慈恩寺"
"埼玉県","さいたま市岩槻区","釣上"
"埼玉県","さいたま市岩槻区","釣上新田"
"埼玉県","さいたま市岩槻区","加倉"
"埼玉県","さいたま市岩槻区","掛"
"埼玉県","さいたま市岩槻区","柏崎"
"埼玉県","さいたま市岩槻区","金重"
"埼玉県","さいたま市岩槻区","鹿室"
"埼玉県","さいたま市岩槻区","上里"
"埼玉県","さいたま市岩槻区","黒谷"
"埼玉県","さいたま市岩槻区","古ケ場"
"埼玉県","さいたま市岩槻区","小溝"
"埼玉県","さいたま市岩槻区","笹久保"
"埼玉県","さいたま市岩槻区","笹久保新田"
"埼玉県","さいたま市岩槻区","慈恩寺"
"埼玉県","さいたま市岩槻区","城南"
"埼玉県","さいたま市岩槻区","城町"
"埼玉県","さいたま市岩槻区","真福寺"
"埼玉県","さいたま市岩槻区","末田"
"埼玉県","さいたま市岩槻区","諏訪"
"埼玉県","さいたま市岩槻区","高曽根"
"埼玉県","さいたま市岩槻区","徳力"
"埼玉県","さいたま市岩槻区","仲町"
"埼玉県","さいたま市岩槻区","長宮"
"埼玉県","さいたま市岩槻区","並木"
"埼玉県","さいたま市岩槻区","新方須賀"
"埼玉県","さいたま市岩槻区","西原"
"埼玉県","さいたま市岩槻区","西原台"
"埼玉県","さいたま市岩槻区","西町"
"埼玉県","さいたま市岩槻区","野孫"
"埼玉県","さいたま市岩槻区","原町"
"埼玉県","さいたま市岩槻区","東岩槻"
"埼玉県","さいたま市岩槻区","東町"
"埼玉県","さいたま市岩槻区","日の出町"
"埼玉県","さいたま市岩槻区","府内"
"埼玉県","さいたま市岩槻区","平林寺"
"埼玉県","さいたま市岩槻区","本宿"
"埼玉県","さいたま市岩槻区","本町"
"埼玉県","さいたま市岩槻区","本丸"
"埼玉県","さいたま市岩槻区","馬込"
"埼玉県","さいたま市岩槻区","増長"
"埼玉県","さいたま市岩槻区","南下新井"
"埼玉県","さいたま市岩槻区","南辻"
"埼玉県","さいたま市岩槻区","南平野"
"埼玉県","さいたま市岩槻区","箕輪"
"埼玉県","さいたま市岩槻区","宮町"
"埼玉県","さいたま市岩槻区","美幸町"
"埼玉県","さいたま市岩槻区","村国"
"埼玉県","さいたま市岩槻区","谷下"
"埼玉県","さいたま市岩槻区","横根"
"埼玉県","川越市","安比奈新田"
"埼玉県","川越市","青柳"
"埼玉県","川越市","旭町"
"埼玉県","川越市","天沼新田"
"埼玉県","川越市","新宿"
"埼玉県","川越市","新宿町"
"埼玉県","川越市","池辺"
"埼玉県","川越市","伊佐沼"
"埼玉県","川越市","石田"
"埼玉県","川越市","石田本郷"
"埼玉県","川越市","石原町"
"埼玉県","川越市","泉町"
"埼玉県","川越市","伊勢原町"
"埼玉県","川越市","稲荷町"
"埼玉県","川越市","今泉"
"埼玉県","川越市","今成"
"埼玉県","川越市","今福"
"埼玉県","川越市","牛子"
"埼玉県","川越市","上戸"
"埼玉県","川越市","上戸新町"
"埼玉県","川越市","扇河岸"
"埼玉県","川越市","大仙波"
"埼玉県","川越市","大仙波新田"
"埼玉県","川越市","大塚"
"埼玉県","川越市","大塚新田"
"埼玉県","川越市","大塚新町"
"埼玉県","川越市","大手町"
"埼玉県","川越市","大中居"
"埼玉県","川越市","大袋"
"埼玉県","川越市","大袋新田"
"埼玉県","川越市","小ケ谷"
"埼玉県","川越市","御成町"
"埼玉県","川越市","萱沼"
"埼玉県","川越市","笠幡"
"埼玉県","川越市","かし野台"
"埼玉県","川越市","霞ケ関東"
"埼玉県","川越市","霞ケ関北"
"埼玉県","川越市","かすみ野"
"埼玉県","川越市","上老袋"
"埼玉県","川越市","上新河岸"
"埼玉県","川越市","上寺山"
"埼玉県","川越市","上野田町"
"埼玉県","川越市","上松原"
"埼玉県","川越市","鴨田"
"埼玉県","川越市","川越"
"埼玉県","川越市","川鶴"
"埼玉県","川越市","かわつる三芳野"
"埼玉県","川越市","岸"
"埼玉県","川越市","岸町"
"埼玉県","川越市","北田島"
"埼玉県","川越市","喜多町"
"埼玉県","川越市","木野目"
"埼玉県","川越市","久下戸"
"埼玉県","川越市","鯨井"
"埼玉県","川越市","鯨井新田"
"埼玉県","川越市","久保町"
"埼玉県","川越市","熊野町"
"埼玉県","川越市","郭町"
"埼玉県","川越市","広栄町"
"埼玉県","川越市","小仙波"
"埼玉県","川越市","小仙波町"
"埼玉県","川越市","小堤"
"埼玉県","川越市","寿町"
"埼玉県","川越市","小中居"
"埼玉県","川越市","小室"
"埼玉県","川越市","幸町"
"埼玉県","川越市","栄"
"埼玉県","川越市","三久保町"
"埼玉県","川越市","三光町"
"埼玉県","川越市","鹿飼"
"埼玉県","川越市","志多町"
"埼玉県","川越市","渋井"
"埼玉県","川越市","清水町"
"埼玉県","川越市","下赤坂"
"埼玉県","川越市","下老袋"
"埼玉県","川越市","下小坂"
"埼玉県","川越市","下新河岸"
"埼玉県","川越市","下広谷"
"埼玉県","川越市","下松原"
"埼玉県","川越市","城下町"
"埼玉県","川越市","新富町"
"埼玉県","川越市","神明町"
"埼玉県","川越市","末広町"
"埼玉県","川越市","菅間"
"埼玉県","川越市","菅原町"
"埼玉県","川越市","砂"
"埼玉県","川越市","砂久保"
"埼玉県","川越市","砂新田"
"埼玉県","川越市","諏訪町"
"埼玉県","川越市","仙波町"
"埼玉県","川越市","高島"
"埼玉県","川越市","竹野"
"埼玉県","川越市","田町"
"埼玉県","川越市","月吉町"
"埼玉県","川越市","寺井"
"埼玉県","川越市","寺尾"
"埼玉県","川越市","寺山"
"埼玉県","川越市","東明寺"
"埼玉県","川越市","通町"
"埼玉県","川越市","豊田新田"
"埼玉県","川越市","豊田町"
"埼玉県","川越市","豊田本"
"埼玉県","川越市","問屋町"
"埼玉県","川越市","中老袋"
"埼玉県","川越市","中台"
"埼玉県","川越市","中台南"
"埼玉県","川越市","中台元町"
"埼玉県","川越市","仲町"
"埼玉県","川越市","中原町"
"埼玉県","川越市","中福"
"埼玉県","川越市","中福東"
"埼玉県","川越市","並木"
"埼玉県","川越市","並木新町"
"埼玉県","川越市","並木西町"
"埼玉県","川越市","西小仙波町"
"埼玉県","川越市","日東町"
"埼玉県","川越市","野田"
"埼玉県","川越市","野田町"
"埼玉県","川越市","氷川町"
"埼玉県","川越市","東田町"
"埼玉県","川越市","東本宿"
"埼玉県","川越市","平塚"
"埼玉県","川越市","平塚新田"
"埼玉県","川越市","広谷新町"
"埼玉県","川越市","府川"
"埼玉県","川越市","福田"
"埼玉県","川越市","藤木町"
"埼玉県","川越市","藤倉"
"埼玉県","川越市","藤間"
"埼玉県","川越市","富士見"
"埼玉県","川越市","富士見町"
"埼玉県","川越市","藤原町"
"埼玉県","川越市","古市場"
"埼玉県","川越市","古谷上"
"埼玉県","川越市","古谷本郷"
"埼玉県","川越市","増形"
"埼玉県","川越市","松江町"
"埼玉県","川越市","松郷"
"埼玉県","川越市","的場"
"埼玉県","川越市","的場新町"
"埼玉県","川越市","的場北"
"埼玉県","川越市","南大塚"
"埼玉県","川越市","南田島"
"埼玉県","川越市","南台"
"埼玉県","川越市","南通町"
"埼玉県","川越市","宮下町"
"埼玉県","川越市","宮元町"
"埼玉県","川越市","むさし野"
"埼玉県","川越市","むさし野南"
"埼玉県","川越市","元町"
"埼玉県","川越市","八ツ島"
"埼玉県","川越市","谷中"
"埼玉県","川越市","山城"
"埼玉県","川越市","山田"
"埼玉県","川越市","吉田"
"埼玉県","川越市","吉田新町"
"埼玉県","川越市","芳野台"
"埼玉県","川越市","四都野台"
"埼玉県","川越市","連雀町"
"埼玉県","川越市","六軒町"
"埼玉県","川越市","脇田新町"
"埼玉県","川越市","脇田本町"
"埼玉県","川越市","脇田町"
"埼玉県","熊谷市","相上"
"埼玉県","熊谷市","赤城町"
"埼玉県","熊谷市","曙町"
"埼玉県","熊谷市","飯塚"
"埼玉県","熊谷市","池上"
"埼玉県","熊谷市","石原"
"埼玉県","熊谷市","伊勢町"
"埼玉県","熊谷市","板井"
"埼玉県","熊谷市","市ノ坪"
"埼玉県","熊谷市","今井"
"埼玉県","熊谷市","江波"
"埼玉県","熊谷市","榎町"
"埼玉県","熊谷市","円光"
"埼玉県","熊谷市","小江川"
"埼玉県","熊谷市","大麻生"
"埼玉県","熊谷市","太井"
"埼玉県","熊谷市","大塚"
"埼玉県","熊谷市","大野"
"埼玉県","熊谷市","大原"
"埼玉県","熊谷市","押切"
"埼玉県","熊谷市","小曽根"
"埼玉県","熊谷市","男沼"
"埼玉県","熊谷市","柿沼"
"埼玉県","熊谷市","籠原南"
"埼玉県","熊谷市","冑山"
"埼玉県","熊谷市","鎌倉町"
"埼玉県","熊谷市","上江袋"
"埼玉県","熊谷市","上恩田"
"埼玉県","熊谷市","上川上"
"埼玉県","熊谷市","上新田"
"埼玉県","熊谷市","上須戸"
"埼玉県","熊谷市","上中条"
"埼玉県","熊谷市","上奈良"
"埼玉県","熊谷市","上根"
"埼玉県","熊谷市","上之"
"埼玉県","熊谷市","川原明戸"
"埼玉県","熊谷市","河原町"
"埼玉県","熊谷市","吉所敷"
"埼玉県","熊谷市","銀座"
"埼玉県","熊谷市","久下"
"埼玉県","熊谷市","葛和田"
"埼玉県","熊谷市","屈戸"
"埼玉県","熊谷市","久保島"
"埼玉県","熊谷市","熊谷"
"埼玉県","熊谷市","小泉"
"埼玉県","熊谷市","肥塚"
"埼玉県","熊谷市","江南中央"
"埼玉県","熊谷市","小島"
"埼玉県","熊谷市","小八林"
"埼玉県","熊谷市","桜木町"
"埼玉県","熊谷市","桜町"
"埼玉県","熊谷市","佐谷田"
"埼玉県","熊谷市","塩"
"埼玉県","熊谷市","柴"
"埼玉県","熊谷市","四方寺"
"埼玉県","熊谷市","下恩田"
"埼玉県","熊谷市","下川上"
"埼玉県","熊谷市","下奈良"
"埼玉県","熊谷市","下増田"
"埼玉県","熊谷市","拾六間"
"埼玉県","熊谷市","新川"
"埼玉県","熊谷市","末広"
"埼玉県","熊谷市","須賀広"
"埼玉県","熊谷市","瀬南"
"埼玉県","熊谷市","善ケ島"
"埼玉県","熊谷市","千代"
"埼玉県","熊谷市","代"
"埼玉県","熊谷市","高本"
"埼玉県","熊谷市","高柳"
"埼玉県","熊谷市","田島"
"埼玉県","熊谷市","玉井"
"埼玉県","熊谷市","玉井南"
"埼玉県","熊谷市","玉作"
"埼玉県","熊谷市","俵瀬"
"埼玉県","熊谷市","中央"
"埼玉県","熊谷市","月見町"
"埼玉県","熊谷市","筑波"
"埼玉県","熊谷市","津田"
"埼玉県","熊谷市","津田新田"
"埼玉県","熊谷市","出来島"
"埼玉県","熊谷市","手島"
"埼玉県","熊谷市","道ケ谷戸"
"埼玉県","熊谷市","戸出"
"埼玉県","熊谷市","問屋町"
"埼玉県","熊谷市","永井太田"
"埼玉県","熊谷市","中恩田"
"埼玉県","熊谷市","中曽根"
"埼玉県","熊谷市","仲町"
"埼玉県","熊谷市","中奈良"
"埼玉県","熊谷市","中西"
"埼玉県","熊谷市","奈良新田"
"埼玉県","熊谷市","成沢"
"埼玉県","熊谷市","新島"
"埼玉県","熊谷市","新堀"
"埼玉県","熊谷市","新堀新田"
"埼玉県","熊谷市","西城"
"埼玉県","熊谷市","西野"
"埼玉県","熊谷市","西別府"
"埼玉県","熊谷市","沼黒"
"埼玉県","熊谷市","野原"
"埼玉県","熊谷市","箱田"
"埼玉県","熊谷市","原井"
"埼玉県","熊谷市","原島"
"埼玉県","熊谷市","東別府"
"埼玉県","熊谷市","日向"
"埼玉県","熊谷市","樋春"
"埼玉県","熊谷市","平塚新田"
"埼玉県","熊谷市","平戸"
"埼玉県","熊谷市","広瀬"
"埼玉県","熊谷市","武体"
"埼玉県","熊谷市","船木台"
"埼玉県","熊谷市","別府"
"埼玉県","熊谷市","弁財"
"埼玉県","熊谷市","星川"
"埼玉県","熊谷市","本石"
"埼玉県","熊谷市","本町"
"埼玉県","熊谷市","万吉"
"埼玉県","熊谷市","間々田"
"埼玉県","熊谷市","万平町"
"埼玉県","熊谷市","御稜威ケ原"
"埼玉県","熊谷市","三ケ尻"
"埼玉県","熊谷市","御正新田"
"埼玉県","熊谷市","三本"
"埼玉県","熊谷市","美土里町"
"埼玉県","熊谷市","箕輪"
"埼玉県","熊谷市","見晴町"
"埼玉県","熊谷市","宮町"
"埼玉県","熊谷市","宮前町"
"埼玉県","熊谷市","宮本町"
"埼玉県","熊谷市","向谷"
"埼玉県","熊谷市","村岡"
"埼玉県","熊谷市","妻沼"
"埼玉県","熊谷市","妻沼小島"
"埼玉県","熊谷市","妻沼台"
"埼玉県","熊谷市","妻沼中央"
"埼玉県","熊谷市","妻沼西"
"埼玉県","熊谷市","妻沼東"
"埼玉県","熊谷市","楊井"
"埼玉県","熊谷市","八木田"
"埼玉県","熊谷市","八ツ口"
"埼玉県","熊谷市","弥藤吾"
"埼玉県","熊谷市","弥生"
"埼玉県","川口市","青木"
"埼玉県","川口市","赤井"
"埼玉県","川口市","赤芝新田"
"埼玉県","川口市","赤山"
"埼玉県","川口市","朝日"
"埼玉県","川口市","新井宿"
"埼玉県","川口市","新井町"
"埼玉県","川口市","荒川町"
"埼玉県","川口市","安行"
"埼玉県","川口市","安行北谷"
"埼玉県","川口市","安行吉蔵"
"埼玉県","川口市","安行小山"
"埼玉県","川口市","安行慈林"
"埼玉県","川口市","安行藤八"
"埼玉県","川口市","安行西立野"
"埼玉県","川口市","安行原"
"埼玉県","川口市","安行吉岡"
"埼玉県","川口市","安行領家"
"埼玉県","川口市","安行出羽"
"埼玉県","川口市","安行領在家"
"埼玉県","川口市","安行領根岸"
"埼玉県","川口市","飯塚"
"埼玉県","川口市","飯原町"
"埼玉県","川口市","伊刈"
"埼玉県","川口市","石神"
"埼玉県","川口市","江戸"
"埼玉県","川口市","江戸袋"
"埼玉県","川口市","大竹"
"埼玉県","川口市","金山町"
"埼玉県","川口市","上青木"
"埼玉県","川口市","上青木西"
"埼玉県","川口市","川口"
"埼玉県","川口市","河原町"
"埼玉県","川口市","木曽呂"
"埼玉県","川口市","北園町"
"埼玉県","川口市","北原台"
"埼玉県","川口市","久左衛門新田"
"埼玉県","川口市","行衛"
"埼玉県","川口市","源左衛門新田"
"埼玉県","川口市","神戸"
"埼玉県","川口市","小谷場"
"埼玉県","川口市","在家町"
"埼玉県","川口市","幸町"
"埼玉県","川口市","栄町"
"埼玉県","川口市","坂下町"
"埼玉県","川口市","桜町"
"埼玉県","川口市","差間"
"埼玉県","川口市","里"
"埼玉県","川口市","芝"
"埼玉県","川口市","芝下"
"埼玉県","川口市","芝新町"
"埼玉県","川口市","芝園町"
"埼玉県","川口市","芝高木"
"埼玉県","川口市","芝塚原"
"埼玉県","川口市","芝中田"
"埼玉県","川口市","芝西"
"埼玉県","川口市","芝東町"
"埼玉県","川口市","芝樋ノ爪"
"埼玉県","川口市","芝富士"
"埼玉県","川口市","芝宮根町"
"埼玉県","川口市","末広"
"埼玉県","川口市","長蔵"
"埼玉県","川口市","長蔵新田"
"埼玉県","川口市","辻"
"埼玉県","川口市","藤兵衛新田"
"埼玉県","川口市","戸塚"
"埼玉県","川口市","戸塚境町"
"埼玉県","川口市","戸塚鋏町"
"埼玉県","川口市","戸塚東"
"埼玉県","川口市","戸塚南"
"埼玉県","川口市","中青木"
"埼玉県","川口市","仲町"
"埼玉県","川口市","並木"
"埼玉県","川口市","並木元町"
"埼玉県","川口市","新堀"
"埼玉県","川口市","新堀町"
"埼玉県","川口市","西青木"
"埼玉県","川口市","西新井宿"
"埼玉県","川口市","西川口"
"埼玉県","川口市","西立野"
"埼玉県","川口市","榛松"
"埼玉県","川口市","蓮沼"
"埼玉県","川口市","八幡木"
"埼玉県","川口市","鳩ケ谷本町"
"埼玉県","川口市","鳩ケ谷緑町"
"埼玉県","川口市","原町"
"埼玉県","川口市","東内野"
"埼玉県","川口市","東貝塚"
"埼玉県","川口市","東川口"
"埼玉県","川口市","東本郷"
"埼玉県","川口市","東領家"
"埼玉県","川口市","舟戸町"
"埼玉県","川口市","本町"
"埼玉県","川口市","本蓮"
"埼玉県","川口市","本前川"
"埼玉県","川口市","前上町"
"埼玉県","川口市","前川"
"埼玉県","川口市","前川町"
"埼玉県","川口市","前田"
"埼玉県","川口市","前野宿"
"埼玉県","川口市","道合"
"埼玉県","川口市","三ツ和"
"埼玉県","川口市","緑町"
"埼玉県","川口市","南町"
"埼玉県","川口市","南鳩ケ谷"
"埼玉県","川口市","南前川"
"埼玉県","川口市","峯"
"埼玉県","川口市","宮町"
"埼玉県","川口市","元郷"
"埼玉県","川口市","柳崎"
"埼玉県","川口市","柳根町"
"埼玉県","川口市","弥平"
"埼玉県","川口市","領家"
"埼玉県","行田市","旭町"
"埼玉県","行田市","荒木"
"埼玉県","行田市","壱里山町"
"埼玉県","行田市","犬塚"
"埼玉県","行田市","忍"
"埼玉県","行田市","押上町"
"埼玉県","行田市","小見"
"埼玉県","行田市","利田"
"埼玉県","行田市","門井町"
"埼玉県","行田市","上池守"
"埼玉県","行田市","北河原"
"埼玉県","行田市","行田"
"埼玉県","行田市","小敷田"
"埼玉県","行田市","小針"
"埼玉県","行田市","駒形"
"埼玉県","行田市","斎条"
"埼玉県","行田市","栄町"
"埼玉県","行田市","酒巻"
"埼玉県","行田市","埼玉"
"埼玉県","行田市","桜町"
"埼玉県","行田市","佐間"
"埼玉県","行田市","皿尾"
"埼玉県","行田市","清水町"
"埼玉県","行田市","下池守"
"埼玉県","行田市","下忍"
"埼玉県","行田市","下須戸"
"埼玉県","行田市","下中条"
"埼玉県","行田市","城西"
"埼玉県","行田市","城南"
"埼玉県","行田市","白川戸"
"埼玉県","行田市","水城公園"
"埼玉県","行田市","須加"
"埼玉県","行田市","関根"
"埼玉県","行田市","棚田町"
"埼玉県","行田市","中央"
"埼玉県","行田市","堤根"
"埼玉県","行田市","天満"
"埼玉県","行田市","藤間"
"埼玉県","行田市","中江袋"
"埼玉県","行田市","中里"
"埼玉県","行田市","長野"
"埼玉県","行田市","西新町"
"埼玉県","行田市","野"
"埼玉県","行田市","樋上"
"埼玉県","行田市","深水町"
"埼玉県","行田市","富士見町"
"埼玉県","行田市","藤原町"
"埼玉県","行田市","本丸"
"埼玉県","行田市","前谷"
"埼玉県","行田市","真名板"
"埼玉県","行田市","馬見塚"
"埼玉県","行田市","緑町"
"埼玉県","行田市","南河原"
"埼玉県","行田市","宮本"
"埼玉県","行田市","向町"
"埼玉県","行田市","持田"
"埼玉県","行田市","谷郷"
"埼玉県","行田市","矢場"
"埼玉県","行田市","若小玉"
"埼玉県","行田市","渡柳"
"埼玉県","行田市","和田"
"埼玉県","秩父市","相生町"
"埼玉県","秩父市","阿保町"
"埼玉県","秩父市","荒川小野原"
"埼玉県","秩父市","荒川上田野"
"埼玉県","秩父市","荒川久那"
"埼玉県","秩父市","荒川白久"
"埼玉県","秩父市","荒川贄川"
"埼玉県","秩父市","荒川日野"
"埼玉県","秩父市","伊古田"
"埼玉県","秩父市","和泉町"
"埼玉県","秩父市","上野町"
"埼玉県","秩父市","浦山"
"埼玉県","秩父市","太田"
"埼玉県","秩父市","大滝"
"埼玉県","秩父市","大野原"
"埼玉県","秩父市","大畑町"
"埼玉県","秩父市","大宮"
"埼玉県","秩父市","小柱"
"埼玉県","秩父市","金室町"
"埼玉県","秩父市","上影森"
"埼玉県","秩父市","上町"
"埼玉県","秩父市","上宮地町"
"埼玉県","秩父市","上吉田"
"埼玉県","秩父市","久那"
"埼玉県","秩父市","熊木町"
"埼玉県","秩父市","黒谷"
"埼玉県","秩父市","桜木町"
"埼玉県","秩父市","定峰"
"埼玉県","秩父市","品沢"
"埼玉県","秩父市","下影森"
"埼玉県","秩父市","下宮地町"
"埼玉県","秩父市","下吉田"
"埼玉県","秩父市","滝の上町"
"埼玉県","秩父市","田村"
"埼玉県","秩父市","近戸町"
"埼玉県","秩父市","寺尾"
"埼玉県","秩父市","道生町"
"埼玉県","秩父市","栃谷"
"埼玉県","秩父市","中津川"
"埼玉県","秩父市","中町"
"埼玉県","秩父市","中宮地町"
"埼玉県","秩父市","中村町"
"埼玉県","秩父市","永田町"
"埼玉県","秩父市","野坂町"
"埼玉県","秩父市","番場町"
"埼玉県","秩父市","東町"
"埼玉県","秩父市","日野田町"
"埼玉県","秩父市","別所"
"埼玉県","秩父市","堀切"
"埼玉県","秩父市","蒔田"
"埼玉県","秩父市","三峰"
"埼玉県","秩父市","みどりが丘"
"埼玉県","秩父市","宮側町"
"埼玉県","秩父市","本町"
"埼玉県","秩父市","柳田町"
"埼玉県","秩父市","山田"
"埼玉県","秩父市","吉田阿熊"
"埼玉県","秩父市","吉田石間"
"埼玉県","秩父市","吉田太田部"
"埼玉県","秩父市","吉田久長"
"埼玉県","所沢市","青葉台"
"埼玉県","所沢市","旭町"
"埼玉県","所沢市","荒幡"
"埼玉県","所沢市","泉町"
"埼玉県","所沢市","岩岡町"
"埼玉県","所沢市","牛沼"
"埼玉県","所沢市","榎町"
"埼玉県","所沢市","金山町"
"埼玉県","所沢市","上新井"
"埼玉県","所沢市","上安松"
"埼玉県","所沢市","上山口"
"埼玉県","所沢市","神米金"
"埼玉県","所沢市","亀ケ谷"
"埼玉県","所沢市","北秋津"
"埼玉県","所沢市","北岩岡"
"埼玉県","所沢市","北所沢町"
"埼玉県","所沢市","北中"
"埼玉県","所沢市","北野"
"埼玉県","所沢市","北野新町"
"埼玉県","所沢市","北野南"
"埼玉県","所沢市","北原町"
"埼玉県","所沢市","喜多町"
"埼玉県","所沢市","北有楽町"
"埼玉県","所沢市","くすのき台"
"埼玉県","所沢市","久米"
"埼玉県","所沢市","けやき台"
"埼玉県","所沢市","糀谷"
"埼玉県","所沢市","向陽町"
"埼玉県","所沢市","小手指台"
"埼玉県","所沢市","小手指町"
"埼玉県","所沢市","小手指南"
"埼玉県","所沢市","小手指元町"
"埼玉県","所沢市","寿町"
"埼玉県","所沢市","こぶし町"
"埼玉県","所沢市","坂之下"
"埼玉県","所沢市","狭山ケ丘"
"埼玉県","所沢市","下新井"
"埼玉県","所沢市","下富"
"埼玉県","所沢市","下安松"
"埼玉県","所沢市","勝楽寺"
"埼玉県","所沢市","城"
"埼玉県","所沢市","新郷"
"埼玉県","所沢市","所沢新町"
"埼玉県","所沢市","中新井"
"埼玉県","所沢市","中富"
"埼玉県","所沢市","中富南"
"埼玉県","所沢市","並木"
"埼玉県","所沢市","西新井町"
"埼玉県","所沢市","西狭山ケ丘"
"埼玉県","所沢市","西住吉"
"埼玉県","所沢市","西所沢"
"埼玉県","所沢市","花園"
"埼玉県","所沢市","林"
"埼玉県","所沢市","東新井町"
"埼玉県","所沢市","東狭山ケ丘"
"埼玉県","所沢市","東住吉"
"埼玉県","所沢市","東町"
"埼玉県","所沢市","東所沢"
"埼玉県","所沢市","東所沢和田"
"埼玉県","所沢市","日比田"
"埼玉県","所沢市","日吉町"
"埼玉県","所沢市","星の宮"
"埼玉県","所沢市","堀之内"
"埼玉県","所沢市","本郷"
"埼玉県","所沢市","松が丘"
"埼玉県","所沢市","松郷"
"埼玉県","所沢市","松葉町"
"埼玉県","所沢市","三ケ島"
"埼玉県","所沢市","緑町"
"埼玉県","所沢市","南住吉"
"埼玉県","所沢市","南永井"
"埼玉県","所沢市","美原町"
"埼玉県","所沢市","宮本町"
"埼玉県","所沢市","御幸町"
"埼玉県","所沢市","元町"
"埼玉県","所沢市","山口"
"埼玉県","所沢市","弥生町"
"埼玉県","所沢市","有楽町"
"埼玉県","所沢市","若狭"
"埼玉県","所沢市","若松町"
"埼玉県","所沢市","和ケ原"
"埼玉県","飯能市","青木"
"埼玉県","飯能市","赤沢"
"埼玉県","飯能市","茜台"
"埼玉県","飯能市","吾野"
"埼玉県","飯能市","芦苅場"
"埼玉県","飯能市","阿須"
"埼玉県","飯能市","東町"
"埼玉県","飯能市","稲荷町"
"埼玉県","飯能市","井上"
"埼玉県","飯能市","岩沢"
"埼玉県","飯能市","岩渕"
"埼玉県","飯能市","大河原"
"埼玉県","飯能市","落合"
"埼玉県","飯能市","笠縫"
"埼玉県","飯能市","上赤工"
"埼玉県","飯能市","上直竹上分"
"埼玉県","飯能市","上直竹下分"
"埼玉県","飯能市","上長沢"
"埼玉県","飯能市","上名栗"
"埼玉県","飯能市","上畑"
"埼玉県","飯能市","唐竹"
"埼玉県","飯能市","苅生"
"埼玉県","飯能市","川崎"
"埼玉県","飯能市","川寺"
"埼玉県","飯能市","北川"
"埼玉県","飯能市","久下"
"埼玉県","飯能市","久須美"
"埼玉県","飯能市","小岩井"
"埼玉県","飯能市","小久保"
"埼玉県","飯能市","虎秀"
"埼玉県","飯能市","小瀬戸"
"埼玉県","飯能市","坂石"
"埼玉県","飯能市","坂石町分"
"埼玉県","飯能市","栄町"
"埼玉県","飯能市","坂元"
"埼玉県","飯能市","下赤工"
"埼玉県","飯能市","下加治"
"埼玉県","飯能市","下川崎"
"埼玉県","飯能市","下直竹"
"埼玉県","飯能市","下名栗"
"埼玉県","飯能市","下畑"
"埼玉県","飯能市","白子"
"埼玉県","飯能市","新光"
"埼玉県","飯能市","新町"
"埼玉県","飯能市","征矢町"
"埼玉県","飯能市","高山"
"埼玉県","飯能市","中居"
"埼玉県","飯能市","仲町"
"埼玉県","飯能市","中藤上郷"
"埼玉県","飯能市","中藤中郷"
"埼玉県","飯能市","中藤下郷"
"埼玉県","飯能市","中山"
"埼玉県","飯能市","長沢"
"埼玉県","飯能市","永田"
"埼玉県","飯能市","永田台"
"埼玉県","飯能市","双柳"
"埼玉県","飯能市","八幡町"
"埼玉県","飯能市","原市場"
"埼玉県","飯能市","原町"
"埼玉県","飯能市","飯能"
"埼玉県","飯能市","平戸"
"埼玉県","飯能市","平松"
"埼玉県","飯能市","本町"
"埼玉県","飯能市","前ケ貫"
"埼玉県","飯能市","美杉台"
"埼玉県","飯能市","緑町"
"埼玉県","飯能市","南"
"埼玉県","飯能市","南川"
"埼玉県","飯能市","南町"
"埼玉県","飯能市","宮沢"
"埼玉県","飯能市","矢颪"
"埼玉県","飯能市","柳町"
"埼玉県","飯能市","山手町"
"埼玉県","加須市","阿佐間"
"埼玉県","加須市","愛宕"
"埼玉県","加須市","新井新田"
"埼玉県","加須市","阿良川"
"埼玉県","加須市","飯積"
"埼玉県","加須市","伊賀袋"
"埼玉県","加須市","今鉾"
"埼玉県","加須市","芋茎"
"埼玉県","加須市","牛重"
"埼玉県","加須市","内田ケ谷"
"埼玉県","加須市","生出"
"埼玉県","加須市","大桑"
"埼玉県","加須市","大越"
"埼玉県","加須市","大室"
"埼玉県","加須市","岡古井"
"埼玉県","加須市","小野袋"
"埼玉県","加須市","柏戸"
"埼玉県","加須市","上崎"
"埼玉県","加須市","上高柳"
"埼玉県","加須市","上種足"
"埼玉県","加須市","上樋遣川"
"埼玉県","加須市","上三俣"
"埼玉県","加須市","川口"
"埼玉県","加須市","騎西"
"埼玉県","加須市","北大桑"
"埼玉県","加須市","北小浜"
"埼玉県","加須市","北篠崎"
"埼玉県","加須市","北下新井"
"埼玉県","加須市","北辻"
"埼玉県","加須市","北平野"
"埼玉県","加須市","久下"
"埼玉県","加須市","串作"
"埼玉県","加須市","外記新田"
"埼玉県","加須市","鴻茎"
"埼玉県","加須市","琴寄"
"埼玉県","加須市","駒場"
"埼玉県","加須市","栄"
"埼玉県","加須市","佐波"
"埼玉県","加須市","志多見"
"埼玉県","加須市","下崎"
"埼玉県","加須市","下高柳"
"埼玉県","加須市","下種足"
"埼玉県","加須市","下樋遣川"
"埼玉県","加須市","下三俣"
"埼玉県","加須市","下谷"
"埼玉県","加須市","杓子木"
"埼玉県","加須市","正能"
"埼玉県","加須市","新川通"
"埼玉県","加須市","新利根"
"埼玉県","加須市","砂原"
"埼玉県","加須市","諏訪"
"埼玉県","加須市","外川"
"埼玉県","加須市","外田ケ谷"
"埼玉県","加須市","外野"
"埼玉県","加須市","大門町"
"埼玉県","加須市","多門寺"
"埼玉県","加須市","中央"
"埼玉県","加須市","常泉"
"埼玉県","加須市","東栄"
"埼玉県","加須市","道地"
"埼玉県","加須市","道目"
"埼玉県","加須市","戸川"
"埼玉県","加須市","戸崎"
"埼玉県","加須市","土手"
"埼玉県","加須市","戸室"
"埼玉県","加須市","豊野台"
"埼玉県","加須市","中種足"
"埼玉県","加須市","中ノ目"
"埼玉県","加須市","中樋遣川"
"埼玉県","加須市","中渡"
"埼玉県","加須市","西ノ谷"
"埼玉県","加須市","根古屋"
"埼玉県","加須市","旗井"
"埼玉県","加須市","鳩山町"
"埼玉県","加須市","花崎"
"埼玉県","加須市","花崎北"
"埼玉県","加須市","浜町"
"埼玉県","加須市","日出安"
"埼玉県","加須市","平永"
"埼玉県","加須市","富士見町"
"埼玉県","加須市","不動岡"
"埼玉県","加須市","船越"
"埼玉県","加須市","古川"
"埼玉県","加須市","細間"
"埼玉県","加須市","本郷"
"埼玉県","加須市","本町"
"埼玉県","加須市","間口"
"埼玉県","加須市","町屋新田"
"埼玉県","加須市","松永新田"
"埼玉県","加須市","水深"
"埼玉県","加須市","三俣"
"埼玉県","加須市","南大桑"
"埼玉県","加須市","南小浜"
"埼玉県","加須市","南篠崎"
"埼玉県","加須市","南町"
"埼玉県","加須市","向古河"
"埼玉県","加須市","麦倉"
"埼玉県","加須市","向川岸町"
"埼玉県","加須市","睦町"
"埼玉県","加須市","馬内"
"埼玉県","加須市","元町"
"埼玉県","加須市","柳生"
"埼玉県","加須市","弥兵衛"
"埼玉県","加須市","油井ケ島"
"埼玉県","加須市","陽光台"
"埼玉県","加須市","礼羽"
"埼玉県","加須市","割目"
"埼玉県","本庄市","朝日町"
"埼玉県","本庄市","新井"
"埼玉県","本庄市","五十子"
"埼玉県","本庄市","今井"
"埼玉県","本庄市","いまい台"
"埼玉県","本庄市","鵜森"
"埼玉県","本庄市","駅南"
"埼玉県","本庄市","小島"
"埼玉県","本庄市","小島南"
"埼玉県","本庄市","柏"
"埼玉県","本庄市","上仁手"
"埼玉県","本庄市","北堀"
"埼玉県","本庄市","共栄"
"埼玉県","本庄市","銀座"
"埼玉県","本庄市","久々宇"
"埼玉県","本庄市","栗崎"
"埼玉県","本庄市","けや木"
"埼玉県","本庄市","見福"
"埼玉県","本庄市","児玉町秋山"
"埼玉県","本庄市","児玉町飯倉"
"埼玉県","本庄市","児玉町稲沢"
"埼玉県","本庄市","児玉町入浅見"
"埼玉県","本庄市","児玉町太駄"
"埼玉県","本庄市","児玉町金屋"
"埼玉県","本庄市","児玉町上真下"
"埼玉県","本庄市","児玉町吉田林"
"埼玉県","本庄市","児玉町共栄"
"埼玉県","本庄市","児玉町元田"
"埼玉県","本庄市","児玉町河内"
"埼玉県","本庄市","児玉町小平"
"埼玉県","本庄市","児玉町児玉"
"埼玉県","本庄市","児玉町児玉南"
"埼玉県","本庄市","児玉町塩谷"
"埼玉県","本庄市","児玉町下浅見"
"埼玉県","本庄市","児玉町下真下"
"埼玉県","本庄市","児玉町高関"
"埼玉県","本庄市","児玉町高柳"
"埼玉県","本庄市","児玉町田端"
"埼玉県","本庄市","児玉町長沖"
"埼玉県","本庄市","児玉町八幡山"
"埼玉県","本庄市","児玉町蛭川"
"埼玉県","本庄市","児玉町保木野"
"埼玉県","本庄市","児玉町宮内"
"埼玉県","本庄市","寿"
"埼玉県","本庄市","小和瀬"
"埼玉県","本庄市","栄"
"埼玉県","本庄市","山王堂"
"埼玉県","本庄市","四季の里"
"埼玉県","本庄市","四方田"
"埼玉県","本庄市","下仁手"
"埼玉県","本庄市","下野堂"
"埼玉県","本庄市","杉山"
"埼玉県","本庄市","諏訪町"
"埼玉県","本庄市","台町"
"埼玉県","本庄市","滝瀬"
"埼玉県","本庄市","田中"
"埼玉県","本庄市","中央"
"埼玉県","本庄市","千代田"
"埼玉県","本庄市","照若町"
"埼玉県","本庄市","西五十子"
"埼玉県","本庄市","西富田"
"埼玉県","本庄市","仁手"
"埼玉県","本庄市","沼和田"
"埼玉県","本庄市","東五十子"
"埼玉県","本庄市","東台"
"埼玉県","本庄市","東富田"
"埼玉県","本庄市","日の出"
"埼玉県","本庄市","傍示堂"
"埼玉県","本庄市","堀田"
"埼玉県","本庄市","本庄"
"埼玉県","本庄市","前原"
"埼玉県","本庄市","万年寺"
"埼玉県","本庄市","緑"
"埼玉県","本庄市","南"
"埼玉県","本庄市","都島"
"埼玉県","本庄市","宮戸"
"埼玉県","本庄市","牧西"
"埼玉県","本庄市","本町"
"埼玉県","本庄市","若泉"
"埼玉県","本庄市","早稲田の杜"
"埼玉県","東松山市","あずま町"
"埼玉県","東松山市","石橋"
"埼玉県","東松山市","和泉町"
"埼玉県","東松山市","市ノ川"
"埼玉県","東松山市","今泉"
"埼玉県","東松山市","岩殿"
"埼玉県","東松山市","大黒部"
"埼玉県","東松山市","大谷"
"埼玉県","東松山市","岡"
"埼玉県","東松山市","御茶山町"
"埼玉県","東松山市","柏崎"
"埼玉県","東松山市","上押垂"
"埼玉県","東松山市","上唐子"
"埼玉県","東松山市","加美町"
"埼玉県","東松山市","上野本"
"埼玉県","東松山市","葛袋"
"埼玉県","東松山市","毛塚"
"埼玉県","東松山市","神戸"
"埼玉県","東松山市","五領町"
"埼玉県","東松山市","小松原町"
"埼玉県","東松山市","材木町"
"埼玉県","東松山市","幸町"
"埼玉県","東松山市","桜山台"
"埼玉県","東松山市","沢口町"
"埼玉県","東松山市","下青鳥"
"埼玉県","東松山市","下押垂"
"埼玉県","東松山市","下唐子"
"埼玉県","東松山市","下野本"
"埼玉県","東松山市","正代"
"埼玉県","東松山市","新郷"
"埼玉県","東松山市","新宿町"
"埼玉県","東松山市","神明町"
"埼玉県","東松山市","砂田町"
"埼玉県","東松山市","高坂"
"埼玉県","東松山市","田木"
"埼玉県","東松山市","殿山町"
"埼玉県","東松山市","西本宿"
"埼玉県","東松山市","野田"
"埼玉県","東松山市","白山台"
"埼玉県","東松山市","旗立台"
"埼玉県","東松山市","早俣"
"埼玉県","東松山市","坂東山"
"埼玉県","東松山市","東平"
"埼玉県","東松山市","日吉町"
"埼玉県","東松山市","古凍"
"埼玉県","東松山市","本町"
"埼玉県","東松山市","松風台"
"埼玉県","東松山市","松葉町"
"埼玉県","東松山市","松本町"
"埼玉県","東松山市","松山"
"埼玉県","東松山市","松山町"
"埼玉県","東松山市","美土里町"
"埼玉県","東松山市","宮鼻"
"埼玉県","東松山市","元宿"
"埼玉県","東松山市","箭弓町"
"埼玉県","東松山市","山崎町"
"埼玉県","東松山市","六反町"
"埼玉県","東松山市","六軒町"
"埼玉県","東松山市","若松町"
"埼玉県","春日部市","赤崎"
"埼玉県","春日部市","赤沼"
"埼玉県","春日部市","飯沼"
"埼玉県","春日部市","一ノ割"
"埼玉県","春日部市","牛島"
"埼玉県","春日部市","内牧"
"埼玉県","春日部市","梅田"
"埼玉県","春日部市","梅田本町"
"埼玉県","春日部市","榎"
"埼玉県","春日部市","大枝"
"埼玉県","春日部市","大沼"
"埼玉県","春日部市","大畑"
"埼玉県","春日部市","大場"
"埼玉県","春日部市","大衾"
"埼玉県","春日部市","粕壁"
"埼玉県","春日部市","粕壁東"
"埼玉県","春日部市","金崎"
"埼玉県","春日部市","上大増新田"
"埼玉県","春日部市","上金崎"
"埼玉県","春日部市","上吉妻"
"埼玉県","春日部市","上蛭田"
"埼玉県","春日部市","上柳"
"埼玉県","春日部市","神間"
"埼玉県","春日部市","木崎"
"埼玉県","春日部市","椚"
"埼玉県","春日部市","倉常"
"埼玉県","春日部市","小平"
"埼玉県","春日部市","小渕"
"埼玉県","春日部市","米崎"
"埼玉県","春日部市","米島"
"埼玉県","春日部市","栄町"
"埼玉県","春日部市","下大増新田"
"埼玉県","春日部市","下吉妻"
"埼玉県","春日部市","下蛭田"
"埼玉県","春日部市","下柳"
"埼玉県","春日部市","新川"
"埼玉県","春日部市","新宿新田"
"埼玉県","春日部市","水角"
"埼玉県","春日部市","薄谷"
"埼玉県","春日部市","千間"
"埼玉県","春日部市","武里中野"
"埼玉県","春日部市","立野"
"埼玉県","春日部市","中央"
"埼玉県","春日部市","銚子口"
"埼玉県","春日部市","塚崎"
"埼玉県","春日部市","道口蛭田"
"埼玉県","春日部市","道順川戸"
"埼玉県","春日部市","豊野町"
"埼玉県","春日部市","永沼"
"埼玉県","春日部市","新方袋"
"埼玉県","春日部市","西親野井"
"埼玉県","春日部市","西金野井"
"埼玉県","春日部市","西八木崎"
"埼玉県","春日部市","西宝珠花"
"埼玉県","春日部市","八丁目"
"埼玉県","春日部市","花積"
"埼玉県","春日部市","浜川戸"
"埼玉県","春日部市","東中野"
"埼玉県","春日部市","樋堀"
"埼玉県","春日部市","樋籠"
"埼玉県","春日部市","備後東"
"埼玉県","春日部市","備後西"
"埼玉県","春日部市","藤塚"
"埼玉県","春日部市","不動院野"
"埼玉県","春日部市","本田町"
"埼玉県","春日部市","増戸"
"埼玉県","春日部市","増富"
"埼玉県","春日部市","増田新田"
"埼玉県","春日部市","緑町"
"埼玉県","春日部市","南"
"埼玉県","春日部市","南栄町"
"埼玉県","春日部市","南中曽根"
"埼玉県","春日部市","八木崎町"
"埼玉県","春日部市","谷原"
"埼玉県","春日部市","谷原新田"
"埼玉県","春日部市","豊町"
"埼玉県","春日部市","芦橋"
"埼玉県","春日部市","六軒町"
"埼玉県","狭山市","青柳"
"埼玉県","狭山市","稲荷山"
"埼玉県","狭山市","入間川"
"埼玉県","狭山市","鵜ノ木"
"埼玉県","狭山市","加佐志"
"埼玉県","狭山市","柏原"
"埼玉県","狭山市","柏原新田"
"埼玉県","狭山市","上赤坂"
"埼玉県","狭山市","上奥富"
"埼玉県","狭山市","上広瀬"
"埼玉県","狭山市","祇園"
"埼玉県","狭山市","北入曽"
"埼玉県","狭山市","笹井"
"埼玉県","狭山市","狭山"
"埼玉県","狭山市","狭山台"
"埼玉県","狭山市","沢"
"埼玉県","狭山市","下奥富"
"埼玉県","狭山市","下広瀬"
"埼玉県","狭山市","新狭山"
"埼玉県","狭山市","中央"
"埼玉県","狭山市","つつじ野"
"埼玉県","狭山市","中新田"
"埼玉県","狭山市","根岸"
"埼玉県","狭山市","東三ツ木"
"埼玉県","狭山市","広瀬"
"埼玉県","狭山市","広瀬台"
"埼玉県","狭山市","広瀬東"
"埼玉県","狭山市","富士見"
"埼玉県","狭山市","堀兼"
"埼玉県","狭山市","水野"
"埼玉県","狭山市","南入曽"
"埼玉県","羽生市","稲子"
"埼玉県","羽生市","今泉"
"埼玉県","羽生市","大沼"
"埼玉県","羽生市","尾崎"
"埼玉県","羽生市","加羽ケ崎"
"埼玉県","羽生市","上岩瀬"
"埼玉県","羽生市","上川崎"
"埼玉県","羽生市","上川俣"
"埼玉県","羽生市","上新郷"
"埼玉県","羽生市","上手子林"
"埼玉県","羽生市","上羽生"
"埼玉県","羽生市","上村君"
"埼玉県","羽生市","川崎"
"埼玉県","羽生市","喜右エ門新田"
"埼玉県","羽生市","北"
"埼玉県","羽生市","北荻島"
"埼玉県","羽生市","北袋"
"埼玉県","羽生市","桑崎"
"埼玉県","羽生市","神戸"
"埼玉県","羽生市","小須賀"
"埼玉県","羽生市","小松"
"埼玉県","羽生市","小松台"
"埼玉県","羽生市","下岩瀬"
"埼玉県","羽生市","下川崎"
"埼玉県","羽生市","下新郷"
"埼玉県","羽生市","下新田"
"埼玉県","羽生市","下手子林"
"埼玉県","羽生市","下羽生"
"埼玉県","羽生市","下村君"
"埼玉県","羽生市","須影"
"埼玉県","羽生市","砂山"
"埼玉県","羽生市","中央"
"埼玉県","羽生市","堤"
"埼玉県","羽生市","常木"
"埼玉県","羽生市","中岩瀬"
"埼玉県","羽生市","中手子林"
"埼玉県","羽生市","西"
"埼玉県","羽生市","羽生"
"埼玉県","羽生市","東"
"埼玉県","羽生市","秀安"
"埼玉県","羽生市","日野手新田"
"埼玉県","羽生市","藤井上組"
"埼玉県","羽生市","藤井下組"
"埼玉県","羽生市","発戸"
"埼玉県","羽生市","本川俣"
"埼玉県","羽生市","町屋"
"埼玉県","羽生市","三田ケ谷"
"埼玉県","羽生市","南"
"埼玉県","羽生市","南羽生"
"埼玉県","羽生市","名"
"埼玉県","羽生市","弥勒"
"埼玉県","羽生市","与兵エ新田"
"埼玉県","鴻巣市","愛の町"
"埼玉県","鴻巣市","赤城"
"埼玉県","鴻巣市","赤城台"
"埼玉県","鴻巣市","赤見台"
"埼玉県","鴻巣市","新井"
"埼玉県","鴻巣市","安養寺"
"埼玉県","鴻巣市","市ノ縄"
"埼玉県","鴻巣市","稲荷町"
"埼玉県","鴻巣市","榎戸"
"埼玉県","鴻巣市","生出塚"
"埼玉県","鴻巣市","大芦"
"埼玉県","鴻巣市","大間"
"埼玉県","鴻巣市","笠原"
"埼玉県","鴻巣市","鎌塚"
"埼玉県","鴻巣市","加美"
"埼玉県","鴻巣市","上会下"
"埼玉県","鴻巣市","上生出塚"
"埼玉県","鴻巣市","上谷"
"埼玉県","鴻巣市","川面"
"埼玉県","鴻巣市","北新宿"
"埼玉県","鴻巣市","北中野"
"埼玉県","鴻巣市","北根"
"埼玉県","鴻巣市","屈巣"
"埼玉県","鴻巣市","郷地"
"埼玉県","鴻巣市","鴻巣"
"埼玉県","鴻巣市","小松"
"埼玉県","鴻巣市","小谷"
"埼玉県","鴻巣市","幸町"
"埼玉県","鴻巣市","境"
"埼玉県","鴻巣市","栄町"
"埼玉県","鴻巣市","逆川"
"埼玉県","鴻巣市","三町免"
"埼玉県","鴻巣市","下生出塚"
"埼玉県","鴻巣市","下忍"
"埼玉県","鴻巣市","下谷"
"埼玉県","鴻巣市","常光"
"埼玉県","鴻巣市","新宿"
"埼玉県","鴻巣市","神明"
"埼玉県","鴻巣市","すみれ野"
"埼玉県","鴻巣市","関新田"
"埼玉県","鴻巣市","滝馬室"
"埼玉県","鴻巣市","中央"
"埼玉県","鴻巣市","筑波"
"埼玉県","鴻巣市","堤町"
"埼玉県","鴻巣市","寺谷"
"埼玉県","鴻巣市","天神"
"埼玉県","鴻巣市","中井"
"埼玉県","鴻巣市","西中曽根"
"埼玉県","鴻巣市","人形"
"埼玉県","鴻巣市","糠田"
"埼玉県","鴻巣市","登戸"
"埼玉県","鴻巣市","八幡田"
"埼玉県","鴻巣市","荊原"
"埼玉県","鴻巣市","原馬室"
"埼玉県","鴻巣市","氷川町"
"埼玉県","鴻巣市","東"
"埼玉県","鴻巣市","ひばり野"
"埼玉県","鴻巣市","広田"
"埼玉県","鴻巣市","吹上"
"埼玉県","鴻巣市","吹上富士見"
"埼玉県","鴻巣市","吹上本町"
"埼玉県","鴻巣市","袋"
"埼玉県","鴻巣市","富士見町"
"埼玉県","鴻巣市","本町"
"埼玉県","鴻巣市","本宮町"
"埼玉県","鴻巣市","前砂"
"埼玉県","鴻巣市","松原"
"埼玉県","鴻巣市","箕田"
"埼玉県","鴻巣市","三ツ木"
"埼玉県","鴻巣市","緑町"
"埼玉県","鴻巣市","南"
"埼玉県","鴻巣市","宮地"
"埼玉県","鴻巣市","宮前"
"埼玉県","鴻巣市","明用"
"埼玉県","鴻巣市","雷電"
"埼玉県","深谷市","秋元町"
"埼玉県","深谷市","明戸"
"埼玉県","深谷市","新井"
"埼玉県","深谷市","荒川"
"埼玉県","深谷市","石塚"
"埼玉県","深谷市","伊勢方"
"埼玉県","深谷市","稲荷町"
"埼玉県","深谷市","稲荷町北"
"埼玉県","深谷市","今泉"
"埼玉県","深谷市","後榛沢"
"埼玉県","深谷市","内ケ島"
"埼玉県","深谷市","上野台"
"埼玉県","深谷市","江原"
"埼玉県","深谷市","大塚島"
"埼玉県","深谷市","大塚"
"埼玉県","深谷市","大谷"
"埼玉県","深谷市","岡"
"埼玉県","深谷市","岡里"
"埼玉県","深谷市","岡部"
"埼玉県","深谷市","起会"
"埼玉県","深谷市","小前田"
"埼玉県","深谷市","折之口"
"埼玉県","深谷市","樫合"
"埼玉県","深谷市","柏合"
"埼玉県","深谷市","上柴町東"
"埼玉県","深谷市","上柴町西"
"埼玉県","深谷市","上手計"
"埼玉県","深谷市","上原"
"埼玉県","深谷市","上増田"
"埼玉県","深谷市","萱場"
"埼玉県","深谷市","川本明戸"
"埼玉県","深谷市","北阿賀野"
"埼玉県","深谷市","北根"
"埼玉県","深谷市","櫛引"
"埼玉県","深谷市","櫛挽"
"埼玉県","深谷市","沓掛"
"埼玉県","深谷市","黒田"
"埼玉県","深谷市","国済寺"
"埼玉県","深谷市","国済寺町"
"埼玉県","深谷市","寿町"
"埼玉県","深谷市","境"
"埼玉県","深谷市","栄町"
"埼玉県","深谷市","桜ケ丘"
"埼玉県","深谷市","下手計"
"埼玉県","深谷市","宿根"
"埼玉県","深谷市","上敷免"
"埼玉県","深谷市","白草台"
"埼玉県","深谷市","新戒"
"埼玉県","深谷市","菅沼"
"埼玉県","深谷市","瀬山"
"埼玉県","深谷市","高島"
"埼玉県","深谷市","高畑"
"埼玉県","深谷市","武川"
"埼玉県","深谷市","田所町"
"埼玉県","深谷市","田中"
"埼玉県","深谷市","田谷"
"埼玉県","深谷市","血洗島"
"埼玉県","深谷市","天神町"
"埼玉県","深谷市","常盤町"
"埼玉県","深谷市","戸森"
"埼玉県","深谷市","長在家"
"埼玉県","深谷市","中瀬"
"埼玉県","深谷市","永田"
"埼玉県","深谷市","仲町"
"埼玉県","深谷市","成塚"
"埼玉県","深谷市","西大沼"
"埼玉県","深谷市","西島町"
"埼玉県","深谷市","西島"
"埼玉県","深谷市","西田"
"埼玉県","深谷市","沼尻"
"埼玉県","深谷市","蓮沼"
"埼玉県","深谷市","畠山"
"埼玉県","深谷市","幡羅町"
"埼玉県","深谷市","原郷"
"埼玉県","深谷市","針ケ谷"
"埼玉県","深谷市","榛沢"
"埼玉県","深谷市","榛沢新田"
"埼玉県","深谷市","東大沼"
"埼玉県","深谷市","東方"
"埼玉県","深谷市","東方町"
"埼玉県","深谷市","人見"
"埼玉県","深谷市","深谷町"
"埼玉県","深谷市","普済寺"
"埼玉県","深谷市","藤野木"
"埼玉県","深谷市","二ツ小屋"
"埼玉県","深谷市","堀米"
"埼玉県","深谷市","本郷"
"埼玉県","深谷市","本田"
"埼玉県","深谷市","本田ケ谷"
"埼玉県","深谷市","前小屋"
"埼玉県","深谷市","曲田"
"埼玉県","深谷市","錦町"
"埼玉県","深谷市","町田"
"埼玉県","深谷市","緑ケ丘"
"埼玉県","深谷市","緑台"
"埼玉県","深谷市","南阿賀野"
"埼玉県","深谷市","見晴町"
"埼玉県","深谷市","宮ケ谷戸"
"埼玉県","深谷市","武蔵野"
"埼玉県","深谷市","本住町"
"埼玉県","深谷市","矢島"
"埼玉県","深谷市","谷之"
"埼玉県","深谷市","山河"
"埼玉県","深谷市","山崎"
"埼玉県","深谷市","横瀬"
"埼玉県","上尾市","上尾下"
"埼玉県","上尾市","上尾宿"
"埼玉県","上尾市","上尾村"
"埼玉県","上尾市","浅間台"
"埼玉県","上尾市","東町"
"埼玉県","上尾市","畔吉"
"埼玉県","上尾市","愛宕"
"埼玉県","上尾市","泉台"
"埼玉県","上尾市","壱丁目"
"埼玉県","上尾市","井戸木"
"埼玉県","上尾市","今泉"
"埼玉県","上尾市","上野"
"埼玉県","上尾市","上野本郷"
"埼玉県","上尾市","大谷本郷"
"埼玉県","上尾市","柏座"
"埼玉県","上尾市","春日"
"埼玉県","上尾市","上"
"埼玉県","上尾市","上町"
"埼玉県","上尾市","上平中央"
"埼玉県","上尾市","川"
"埼玉県","上尾市","瓦葺"
"埼玉県","上尾市","久保"
"埼玉県","上尾市","小泉"
"埼玉県","上尾市","小敷谷"
"埼玉県","上尾市","五番町"
"埼玉県","上尾市","栄町"
"埼玉県","上尾市","地頭方"
"埼玉県","上尾市","須ケ谷"
"埼玉県","上尾市","菅谷"
"埼玉県","上尾市","堤崎"
"埼玉県","上尾市","戸崎"
"埼玉県","上尾市","中新井"
"埼玉県","上尾市","仲町"
"埼玉県","上尾市","中妻"
"埼玉県","上尾市","中分"
"埼玉県","上尾市","西貝塚"
"埼玉県","上尾市","錦町"
"埼玉県","上尾市","西宮下"
"埼玉県","上尾市","西門前"
"埼玉県","上尾市","原市"
"埼玉県","上尾市","原市北"
"埼玉県","上尾市","原市中"
"埼玉県","上尾市","原新町"
"埼玉県","上尾市","日の出"
"埼玉県","上尾市","平方"
"埼玉県","上尾市","平方領々家"
"埼玉県","上尾市","平塚"
"埼玉県","上尾市","藤波"
"埼玉県","上尾市","富士見"
"埼玉県","上尾市","二ツ宮"
"埼玉県","上尾市","弁財"
"埼玉県","上尾市","本町"
"埼玉県","上尾市","緑丘"
"埼玉県","上尾市","南"
"埼玉県","上尾市","宮本町"
"埼玉県","上尾市","向山"
"埼玉県","上尾市","谷津"
"埼玉県","上尾市","領家"
"埼玉県","草加市","青柳"
"埼玉県","草加市","青柳町"
"埼玉県","草加市","旭町"
"埼玉県","草加市","遊馬町"
"埼玉県","草加市","稲荷"
"埼玉県","草加市","柿木町"
"埼玉県","草加市","学園町"
"埼玉県","草加市","北谷"
"埼玉県","草加市","北谷町"
"埼玉県","草加市","金明町"
"埼玉県","草加市","小山"
"埼玉県","草加市","栄町"
"埼玉県","草加市","新栄"
"埼玉県","草加市","新善町"
"埼玉県","草加市","神明"
"埼玉県","草加市","住吉"
"埼玉県","草加市","清門"
"埼玉県","草加市","瀬崎"
"埼玉県","草加市","草加"
"埼玉県","草加市","高砂"
"埼玉県","草加市","中央"
"埼玉県","草加市","長栄"
"埼玉県","草加市","手代町"
"埼玉県","草加市","苗塚町"
"埼玉県","草加市","中根"
"埼玉県","草加市","西町"
"埼玉県","草加市","新里町"
"埼玉県","草加市","花栗"
"埼玉県","草加市","原町"
"埼玉県","草加市","氷川町"
"埼玉県","草加市","弁天"
"埼玉県","草加市","松江"
"埼玉県","草加市","松原"
"埼玉県","草加市","谷塚"
"埼玉県","草加市","谷塚上町"
"埼玉県","草加市","谷塚仲町"
"埼玉県","草加市","谷塚町"
"埼玉県","草加市","柳島町"
"埼玉県","草加市","八幡町"
"埼玉県","草加市","吉町"
"埼玉県","草加市","両新田東町"
"埼玉県","草加市","両新田西町"
"埼玉県","越谷市","赤山町"
"埼玉県","越谷市","赤山本町"
"埼玉県","越谷市","東町"
"埼玉県","越谷市","伊原"
"埼玉県","越谷市","大沢"
"埼玉県","越谷市","大里"
"埼玉県","越谷市","大杉"
"埼玉県","越谷市","大竹"
"埼玉県","越谷市","大泊"
"埼玉県","越谷市","大林"
"埼玉県","越谷市","大房"
"埼玉県","越谷市","大松"
"埼玉県","越谷市","大間野町"
"埼玉県","越谷市","大道"
"埼玉県","越谷市","大吉"
"埼玉県","越谷市","小曽川"
"埼玉県","越谷市","恩間"
"埼玉県","越谷市","恩間新田"
"埼玉県","越谷市","上間久里"
"埼玉県","越谷市","蒲生"
"埼玉県","越谷市","蒲生茜町"
"埼玉県","越谷市","蒲生旭町"
"埼玉県","越谷市","蒲生愛宕町"
"埼玉県","越谷市","蒲生寿町"
"埼玉県","越谷市","蒲生東町"
"埼玉県","越谷市","蒲生西町"
"埼玉県","越谷市","蒲生南町"
"埼玉県","越谷市","蒲生本町"
"埼玉県","越谷市","川柳町"
"埼玉県","越谷市","瓦曽根"
"埼玉県","越谷市","北後谷"
"埼玉県","越谷市","北川崎"
"埼玉県","越谷市","北越谷"
"埼玉県","越谷市","越ケ谷"
"埼玉県","越谷市","越ケ谷本町"
"埼玉県","越谷市","御殿町"
"埼玉県","越谷市","相模町"
"埼玉県","越谷市","三野宮"
"埼玉県","越谷市","七左町"
"埼玉県","越谷市","下間久里"
"埼玉県","越谷市","新川町"
"埼玉県","越谷市","神明町"
"埼玉県","越谷市","砂原"
"埼玉県","越谷市","千間台東"
"埼玉県","越谷市","千間台西"
"埼玉県","越谷市","大成町"
"埼玉県","越谷市","中島"
"埼玉県","越谷市","中町"
"埼玉県","越谷市","長島"
"埼玉県","越谷市","西新井"
"埼玉県","越谷市","西方"
"埼玉県","越谷市","野島"
"埼玉県","越谷市","登戸町"
"埼玉県","越谷市","花田"
"埼玉県","越谷市","東大沢"
"埼玉県","越谷市","東越谷"
"埼玉県","越谷市","東柳田町"
"埼玉県","越谷市","平方"
"埼玉県","越谷市","平方南町"
"埼玉県","越谷市","袋山"
"埼玉県","越谷市","船渡"
"埼玉県","越谷市","増林"
"埼玉県","越谷市","増森"
"埼玉県","越谷市","南荻島"
"埼玉県","越谷市","南越谷"
"埼玉県","越谷市","南町"
"埼玉県","越谷市","宮前"
"埼玉県","越谷市","宮本町"
"埼玉県","越谷市","向畑"
"埼玉県","越谷市","元柳田町"
"埼玉県","越谷市","弥栄町"
"埼玉県","越谷市","弥十郎"
"埼玉県","越谷市","谷中町"
"埼玉県","越谷市","柳町"
"埼玉県","越谷市","弥生町"
"埼玉県","越谷市","流通団地"
"埼玉県","越谷市","レイクタウン"
"埼玉県","蕨市","北町"
"埼玉県","蕨市","中央"
"埼玉県","蕨市","塚越"
"埼玉県","蕨市","錦町"
"埼玉県","蕨市","南町"
"埼玉県","戸田市","上戸田"
"埼玉県","戸田市","川岸"
"埼玉県","戸田市","喜沢"
"埼玉県","戸田市","喜沢南"
"埼玉県","戸田市","笹目"
"埼玉県","戸田市","笹目南町"
"埼玉県","戸田市","笹目北町"
"埼玉県","戸田市","下笹目"
"埼玉県","戸田市","下戸田"
"埼玉県","戸田市","下前"
"埼玉県","戸田市","戸田公園"
"埼玉県","戸田市","中町"
"埼玉県","戸田市","新曽"
"埼玉県","戸田市","新曽南"
"埼玉県","戸田市","早瀬"
"埼玉県","戸田市","氷川町"
"埼玉県","戸田市","美女木"
"埼玉県","戸田市","美女木東"
"埼玉県","戸田市","本町"
"埼玉県","戸田市","南町"
"埼玉県","入間市","東町"
"埼玉県","入間市","新久"
"埼玉県","入間市","上小谷田"
"埼玉県","入間市","牛沢町"
"埼玉県","入間市","扇台"
"埼玉県","入間市","扇町屋"
"埼玉県","入間市","鍵山"
"埼玉県","入間市","春日町"
"埼玉県","入間市","金子中央"
"埼玉県","入間市","上藤沢"
"埼玉県","入間市","上谷ケ貫"
"埼玉県","入間市","河原町"
"埼玉県","入間市","久保稲荷"
"埼玉県","入間市","黒須"
"埼玉県","入間市","向陽台"
"埼玉県","入間市","駒形富士山"
"埼玉県","入間市","小谷田"
"埼玉県","入間市","狭山ケ原"
"埼玉県","入間市","狭山台"
"埼玉県","入間市","下藤沢"
"埼玉県","入間市","下谷ケ貫"
"埼玉県","入間市","新光"
"埼玉県","入間市","善蔵新田"
"埼玉県","入間市","高倉"
"埼玉県","入間市","高根"
"埼玉県","入間市","寺竹"
"埼玉県","入間市","豊岡"
"埼玉県","入間市","中神"
"埼玉県","入間市","西三ツ木"
"埼玉県","入間市","二本木"
"埼玉県","入間市","根岸"
"埼玉県","入間市","野田"
"埼玉県","入間市","花ノ木"
"埼玉県","入間市","東藤沢"
"埼玉県","入間市","仏子"
"埼玉県","入間市","三ツ木台"
"埼玉県","入間市","南峯"
"埼玉県","入間市","宮寺"
"埼玉県","入間市","宮前町"
"埼玉県","入間市","木蓮寺"
"埼玉県","入間市","森坂"
"埼玉県","朝霞市","青葉台"
"埼玉県","朝霞市","朝志ケ丘"
"埼玉県","朝霞市","岡"
"埼玉県","朝霞市","上内間木"
"埼玉県","朝霞市","北原"
"埼玉県","朝霞市","幸町"
"埼玉県","朝霞市","栄町"
"埼玉県","朝霞市","下内間木"
"埼玉県","朝霞市","泉水"
"埼玉県","朝霞市","台"
"埼玉県","朝霞市","田島"
"埼玉県","朝霞市","仲町"
"埼玉県","朝霞市","西原"
"埼玉県","朝霞市","西弁財"
"埼玉県","朝霞市","根岸"
"埼玉県","朝霞市","根岸台"
"埼玉県","朝霞市","浜崎"
"埼玉県","朝霞市","東弁財"
"埼玉県","朝霞市","膝折"
"埼玉県","朝霞市","膝折町"
"埼玉県","朝霞市","本町"
"埼玉県","朝霞市","溝沼"
"埼玉県","朝霞市","三原"
"埼玉県","朝霞市","宮戸"
"埼玉県","志木市","柏町"
"埼玉県","志木市","上宗岡"
"埼玉県","志木市","幸町"
"埼玉県","志木市","下宗岡"
"埼玉県","志木市","館"
"埼玉県","志木市","中宗岡"
"埼玉県","志木市","本町"
"埼玉県","志木市","宗岡"
"埼玉県","和光市","下新倉"
"埼玉県","和光市","白子"
"埼玉県","和光市","諏訪"
"埼玉県","和光市","諏訪原団地"
"埼玉県","和光市","中央"
"埼玉県","和光市","新倉"
"埼玉県","和光市","西大和団地"
"埼玉県","和光市","広沢"
"埼玉県","和光市","本町"
"埼玉県","和光市","松ノ木島町"
"埼玉県","和光市","丸山台"
"埼玉県","和光市","南"
"埼玉県","新座市","あたご"
"埼玉県","新座市","池田"
"埼玉県","新座市","石神"
"埼玉県","新座市","大和田"
"埼玉県","新座市","片山"
"埼玉県","新座市","北野"
"埼玉県","新座市","栗原"
"埼玉県","新座市","栄"
"埼玉県","新座市","新堀"
"埼玉県","新座市","菅沢"
"埼玉県","新座市","道場"
"埼玉県","新座市","東北"
"埼玉県","新座市","中野"
"埼玉県","新座市","新座"
"埼玉県","新座市","新塚"
"埼玉県","新座市","西堀"
"埼玉県","新座市","野寺"
"埼玉県","新座市","野火止"
"埼玉県","新座市","畑中"
"埼玉県","新座市","馬場"
"埼玉県","新座市","東"
"埼玉県","新座市","堀ノ内"
"埼玉県","新座市","本多"
"埼玉県","桶川市","赤堀"
"埼玉県","桶川市","朝日"
"埼玉県","桶川市","泉"
"埼玉県","桶川市","加納"
"埼玉県","桶川市","上日出谷"
"埼玉県","桶川市","鴨川"
"埼玉県","桶川市","川田谷"
"埼玉県","桶川市","北"
"埼玉県","桶川市","倉田"
"埼玉県","桶川市","五丁台"
"埼玉県","桶川市","寿"
"埼玉県","桶川市","小針領家"
"埼玉県","桶川市","坂田"
"埼玉県","桶川市","坂田東"
"埼玉県","桶川市","篠津"
"埼玉県","桶川市","下日出谷"
"埼玉県","桶川市","下日出谷西"
"埼玉県","桶川市","神明"
"埼玉県","桶川市","末広"
"埼玉県","桶川市","舎人新田"
"埼玉県","桶川市","西"
"埼玉県","桶川市","東"
"埼玉県","桶川市","南"
"埼玉県","桶川市","若宮"
"埼玉県","久喜市","青毛"
"埼玉県","久喜市","青葉"
"埼玉県","久喜市","新井"
"埼玉県","久喜市","伊坂"
"埼玉県","久喜市","上内"
"埼玉県","久喜市","江面"
"埼玉県","久喜市","太田袋"
"埼玉県","久喜市","上川崎"
"埼玉県","久喜市","上清久"
"埼玉県","久喜市","上早見"
"埼玉県","久喜市","上町"
"埼玉県","久喜市","河原井町"
"埼玉県","久喜市","河原代"
"埼玉県","久喜市","北青柳"
"埼玉県","久喜市","北中曽根"
"埼玉県","久喜市","北広島"
"埼玉県","久喜市","狐塚"
"埼玉県","久喜市","久本寺"
"埼玉県","久喜市","清久町"
"埼玉県","久喜市","久喜北"
"埼玉県","久喜市","久喜新"
"埼玉県","久喜市","久喜中央"
"埼玉県","久喜市","久喜東"
"埼玉県","久喜市","久喜本"
"埼玉県","久喜市","葛梅"
"埼玉県","久喜市","栗橋"
"埼玉県","久喜市","栗橋北"
"埼玉県","久喜市","栗橋中央"
"埼玉県","久喜市","栗橋東"
"埼玉県","久喜市","栗原"
"埼玉県","久喜市","小右衛門"
"埼玉県","久喜市","古久喜"
"埼玉県","久喜市","栄"
"埼玉県","久喜市","桜田"
"埼玉県","久喜市","佐間"
"埼玉県","久喜市","島川"
"埼玉県","久喜市","下清久"
"埼玉県","久喜市","下早見"
"埼玉県","久喜市","菖蒲町小林"
"埼玉県","久喜市","菖蒲町上大崎"
"埼玉県","久喜市","菖蒲町上栢間"
"埼玉県","久喜市","菖蒲町河原井"
"埼玉県","久喜市","菖蒲町三箇"
"埼玉県","久喜市","菖蒲町柴山枝郷"
"埼玉県","久喜市","菖蒲町下栢間"
"埼玉県","久喜市","菖蒲町菖蒲"
"埼玉県","久喜市","菖蒲町昭和沼"
"埼玉県","久喜市","菖蒲町台"
"埼玉県","久喜市","菖蒲町新堀"
"埼玉県","久喜市","砂原"
"埼玉県","久喜市","外野"
"埼玉県","久喜市","高柳"
"埼玉県","久喜市","所久喜"
"埼玉県","久喜市","中里"
"埼玉県","久喜市","中妻"
"埼玉県","久喜市","西"
"埼玉県","久喜市","西大輪"
"埼玉県","久喜市","野久喜"
"埼玉県","久喜市","八甫"
"埼玉県","久喜市","原"
"埼玉県","久喜市","東大輪"
"埼玉県","久喜市","樋ノ口"
"埼玉県","久喜市","本町"
"埼玉県","久喜市","間鎌"
"埼玉県","久喜市","松永"
"埼玉県","久喜市","緑"
"埼玉県","久喜市","南"
"埼玉県","久喜市","南栗橋"
"埼玉県","久喜市","除堀"
"埼玉県","久喜市","吉羽"
"埼玉県","久喜市","六万部"
"埼玉県","久喜市","鷲宮"
"埼玉県","久喜市","鷲宮中央"
"埼玉県","北本市","朝日"
"埼玉県","北本市","東間"
"埼玉県","北本市","荒井"
"埼玉県","北本市","石戸"
"埼玉県","北本市","石戸宿"
"埼玉県","北本市","北中丸"
"埼玉県","北本市","北本"
"埼玉県","北本市","北本宿"
"埼玉県","北本市","栄"
"埼玉県","北本市","下石戸"
"埼玉県","北本市","下石戸上"
"埼玉県","北本市","下石戸下"
"埼玉県","北本市","高尾"
"埼玉県","北本市","中央"
"埼玉県","北本市","中丸"
"埼玉県","北本市","西高尾"
"埼玉県","北本市","深井"
"埼玉県","北本市","二ツ家"
"埼玉県","北本市","古市場"
"埼玉県","北本市","本町"
"埼玉県","北本市","緑"
"埼玉県","北本市","宮内"
"埼玉県","北本市","本宿"
"埼玉県","北本市","山中"
"埼玉県","八潮市","茜町"
"埼玉県","八潮市","伊草"
"埼玉県","八潮市","伊勢野"
"埼玉県","八潮市","浮塚"
"埼玉県","八潮市","大瀬"
"埼玉県","八潮市","大曽根"
"埼玉県","八潮市","垳"
"埼玉県","八潮市","上馬場"
"埼玉県","八潮市","木曽根"
"埼玉県","八潮市","小作田"
"埼玉県","八潮市","古新田"
"埼玉県","八潮市","新町"
"埼玉県","八潮市","大原"
"埼玉県","八潮市","中央"
"埼玉県","八潮市","鶴ケ曽根"
"埼玉県","八潮市","中馬場"
"埼玉県","八潮市","西袋"
"埼玉県","八潮市","二丁目"
"埼玉県","八潮市","八條"
"埼玉県","八潮市","松之木"
"埼玉県","八潮市","緑町"
"埼玉県","八潮市","南後谷"
"埼玉県","八潮市","南川崎"
"埼玉県","八潮市","八潮"
"埼玉県","八潮市","柳之宮"
"埼玉県","富士見市","榎町"
"埼玉県","富士見市","貝塚"
"埼玉県","富士見市","勝瀬"
"埼玉県","富士見市","上沢"
"埼玉県","富士見市","上南畑"
"埼玉県","富士見市","下南畑"
"埼玉県","富士見市","諏訪"
"埼玉県","富士見市","関沢"
"埼玉県","富士見市","鶴瀬東"
"埼玉県","富士見市","鶴瀬西"
"埼玉県","富士見市","鶴馬"
"埼玉県","富士見市","南畑新田"
"埼玉県","富士見市","西みずほ台"
"埼玉県","富士見市","羽沢"
"埼玉県","富士見市","針ケ谷"
"埼玉県","富士見市","東大久保"
"埼玉県","富士見市","東みずほ台"
"埼玉県","富士見市","ふじみ野西"
"埼玉県","富士見市","ふじみ野東"
"埼玉県","富士見市","水子"
"埼玉県","富士見市","水谷"
"埼玉県","富士見市","水谷東"
"埼玉県","富士見市","みどり野東"
"埼玉県","富士見市","みどり野西"
"埼玉県","富士見市","みどり野南"
"埼玉県","富士見市","みどり野北"
"埼玉県","富士見市","山室"
"埼玉県","富士見市","渡戸"
"埼玉県","三郷市","東町"
"埼玉県","三郷市","泉"
"埼玉県","三郷市","市助"
"埼玉県","三郷市","岩野木"
"埼玉県","三郷市","インター南"
"埼玉県","三郷市","後谷"
"埼玉県","三郷市","采女"
"埼玉県","三郷市","大広戸"
"埼玉県","三郷市","鎌倉"
"埼玉県","三郷市","上口"
"埼玉県","三郷市","上彦川戸"
"埼玉県","三郷市","上彦名"
"埼玉県","三郷市","幸房"
"埼玉県","三郷市","駒形"
"埼玉県","三郷市","小谷堀"
"埼玉県","三郷市","栄"
"埼玉県","三郷市","笹塚"
"埼玉県","三郷市","さつき平"
"埼玉県","三郷市","下彦川戸"
"埼玉県","三郷市","新三郷ららシティ"
"埼玉県","三郷市","新和"
"埼玉県","三郷市","前間"
"埼玉県","三郷市","高州"
"埼玉県","三郷市","鷹野"
"埼玉県","三郷市","田中新田"
"埼玉県","三郷市","丹後"
"埼玉県","三郷市","中央"
"埼玉県","三郷市","天神"
"埼玉県","三郷市","戸ケ崎"
"埼玉県","三郷市","仁蔵"
"埼玉県","三郷市","花和田"
"埼玉県","三郷市","番匠免"
"埼玉県","三郷市","半田"
"埼玉県","三郷市","ピアラシティ"
"埼玉県","三郷市","彦糸"
"埼玉県","三郷市","彦江"
"埼玉県","三郷市","彦音"
"埼玉県","三郷市","彦川戸"
"埼玉県","三郷市","彦倉"
"埼玉県","三郷市","彦沢"
"埼玉県","三郷市","彦成"
"埼玉県","三郷市","彦野"
"埼玉県","三郷市","三郷"
"埼玉県","三郷市","南蓮沼"
"埼玉県","三郷市","茂田井"
"埼玉県","三郷市","谷口"
"埼玉県","三郷市","谷中"
"埼玉県","三郷市","寄巻"
"埼玉県","三郷市","早稲田"
"埼玉県","蓮田市","綾瀬"
"埼玉県","蓮田市","井沼"
"埼玉県","蓮田市","閏戸"
"埼玉県","蓮田市","江ケ崎"
"埼玉県","蓮田市","御前橋"
"埼玉県","蓮田市","貝塚"
"埼玉県","蓮田市","上"
"埼玉県","蓮田市","上平野"
"埼玉県","蓮田市","川島"
"埼玉県","蓮田市","黒浜"
"埼玉県","蓮田市","駒崎"
"埼玉県","蓮田市","桜台"
"埼玉県","蓮田市","笹山"
"埼玉県","蓮田市","城"
"埼玉県","蓮田市","末広"
"埼玉県","蓮田市","関山"
"埼玉県","蓮田市","高虫"
"埼玉県","蓮田市","椿山"
"埼玉県","蓮田市","西新宿"
"埼玉県","蓮田市","西城"
"埼玉県","蓮田市","根金"
"埼玉県","蓮田市","蓮田"
"埼玉県","蓮田市","東"
"埼玉県","蓮田市","本町"
"埼玉県","蓮田市","馬込"
"埼玉県","蓮田市","緑町"
"埼玉県","蓮田市","南新宿"
"埼玉県","蓮田市","見沼町"
"埼玉県","蓮田市","山ノ内"
"埼玉県","坂戸市","粟生田"
"埼玉県","坂戸市","青木"
"埼玉県","坂戸市","赤尾"
"埼玉県","坂戸市","浅羽"
"埼玉県","坂戸市","浅羽野"
"埼玉県","坂戸市","芦山町"
"埼玉県","坂戸市","厚川"
"埼玉県","坂戸市","石井"
"埼玉県","坂戸市","伊豆の山町"
"埼玉県","坂戸市","泉町"
"埼玉県","坂戸市","今西"
"埼玉県","坂戸市","欠ノ上"
"埼玉県","坂戸市","片柳"
"埼玉県","坂戸市","片柳新田"
"埼玉県","坂戸市","金田"
"埼玉県","坂戸市","鎌倉町"
"埼玉県","坂戸市","上吉田"
"埼玉県","坂戸市","萱方"
"埼玉県","坂戸市","北浅羽"
"埼玉県","坂戸市","北大塚"
"埼玉県","坂戸市","北峰"
"埼玉県","坂戸市","けやき台"
"埼玉県","坂戸市","紺屋"
"埼玉県","坂戸市","小沼"
"埼玉県","坂戸市","小山"
"埼玉県","坂戸市","栄"
"埼玉県","坂戸市","坂戸"
"埼玉県","坂戸市","沢木"
"埼玉県","坂戸市","三光町"
"埼玉県","坂戸市","島田"
"埼玉県","坂戸市","清水町"
"埼玉県","坂戸市","成願寺"
"埼玉県","坂戸市","新ケ谷"
"埼玉県","坂戸市","末広町"
"埼玉県","坂戸市","関間"
"埼玉県","坂戸市","善能寺"
"埼玉県","坂戸市","竹之内"
"埼玉県","坂戸市","多和目"
"埼玉県","坂戸市","千代田"
"埼玉県","坂戸市","塚越"
"埼玉県","坂戸市","塚崎"
"埼玉県","坂戸市","鶴舞"
"埼玉県","坂戸市","戸口"
"埼玉県","坂戸市","戸宮"
"埼玉県","坂戸市","中小坂"
"埼玉県","坂戸市","中里"
"埼玉県","坂戸市","仲町"
"埼玉県","坂戸市","中富町"
"埼玉県","坂戸市","長岡"
"埼玉県","坂戸市","新堀"
"埼玉県","坂戸市","西坂戸"
"埼玉県","坂戸市","にっさい花みず木"
"埼玉県","坂戸市","花影町"
"埼玉県","坂戸市","東坂戸"
"埼玉県","坂戸市","東和田"
"埼玉県","坂戸市","日の出町"
"埼玉県","坂戸市","堀込"
"埼玉県","坂戸市","本町"
"埼玉県","坂戸市","溝端町"
"埼玉県","坂戸市","緑町"
"埼玉県","坂戸市","南町"
"埼玉県","坂戸市","元町"
"埼玉県","坂戸市","森戸"
"埼玉県","坂戸市","薬師町"
"埼玉県","坂戸市","柳町"
"埼玉県","坂戸市","八幡"
"埼玉県","坂戸市","山田町"
"埼玉県","坂戸市","横沼"
"埼玉県","坂戸市","四日市場"
"埼玉県","幸手市","内国府間"
"埼玉県","幸手市","円藤内"
"埼玉県","幸手市","香日向"
"埼玉県","幸手市","上宇和田"
"埼玉県","幸手市","神扇"
"埼玉県","幸手市","上高野"
"埼玉県","幸手市","上吉羽"
"埼玉県","幸手市","北"
"埼玉県","幸手市","木立"
"埼玉県","幸手市","権現堂"
"埼玉県","幸手市","栄"
"埼玉県","幸手市","幸手"
"埼玉県","幸手市","下宇和田"
"埼玉県","幸手市","下川崎"
"埼玉県","幸手市","下吉羽"
"埼玉県","幸手市","神明内"
"埼玉県","幸手市","惣新田"
"埼玉県","幸手市","外国府間"
"埼玉県","幸手市","高須賀"
"埼玉県","幸手市","千塚"
"埼玉県","幸手市","天神島"
"埼玉県","幸手市","戸島"
"埼玉県","幸手市","中"
"埼玉県","幸手市","中川崎"
"埼玉県","幸手市","中島"
"埼玉県","幸手市","中野"
"埼玉県","幸手市","長間"
"埼玉県","幸手市","西"
"埼玉県","幸手市","西関宿"
"埼玉県","幸手市","花島"
"埼玉県","幸手市","東"
"埼玉県","幸手市","平須賀"
"埼玉県","幸手市","平野"
"埼玉県","幸手市","細野"
"埼玉県","幸手市","槇野地"
"埼玉県","幸手市","松石"
"埼玉県","幸手市","緑台"
"埼玉県","幸手市","南"
"埼玉県","幸手市","吉野"
"埼玉県","鶴ケ島市","太田ケ谷"
"埼玉県","鶴ケ島市","上新田"
"埼玉県","鶴ケ島市","上広谷"
"埼玉県","鶴ケ島市","共栄町"
"埼玉県","鶴ケ島市","五味ケ谷"
"埼玉県","鶴ケ島市","下新田"
"埼玉県","鶴ケ島市","新町"
"埼玉県","鶴ケ島市","脚折"
"埼玉県","鶴ケ島市","脚折町"
"埼玉県","鶴ケ島市","高倉"
"埼玉県","鶴ケ島市","鶴ケ丘"
"埼玉県","鶴ケ島市","中新田"
"埼玉県","鶴ケ島市","羽折町"
"埼玉県","鶴ケ島市","藤金"
"埼玉県","鶴ケ島市","富士見"
"埼玉県","鶴ケ島市","町屋"
"埼玉県","鶴ケ島市","松ケ丘"
"埼玉県","鶴ケ島市","三ツ木"
"埼玉県","鶴ケ島市","三ツ木新田"
"埼玉県","鶴ケ島市","三ツ木新町"
"埼玉県","鶴ケ島市","南町"
"埼玉県","鶴ケ島市","柳戸町"
"埼玉県","日高市","旭ケ丘"
"埼玉県","日高市","馬引沢"
"埼玉県","日高市","梅原"
"埼玉県","日高市","大谷沢"
"埼玉県","日高市","女影"
"埼玉県","日高市","女影新田"
"埼玉県","日高市","上鹿山"
"埼玉県","日高市","鹿山"
"埼玉県","日高市","北平沢"
"埼玉県","日高市","久保"
"埼玉県","日高市","栗坪"
"埼玉県","日高市","高麗川"
"埼玉県","日高市","駒寺野新田"
"埼玉県","日高市","高麗本郷"
"埼玉県","日高市","四本木"
"埼玉県","日高市","下大谷沢"
"埼玉県","日高市","下鹿山"
"埼玉県","日高市","下高萩新田"
"埼玉県","日高市","清流"
"埼玉県","日高市","台"
"埼玉県","日高市","高岡"
"埼玉県","日高市","高富"
"埼玉県","日高市","高萩"
"埼玉県","日高市","高萩東"
"埼玉県","日高市","田木"
"埼玉県","日高市","田波目"
"埼玉県","日高市","中鹿山"
"埼玉県","日高市","中沢"
"埼玉県","日高市","新堀"
"埼玉県","日高市","新堀新田"
"埼玉県","日高市","楡木"
"埼玉県","日高市","野々宮"
"埼玉県","日高市","原宿"
"埼玉県","日高市","南平沢"
"埼玉県","日高市","武蔵台"
"埼玉県","日高市","森戸新田"
"埼玉県","日高市","猿田"
"埼玉県","日高市","猿田上ノ台"
"埼玉県","日高市","山根"
"埼玉県","日高市","横手"
"埼玉県","吉川市","会野谷"
"埼玉県","吉川市","旭"
"埼玉県","吉川市","飯島"
"埼玉県","吉川市","加藤"
"埼玉県","吉川市","上内川"
"埼玉県","吉川市","上笹塚"
"埼玉県","吉川市","川富"
"埼玉県","吉川市","川野"
"埼玉県","吉川市","川藤"
"埼玉県","吉川市","木売"
"埼玉県","吉川市","木売新田"
"埼玉県","吉川市","共保"
"埼玉県","吉川市","きよみ野"
"埼玉県","吉川市","小松川"
"埼玉県","吉川市","栄町"
"埼玉県","吉川市","皿沼"
"埼玉県","吉川市","鹿見塚"
"埼玉県","吉川市","下内川"
"埼玉県","吉川市","拾壱軒"
"埼玉県","吉川市","新栄"
"埼玉県","吉川市","須賀"
"埼玉県","吉川市","関"
"埼玉県","吉川市","関新田"
"埼玉県","吉川市","高富"
"埼玉県","吉川市","高久"
"埼玉県","吉川市","道庭"
"埼玉県","吉川市","土場"
"埼玉県","吉川市","富新田"
"埼玉県","吉川市","中井"
"埼玉県","吉川市","中川台"
"埼玉県","吉川市","中島"
"埼玉県","吉川市","中曽根"
"埼玉県","吉川市","中野"
"埼玉県","吉川市","鍋小路"
"埼玉県","吉川市","八子新田"
"埼玉県","吉川市","半割"
"埼玉県","吉川市","平方新田"
"埼玉県","吉川市","平沼"
"埼玉県","吉川市","深井新田"
"埼玉県","吉川市","二ツ沼"
"埼玉県","吉川市","保"
"埼玉県","吉川市","美南"
"埼玉県","吉川市","南広島"
"埼玉県","吉川市","三輪野江"
"埼玉県","吉川市","吉川"
"埼玉県","吉川市","吉川団地"
"埼玉県","吉川市","吉屋"
"埼玉県","ふじみ野市","旭"
"埼玉県","ふじみ野市","池上"
"埼玉県","ふじみ野市","市沢"
"埼玉県","ふじみ野市","上野台"
"埼玉県","ふじみ野市","上ノ原"
"埼玉県","ふじみ野市","うれし野"
"埼玉県","ふじみ野市","大井"
"埼玉県","ふじみ野市","大井中央"
"埼玉県","ふじみ野市","大井武蔵野"
"埼玉県","ふじみ野市","大原"
"埼玉県","ふじみ野市","霞ケ丘"
"埼玉県","ふじみ野市","上福岡"
"埼玉県","ふじみ野市","亀久保"
"埼玉県","ふじみ野市","川崎"
"埼玉県","ふじみ野市","北野"
"埼玉県","ふじみ野市","清見"
"埼玉県","ふじみ野市","駒西"
"埼玉県","ふじみ野市","駒林"
"埼玉県","ふじみ野市","駒林元町"
"埼玉県","ふじみ野市","桜ケ丘"
"埼玉県","ふじみ野市","新駒林"
"埼玉県","ふじみ野市","新田"
"埼玉県","ふじみ野市","水宮"
"埼玉県","ふじみ野市","滝"
"埼玉県","ふじみ野市","築地"
"埼玉県","ふじみ野市","鶴ケ岡"
"埼玉県","ふじみ野市","鶴ケ舞"
"埼玉県","ふじみ野市","苗間"
"埼玉県","ふじみ野市","仲"
"埼玉県","ふじみ野市","中ノ島"
"埼玉県","ふじみ野市","中福岡"
"埼玉県","ふじみ野市","中丸"
"埼玉県","ふじみ野市","長宮"
"埼玉県","ふじみ野市","西"
"埼玉県","ふじみ野市","西鶴ケ岡"
"埼玉県","ふじみ野市","西原"
"埼玉県","ふじみ野市","花ノ木"
"埼玉県","ふじみ野市","東久保"
"埼玉県","ふじみ野市","福岡"
"埼玉県","ふじみ野市","福岡新田"
"埼玉県","ふじみ野市","福岡中央"
"埼玉県","ふじみ野市","福岡武蔵野"
"埼玉県","ふじみ野市","富士見台"
"埼玉県","ふじみ野市","ふじみ野"
"埼玉県","ふじみ野市","松山"
"埼玉県","ふじみ野市","丸山"
"埼玉県","ふじみ野市","緑ケ丘"
"埼玉県","ふじみ野市","南台"
"埼玉県","ふじみ野市","本新田"
"埼玉県","ふじみ野市","元福岡"
"埼玉県","ふじみ野市","谷田"
"埼玉県","白岡市","荒井新田"
"埼玉県","白岡市","太田新井"
"埼玉県","白岡市","岡泉"
"埼玉県","白岡市","上野田"
"埼玉県","白岡市","小久喜"
"埼玉県","白岡市","実ケ谷"
"埼玉県","白岡市","篠津"
"埼玉県","白岡市","柴山"
"埼玉県","白岡市","下大崎"
"埼玉県","白岡市","下野田"
"埼玉県","白岡市","白岡"
"埼玉県","白岡市","白岡東"
"埼玉県","白岡市","新白岡"
"埼玉県","白岡市","千駄野"
"埼玉県","白岡市","高岩"
"埼玉県","白岡市","爪田ケ谷"
"埼玉県","白岡市","寺塚"
"埼玉県","白岡市","西"
"埼玉県","白岡市","彦兵衛"
"埼玉県","白岡市","野牛"
"埼玉県","北足立郡伊奈町","内宿台"
"埼玉県","北足立郡伊奈町","大針"
"埼玉県","北足立郡伊奈町","学園"
"埼玉県","北足立郡伊奈町","寿"
"埼玉県","北足立郡伊奈町","小針内宿"
"埼玉県","北足立郡伊奈町","小針新宿"
"埼玉県","北足立郡伊奈町","小室"
"埼玉県","北足立郡伊奈町","栄"
"埼玉県","北足立郡伊奈町","西小針"
"埼玉県","北足立郡伊奈町","羽貫"
"埼玉県","北足立郡伊奈町","本町"
"埼玉県","入間郡三芳町","上富"
"埼玉県","入間郡三芳町","北永井"
"埼玉県","入間郡三芳町","竹間沢"
"埼玉県","入間郡三芳町","竹間沢東"
"埼玉県","入間郡三芳町","藤久保"
"埼玉県","入間郡三芳町","みよし台"
"埼玉県","入間郡毛呂山町","旭台"
"埼玉県","入間郡毛呂山町","阿諏訪"
"埼玉県","入間郡毛呂山町","市場"
"埼玉県","入間郡毛呂山町","岩井"
"埼玉県","入間郡毛呂山町","岩井西"
"埼玉県","入間郡毛呂山町","岩井東"
"埼玉県","入間郡毛呂山町","大谷木"
"埼玉県","入間郡毛呂山町","大類"
"埼玉県","入間郡毛呂山町","川角"
"埼玉県","入間郡毛呂山町","小田谷"
"埼玉県","入間郡毛呂山町","権現堂"
"埼玉県","入間郡毛呂山町","西戸"
"埼玉県","入間郡毛呂山町","下川原"
"埼玉県","入間郡毛呂山町","宿谷"
"埼玉県","入間郡毛呂山町","滝ノ入"
"埼玉県","入間郡毛呂山町","中央"
"埼玉県","入間郡毛呂山町","葛貫"
"埼玉県","入間郡毛呂山町","長瀬"
"埼玉県","入間郡毛呂山町","苦林"
"埼玉県","入間郡毛呂山町","西大久保"
"埼玉県","入間郡毛呂山町","平山"
"埼玉県","入間郡毛呂山町","前久保"
"埼玉県","入間郡毛呂山町","前久保南"
"埼玉県","入間郡毛呂山町","南台"
"埼玉県","入間郡毛呂山町","箕和田"
"埼玉県","入間郡毛呂山町","目白台"
"埼玉県","入間郡毛呂山町","毛呂本郷"
"埼玉県","入間郡毛呂山町","若山"
"埼玉県","入間郡越生町","上野"
"埼玉県","入間郡越生町","上野東"
"埼玉県","入間郡越生町","大谷"
"埼玉県","入間郡越生町","越生"
"埼玉県","入間郡越生町","越生東"
"埼玉県","入間郡越生町","鹿下"
"埼玉県","入間郡越生町","上谷"
"埼玉県","入間郡越生町","黒岩"
"埼玉県","入間郡越生町","黒山"
"埼玉県","入間郡越生町","小杉"
"埼玉県","入間郡越生町","大満"
"埼玉県","入間郡越生町","龍ケ谷"
"埼玉県","入間郡越生町","津久根"
"埼玉県","入間郡越生町","堂山"
"埼玉県","入間郡越生町","成瀬"
"埼玉県","入間郡越生町","西和田"
"埼玉県","入間郡越生町","如意"
"埼玉県","入間郡越生町","古池"
"埼玉県","入間郡越生町","麦原"
"埼玉県","比企郡滑川町","伊古"
"埼玉県","比企郡滑川町","和泉"
"埼玉県","比企郡滑川町","菅田"
"埼玉県","比企郡滑川町","月輪"
"埼玉県","比企郡滑川町","月の輪"
"埼玉県","比企郡滑川町","土塩"
"埼玉県","比企郡滑川町","中尾"
"埼玉県","比企郡滑川町","羽尾"
"埼玉県","比企郡滑川町","福田"
"埼玉県","比企郡滑川町","水房"
"埼玉県","比企郡滑川町","みなみ野"
"埼玉県","比企郡滑川町","都"
"埼玉県","比企郡滑川町","山田"
"埼玉県","比企郡嵐山町","大蔵"
"埼玉県","比企郡嵐山町","越畑"
"埼玉県","比企郡嵐山町","勝田"
"埼玉県","比企郡嵐山町","鎌形"
"埼玉県","比企郡嵐山町","川島"
"埼玉県","比企郡嵐山町","志賀"
"埼玉県","比企郡嵐山町","将軍沢"
"埼玉県","比企郡嵐山町","菅谷"
"埼玉県","比企郡嵐山町","杉山"
"埼玉県","比企郡嵐山町","千手堂"
"埼玉県","比企郡嵐山町","太郎丸"
"埼玉県","比企郡嵐山町","遠山"
"埼玉県","比企郡嵐山町","根岸"
"埼玉県","比企郡嵐山町","花見台"
"埼玉県","比企郡嵐山町","平沢"
"埼玉県","比企郡嵐山町","広野"
"埼玉県","比企郡嵐山町","古里"
"埼玉県","比企郡嵐山町","むさし台"
"埼玉県","比企郡嵐山町","吉田"
"埼玉県","比企郡小川町","青山"
"埼玉県","比企郡小川町","飯田"
"埼玉県","比企郡小川町","伊勢根"
"埼玉県","比企郡小川町","大塚"
"埼玉県","比企郡小川町","小川"
"埼玉県","比企郡小川町","角山"
"埼玉県","比企郡小川町","笠原"
"埼玉県","比企郡小川町","上古寺"
"埼玉県","比企郡小川町","上横田"
"埼玉県","比企郡小川町","木部"
"埼玉県","比企郡小川町","木呂子"
"埼玉県","比企郡小川町","高谷"
"埼玉県","比企郡小川町","腰越"
"埼玉県","比企郡小川町","下里"
"埼玉県","比企郡小川町","下古寺"
"埼玉県","比企郡小川町","下横田"
"埼玉県","比企郡小川町","勝呂"
"埼玉県","比企郡小川町","鷹巣"
"埼玉県","比企郡小川町","高見"
"埼玉県","比企郡小川町","中爪"
"埼玉県","比企郡小川町","奈良梨"
"埼玉県","比企郡小川町","西古里"
"埼玉県","比企郡小川町","能増"
"埼玉県","比企郡小川町","原川"
"埼玉県","比企郡小川町","東小川"
"埼玉県","比企郡小川町","ひばり台"
"埼玉県","比企郡小川町","増尾"
"埼玉県","比企郡小川町","みどりが丘"
"埼玉県","比企郡小川町","靱負"
"埼玉県","比企郡川島町","飯島"
"埼玉県","比企郡川島町","伊草"
"埼玉県","比企郡川島町","一本木"
"埼玉県","比企郡川島町","牛ケ谷戸"
"埼玉県","比企郡川島町","梅ノ木"
"埼玉県","比企郡川島町","小見野"
"埼玉県","比企郡川島町","表"
"埼玉県","比企郡川島町","角泉"
"埼玉県","比企郡川島町","加胡"
"埼玉県","比企郡川島町","上伊草"
"埼玉県","比企郡川島町","上大屋敷"
"埼玉県","比企郡川島町","上小見野"
"埼玉県","比企郡川島町","上狢"
"埼玉県","比企郡川島町","上八ツ林"
"埼玉県","比企郡川島町","かわじま"
"埼玉県","比企郡川島町","北園部"
"埼玉県","比企郡川島町","釘無"
"埼玉県","比企郡川島町","紫竹"
"埼玉県","比企郡川島町","芝沼"
"埼玉県","比企郡川島町","下伊草"
"埼玉県","比企郡川島町","下大屋敷"
"埼玉県","比企郡川島町","下小見野"
"埼玉県","比企郡川島町","下狢"
"埼玉県","比企郡川島町","下八ツ林"
"埼玉県","比企郡川島町","正直"
"埼玉県","比企郡川島町","白井沼"
"埼玉県","比企郡川島町","出丸下郷"
"埼玉県","比企郡川島町","出丸中郷"
"埼玉県","比企郡川島町","出丸本"
"埼玉県","比企郡川島町","東部"
"埼玉県","比企郡川島町","鳥羽井"
"埼玉県","比企郡川島町","鳥羽井新田"
"埼玉県","比企郡川島町","戸守"
"埼玉県","比企郡川島町","中山"
"埼玉県","比企郡川島町","長楽"
"埼玉県","比企郡川島町","新堀"
"埼玉県","比企郡川島町","西谷"
"埼玉県","比企郡川島町","畑中"
"埼玉県","比企郡川島町","八幡"
"埼玉県","比企郡川島町","東大塚"
"埼玉県","比企郡川島町","東野"
"埼玉県","比企郡川島町","平沼"
"埼玉県","比企郡川島町","吹塚"
"埼玉県","比企郡川島町","曲師"
"埼玉県","比企郡川島町","松永"
"埼玉県","比企郡川島町","南園部"
"埼玉県","比企郡川島町","三保谷宿"
"埼玉県","比企郡川島町","宮前"
"埼玉県","比企郡川島町","虫塚"
"埼玉県","比企郡川島町","安塚"
"埼玉県","比企郡川島町","谷中"
"埼玉県","比企郡川島町","山ケ谷戸"
"埼玉県","比企郡川島町","吉原"
"埼玉県","比企郡吉見町","荒子"
"埼玉県","比企郡吉見町","飯島新田"
"埼玉県","比企郡吉見町","今泉"
"埼玉県","比企郡吉見町","江綱"
"埼玉県","比企郡吉見町","江和井"
"埼玉県","比企郡吉見町","大串"
"埼玉県","比企郡吉見町","大和田"
"埼玉県","比企郡吉見町","蚊斗谷"
"埼玉県","比企郡吉見町","上銀谷"
"埼玉県","比企郡吉見町","上砂"
"埼玉県","比企郡吉見町","上細谷"
"埼玉県","比企郡吉見町","北下砂"
"埼玉県","比企郡吉見町","北吉見"
"埼玉県","比企郡吉見町","久保田"
"埼玉県","比企郡吉見町","久保田新田"
"埼玉県","比企郡吉見町","久米田"
"埼玉県","比企郡吉見町","黒岩"
"埼玉県","比企郡吉見町","小新井"
"埼玉県","比企郡吉見町","御所"
"埼玉県","比企郡吉見町","古名"
"埼玉県","比企郡吉見町","古名新田"
"埼玉県","比企郡吉見町","地頭方"
"埼玉県","比企郡吉見町","下銀谷"
"埼玉県","比企郡吉見町","下細谷"
"埼玉県","比企郡吉見町","須ノ子新田"
"埼玉県","比企郡吉見町","高尾新田"
"埼玉県","比企郡吉見町","田甲"
"埼玉県","比企郡吉見町","中新井"
"埼玉県","比企郡吉見町","中曽根"
"埼玉県","比企郡吉見町","長谷"
"埼玉県","比企郡吉見町","西吉見"
"埼玉県","比企郡吉見町","蓮沼新田"
"埼玉県","比企郡吉見町","東野"
"埼玉県","比企郡吉見町","一ツ木"
"埼玉県","比企郡吉見町","本沢"
"埼玉県","比企郡吉見町","前河内"
"埼玉県","比企郡吉見町","松崎"
"埼玉県","比企郡吉見町","丸貫"
"埼玉県","比企郡吉見町","万光寺"
"埼玉県","比企郡吉見町","南吉見"
"埼玉県","比企郡吉見町","明秋"
"埼玉県","比企郡吉見町","谷口"
"埼玉県","比企郡吉見町","山ノ下"
"埼玉県","比企郡吉見町","和名"
"埼玉県","比企郡鳩山町","赤沼"
"埼玉県","比企郡鳩山町","石坂"
"埼玉県","比企郡鳩山町","泉井"
"埼玉県","比企郡鳩山町","今宿"
"埼玉県","比企郡鳩山町","大橋"
"埼玉県","比企郡鳩山町","奥田"
"埼玉県","比企郡鳩山町","楓ケ丘"
"埼玉県","比企郡鳩山町","熊井"
"埼玉県","比企郡鳩山町","小用"
"埼玉県","比企郡鳩山町","須江"
"埼玉県","比企郡鳩山町","高野倉"
"埼玉県","比企郡鳩山町","竹本"
"埼玉県","比企郡鳩山町","鳩ケ丘"
"埼玉県","比企郡鳩山町","松ケ丘"
"埼玉県","比企郡鳩山町","大豆戸"
"埼玉県","比企郡ときがわ町","大附"
"埼玉県","比企郡ときがわ町","大野"
"埼玉県","比企郡ときがわ町","椚平"
"埼玉県","比企郡ときがわ町","雲河原"
"埼玉県","比企郡ときがわ町","五明"
"埼玉県","比企郡ときがわ町","関堀"
"埼玉県","比企郡ときがわ町","瀬戸元上"
"埼玉県","比企郡ときがわ町","瀬戸元下"
"埼玉県","比企郡ときがわ町","田黒"
"埼玉県","比企郡ときがわ町","田中"
"埼玉県","比企郡ときがわ町","玉川"
"埼玉県","比企郡ときがわ町","西平"
"埼玉県","比企郡ときがわ町","番匠"
"埼玉県","比企郡ときがわ町","馬場"
"埼玉県","比企郡ときがわ町","日影"
"埼玉県","比企郡ときがわ町","別所"
"埼玉県","比企郡ときがわ町","本郷"
"埼玉県","比企郡ときがわ町","桃木"
"埼玉県","秩父郡横瀬町","芦ケ久保"
"埼玉県","秩父郡横瀬町","横瀬"
"埼玉県","秩父郡皆野町","大淵"
"埼玉県","秩父郡皆野町","金崎"
"埼玉県","秩父郡皆野町","金沢"
"埼玉県","秩父郡皆野町","上日野沢"
"埼玉県","秩父郡皆野町","国神"
"埼玉県","秩父郡皆野町","下田野"
"埼玉県","秩父郡皆野町","下日野沢"
"埼玉県","秩父郡皆野町","野巻"
"埼玉県","秩父郡皆野町","三沢"
"埼玉県","秩父郡皆野町","皆野"
"埼玉県","秩父郡長瀞町","井戸"
"埼玉県","秩父郡長瀞町","岩田"
"埼玉県","秩父郡長瀞町","中野上"
"埼玉県","秩父郡長瀞町","長瀞"
"埼玉県","秩父郡長瀞町","野上下郷"
"埼玉県","秩父郡長瀞町","風布"
"埼玉県","秩父郡長瀞町","本野上"
"埼玉県","秩父郡長瀞町","矢那瀬"
"埼玉県","秩父郡小鹿野町","飯田"
"埼玉県","秩父郡小鹿野町","伊豆沢"
"埼玉県","秩父郡小鹿野町","小鹿野"
"埼玉県","秩父郡小鹿野町","河原沢"
"埼玉県","秩父郡小鹿野町","三山"
"埼玉県","秩父郡小鹿野町","下小鹿野"
"埼玉県","秩父郡小鹿野町","長留"
"埼玉県","秩父郡小鹿野町","般若"
"埼玉県","秩父郡小鹿野町","日尾"
"埼玉県","秩父郡小鹿野町","藤倉"
"埼玉県","秩父郡小鹿野町","両神小森"
"埼玉県","秩父郡小鹿野町","両神薄"
"埼玉県","秩父郡東秩父村","大内沢"
"埼玉県","秩父郡東秩父村","奥沢"
"埼玉県","秩父郡東秩父村","皆谷"
"埼玉県","秩父郡東秩父村","坂本"
"埼玉県","秩父郡東秩父村","白石"
"埼玉県","秩父郡東秩父村","御堂"
"埼玉県","秩父郡東秩父村","安戸"
"埼玉県","児玉郡美里町","阿那志"
"埼玉県","児玉郡美里町","甘粕"
"埼玉県","児玉郡美里町","猪俣"
"埼玉県","児玉郡美里町","北十条"
"埼玉県","児玉郡美里町","木部"
"埼玉県","児玉郡美里町","駒衣"
"埼玉県","児玉郡美里町","小茂田"
"埼玉県","児玉郡美里町","下児玉"
"埼玉県","児玉郡美里町","白石"
"埼玉県","児玉郡美里町","関"
"埼玉県","児玉郡美里町","円良田"
"埼玉県","児玉郡美里町","中里"
"埼玉県","児玉郡美里町","沼上"
"埼玉県","児玉郡美里町","根木"
"埼玉県","児玉郡美里町","広木"
"埼玉県","児玉郡美里町","古郡"
"埼玉県","児玉郡美里町","南十条"
"埼玉県","児玉郡神川町","池田"
"埼玉県","児玉郡神川町","植竹"
"埼玉県","児玉郡神川町","上阿久原"
"埼玉県","児玉郡神川町","熊野堂"
"埼玉県","児玉郡神川町","小浜"
"埼玉県","児玉郡神川町","四軒在家"
"埼玉県","児玉郡神川町","下阿久原"
"埼玉県","児玉郡神川町","新宿"
"埼玉県","児玉郡神川町","関口"
"埼玉県","児玉郡神川町","中新里"
"埼玉県","児玉郡神川町","新里"
"埼玉県","児玉郡神川町","二ノ宮"
"埼玉県","児玉郡神川町","貫井"
"埼玉県","児玉郡神川町","原新田"
"埼玉県","児玉郡神川町","肥土"
"埼玉県","児玉郡神川町","元阿保"
"埼玉県","児玉郡神川町","元原"
"埼玉県","児玉郡神川町","矢納"
"埼玉県","児玉郡神川町","八日市"
"埼玉県","児玉郡神川町","渡瀬"
"埼玉県","児玉郡上里町","大御堂"
"埼玉県","児玉郡上里町","忍保"
"埼玉県","児玉郡上里町","金久保"
"埼玉県","児玉郡上里町","嘉美"
"埼玉県","児玉郡上里町","五明"
"埼玉県","児玉郡上里町","七本木"
"埼玉県","児玉郡上里町","神保原町"
"埼玉県","児玉郡上里町","帯刀"
"埼玉県","児玉郡上里町","堤"
"埼玉県","児玉郡上里町","勅使河原"
"埼玉県","児玉郡上里町","長浜"
"埼玉県","児玉郡上里町","八町河原"
"埼玉県","児玉郡上里町","毘沙吐"
"埼玉県","児玉郡上里町","藤木戸"
"埼玉県","児玉郡上里町","黛"
"埼玉県","児玉郡上里町","三町"
"埼玉県","大里郡寄居町","赤浜"
"埼玉県","大里郡寄居町","秋山"
"埼玉県","大里郡寄居町","今市"
"埼玉県","大里郡寄居町","折原"
"埼玉県","大里郡寄居町","金尾"
"埼玉県","大里郡寄居町","小園"
"埼玉県","大里郡寄居町","桜沢"
"埼玉県","大里郡寄居町","末野"
"埼玉県","大里郡寄居町","鷹巣"
"埼玉県","大里郡寄居町","立原"
"埼玉県","大里郡寄居町","露梨子"
"埼玉県","大里郡寄居町","富田"
"埼玉県","大里郡寄居町","西ノ入"
"埼玉県","大里郡寄居町","西古里"
"埼玉県","大里郡寄居町","鉢形"
"埼玉県","大里郡寄居町","風布"
"埼玉県","大里郡寄居町","藤田"
"埼玉県","大里郡寄居町","保田原"
"埼玉県","大里郡寄居町","三ケ山"
"埼玉県","大里郡寄居町","三品"
"埼玉県","大里郡寄居町","牟礼"
"埼玉県","大里郡寄居町","用土"
"埼玉県","大里郡寄居町","寄居"
"埼玉県","南埼玉郡宮代町","学園台"
"埼玉県","南埼玉郡宮代町","笠原"
"埼玉県","南埼玉郡宮代町","金原"
"埼玉県","南埼玉郡宮代町","川端"
"埼玉県","南埼玉郡宮代町","国納"
"埼玉県","南埼玉郡宮代町","逆井"
"埼玉県","南埼玉郡宮代町","須賀"
"埼玉県","南埼玉郡宮代町","中央"
"埼玉県","南埼玉郡宮代町","道佛"
"埼玉県","南埼玉郡宮代町","中"
"埼玉県","南埼玉郡宮代町","中島"
"埼玉県","南埼玉郡宮代町","西粂原"
"埼玉県","南埼玉郡宮代町","西原"
"埼玉県","南埼玉郡宮代町","東"
"埼玉県","南埼玉郡宮代町","東粂原"
"埼玉県","南埼玉郡宮代町","東姫宮"
"埼玉県","南埼玉郡宮代町","姫宮"
"埼玉県","南埼玉郡宮代町","本田"
"埼玉県","南埼玉郡宮代町","宮代"
"埼玉県","南埼玉郡宮代町","宮代台"
"埼玉県","南埼玉郡宮代町","宮東"
"埼玉県","南埼玉郡宮代町","百間"
"埼玉県","南埼玉郡宮代町","山崎"
"埼玉県","南埼玉郡宮代町","和戸"
"埼玉県","北葛飾郡杉戸町","内田"
"埼玉県","北葛飾郡杉戸町","大島"
"埼玉県","北葛飾郡杉戸町","大塚"
"埼玉県","北葛飾郡杉戸町","北蓮沼"
"埼玉県","北葛飾郡杉戸町","木津内"
"埼玉県","北葛飾郡杉戸町","木野川"
"埼玉県","北葛飾郡杉戸町","倉松"
"埼玉県","北葛飾郡杉戸町","才羽"
"埼玉県","北葛飾郡杉戸町","佐左エ門"
"埼玉県","北葛飾郡杉戸町","下高野"
"埼玉県","北葛飾郡杉戸町","下野"
"埼玉県","北葛飾郡杉戸町","杉戸"
"埼玉県","北葛飾郡杉戸町","清地"
"埼玉県","北葛飾郡杉戸町","高野台東"
"埼玉県","北葛飾郡杉戸町","高野台西"
"埼玉県","北葛飾郡杉戸町","高野台南"
"埼玉県","北葛飾郡杉戸町","堤根"
"埼玉県","北葛飾郡杉戸町","椿"
"埼玉県","北葛飾郡杉戸町","遠野"
"埼玉県","北葛飾郡杉戸町","並塚"
"埼玉県","北葛飾郡杉戸町","茨島"
"埼玉県","北葛飾郡杉戸町","屏風"
"埼玉県","北葛飾郡杉戸町","広戸沼"
"埼玉県","北葛飾郡杉戸町","深輪"
"埼玉県","北葛飾郡杉戸町","本郷"
"埼玉県","北葛飾郡杉戸町","宮前"
"埼玉県","北葛飾郡杉戸町","目沼"
"埼玉県","北葛飾郡杉戸町","本島"
"埼玉県","北葛飾郡杉戸町","鷲巣"
"埼玉県","北葛飾郡松伏町","魚沼"
"埼玉県","北葛飾郡松伏町","大川戸"
"埼玉県","北葛飾郡松伏町","金杉"
"埼玉県","北葛飾郡松伏町","上赤岩"
"埼玉県","北葛飾郡松伏町","下赤岩"
"埼玉県","北葛飾郡松伏町","田島"
"埼玉県","北葛飾郡松伏町","田島東"
"埼玉県","北葛飾郡松伏町","田中"
"埼玉県","北葛飾郡松伏町","築比地"
"埼玉県","北葛飾郡松伏町","松葉"
"埼玉県","北葛飾郡松伏町","松伏"
"埼玉県","北葛飾郡松伏町","ゆめみ野"
"埼玉県","北葛飾郡松伏町","ゆめみ野東"
