"千葉県","千葉市中央区","青葉町"
"千葉県","千葉市中央区","赤井町"
"千葉県","千葉市中央区","旭町"
"千葉県","千葉市中央区","市場町"
"千葉県","千葉市中央区","稲荷町"
"千葉県","千葉市中央区","亥鼻"
"千葉県","千葉市中央区","今井"
"千葉県","千葉市中央区","今井町"
"千葉県","千葉市中央区","院内"
"千葉県","千葉市中央区","鵜の森町"
"千葉県","千葉市中央区","大森町"
"千葉県","千葉市中央区","生実町"
"千葉県","千葉市中央区","春日"
"千葉県","千葉市中央区","葛城"
"千葉県","千葉市中央区","要町"
"千葉県","千葉市中央区","亀井町"
"千葉県","千葉市中央区","亀岡町"
"千葉県","千葉市中央区","川崎町"
"千葉県","千葉市中央区","川戸町"
"千葉県","千葉市中央区","栄町"
"千葉県","千葉市中央区","寒川町"
"千葉県","千葉市中央区","塩田町"
"千葉県","千葉市中央区","汐見丘町"
"千葉県","千葉市中央区","白旗"
"千葉県","千葉市中央区","新宿"
"千葉県","千葉市中央区","新千葉"
"千葉県","千葉市中央区","新田町"
"千葉県","千葉市中央区","新町"
"千葉県","千葉市中央区","神明町"
"千葉県","千葉市中央区","末広"
"千葉県","千葉市中央区","蘇我"
"千葉県","千葉市中央区","蘇我町"
"千葉県","千葉市中央区","大巌寺町"
"千葉県","千葉市中央区","千葉寺町"
"千葉県","千葉市中央区","千葉港"
"千葉県","千葉市中央区","中央"
"千葉県","千葉市中央区","中央港"
"千葉県","千葉市中央区","椿森"
"千葉県","千葉市中央区","鶴沢町"
"千葉県","千葉市中央区","出洲港"
"千葉県","千葉市中央区","道場南"
"千葉県","千葉市中央区","道場北"
"千葉県","千葉市中央区","問屋町"
"千葉県","千葉市中央区","長洲"
"千葉県","千葉市中央区","新浜町"
"千葉県","千葉市中央区","仁戸名町"
"千葉県","千葉市中央区","登戸"
"千葉県","千葉市中央区","花輪町"
"千葉県","千葉市中央区","浜野町"
"千葉県","千葉市中央区","東千葉"
"千葉県","千葉市中央区","東本町"
"千葉県","千葉市中央区","富士見"
"千葉県","千葉市中央区","弁天"
"千葉県","千葉市中央区","星久喜町"
"千葉県","千葉市中央区","本千葉町"
"千葉県","千葉市中央区","本町"
"千葉県","千葉市中央区","松ケ丘町"
"千葉県","千葉市中央区","松波"
"千葉県","千葉市中央区","港町"
"千葉県","千葉市中央区","南生実町"
"千葉県","千葉市中央区","南町"
"千葉県","千葉市中央区","都町"
"千葉県","千葉市中央区","宮崎"
"千葉県","千葉市中央区","宮崎町"
"千葉県","千葉市中央区","村田町"
"千葉県","千葉市中央区","矢作町"
"千葉県","千葉市中央区","祐光"
"千葉県","千葉市中央区","若草"
"千葉県","千葉市花見川区","朝日ケ丘"
"千葉県","千葉市花見川区","朝日ケ丘町"
"千葉県","千葉市花見川区","天戸町"
"千葉県","千葉市花見川区","内山町"
"千葉県","千葉市花見川区","宇那谷町"
"千葉県","千葉市花見川区","柏井"
"千葉県","千葉市花見川区","柏井町"
"千葉県","千葉市花見川区","検見川町"
"千葉県","千葉市花見川区","こてはし台"
"千葉県","千葉市花見川区","犢橋町"
"千葉県","千葉市花見川区","作新台"
"千葉県","千葉市花見川区","さつきが丘"
"千葉県","千葉市花見川区","三角町"
"千葉県","千葉市花見川区","武石町"
"千葉県","千葉市花見川区","大日町"
"千葉県","千葉市花見川区","千種町"
"千葉県","千葉市花見川区","長作台"
"千葉県","千葉市花見川区","長作町"
"千葉県","千葉市花見川区","浪花町"
"千葉県","千葉市花見川区","西小中台"
"千葉県","千葉市花見川区","畑町"
"千葉県","千葉市花見川区","花島町"
"千葉県","千葉市花見川区","花園"
"千葉県","千葉市花見川区","花園町"
"千葉県","千葉市花見川区","花見川"
"千葉県","千葉市花見川区","幕張町"
"千葉県","千葉市花見川区","幕張本郷"
"千葉県","千葉市花見川区","瑞穂"
"千葉県","千葉市花見川区","南花園"
"千葉県","千葉市花見川区","み春野"
"千葉県","千葉市花見川区","宮野木台"
"千葉県","千葉市花見川区","横戸台"
"千葉県","千葉市花見川区","横戸町"
"千葉県","千葉市稲毛区","穴川"
"千葉県","千葉市稲毛区","穴川町"
"千葉県","千葉市稲毛区","あやめ台"
"千葉県","千葉市稲毛区","稲丘町"
"千葉県","千葉市稲毛区","稲毛"
"千葉県","千葉市稲毛区","稲毛台町"
"千葉県","千葉市稲毛区","稲毛町"
"千葉県","千葉市稲毛区","稲毛東"
"千葉県","千葉市稲毛区","柏台"
"千葉県","千葉市稲毛区","黒砂"
"千葉県","千葉市稲毛区","黒砂台"
"千葉県","千葉市稲毛区","小仲台"
"千葉県","千葉市稲毛区","小中台町"
"千葉県","千葉市稲毛区","小深町"
"千葉県","千葉市稲毛区","作草部"
"千葉県","千葉市稲毛区","作草部町"
"千葉県","千葉市稲毛区","山王町"
"千葉県","千葉市稲毛区","園生町"
"千葉県","千葉市稲毛区","千草台"
"千葉県","千葉市稲毛区","天台"
"千葉県","千葉市稲毛区","天台町"
"千葉県","千葉市稲毛区","轟町"
"千葉県","千葉市稲毛区","長沼町"
"千葉県","千葉市稲毛区","長沼原町"
"千葉県","千葉市稲毛区","萩台町"
"千葉県","千葉市稲毛区","緑町"
"千葉県","千葉市稲毛区","宮野木町"
"千葉県","千葉市稲毛区","弥生町"
"千葉県","千葉市稲毛区","六方町"
"千葉県","千葉市若葉区","愛生町"
"千葉県","千葉市若葉区","五十土町"
"千葉県","千葉市若葉区","和泉町"
"千葉県","千葉市若葉区","大井戸町"
"千葉県","千葉市若葉区","大草町"
"千葉県","千葉市若葉区","太田町"
"千葉県","千葉市若葉区","大広町"
"千葉県","千葉市若葉区","大宮台"
"千葉県","千葉市若葉区","大宮町"
"千葉県","千葉市若葉区","小倉台"
"千葉県","千葉市若葉区","小倉町"
"千葉県","千葉市若葉区","御成台"
"千葉県","千葉市若葉区","小間子町"
"千葉県","千葉市若葉区","貝塚"
"千葉県","千葉市若葉区","貝塚町"
"千葉県","千葉市若葉区","加曽利町"
"千葉県","千葉市若葉区","金親町"
"千葉県","千葉市若葉区","上泉町"
"千葉県","千葉市若葉区","川井町"
"千葉県","千葉市若葉区","北大宮台"
"千葉県","千葉市若葉区","北谷津町"
"千葉県","千葉市若葉区","古泉町"
"千葉県","千葉市若葉区","御殿町"
"千葉県","千葉市若葉区","坂月町"
"千葉県","千葉市若葉区","桜木"
"千葉県","千葉市若葉区","桜木北"
"千葉県","千葉市若葉区","更科町"
"千葉県","千葉市若葉区","佐和町"
"千葉県","千葉市若葉区","下泉町"
"千葉県","千葉市若葉区","下田町"
"千葉県","千葉市若葉区","高品町"
"千葉県","千葉市若葉区","高根町"
"千葉県","千葉市若葉区","多部田町"
"千葉県","千葉市若葉区","旦谷町"
"千葉県","千葉市若葉区","千城台東"
"千葉県","千葉市若葉区","千城台西"
"千葉県","千葉市若葉区","千城台南"
"千葉県","千葉市若葉区","千城台北"
"千葉県","千葉市若葉区","都賀"
"千葉県","千葉市若葉区","都賀の台"
"千葉県","千葉市若葉区","殿台町"
"千葉県","千葉市若葉区","富田町"
"千葉県","千葉市若葉区","中田町"
"千葉県","千葉市若葉区","中野町"
"千葉県","千葉市若葉区","西都賀"
"千葉県","千葉市若葉区","野呂町"
"千葉県","千葉市若葉区","原町"
"千葉県","千葉市若葉区","東寺山町"
"千葉県","千葉市若葉区","みつわ台"
"千葉県","千葉市若葉区","源町"
"千葉県","千葉市若葉区","谷当町"
"千葉県","千葉市若葉区","若松台"
"千葉県","千葉市若葉区","若松町"
"千葉県","千葉市緑区","あすみが丘"
"千葉県","千葉市緑区","あすみが丘東"
"千葉県","千葉市緑区","板倉町"
"千葉県","千葉市緑区","大金沢町"
"千葉県","千葉市緑区","大木戸町"
"千葉県","千葉市緑区","大椎町"
"千葉県","千葉市緑区","大高町"
"千葉県","千葉市緑区","大野台"
"千葉県","千葉市緑区","落井町"
"千葉県","千葉市緑区","越智町"
"千葉県","千葉市緑区","小山町"
"千葉県","千葉市緑区","おゆみ野"
"千葉県","千葉市緑区","おゆみ野有吉"
"千葉県","千葉市緑区","おゆみ野中央"
"千葉県","千葉市緑区","おゆみ野南"
"千葉県","千葉市緑区","鎌取町"
"千葉県","千葉市緑区","上大和田町"
"千葉県","千葉市緑区","刈田子町"
"千葉県","千葉市緑区","小金沢町"
"千葉県","千葉市緑区","椎名崎町"
"千葉県","千葉市緑区","下大和田町"
"千葉県","千葉市緑区","大膳野町"
"千葉県","千葉市緑区","高田町"
"千葉県","千葉市緑区","高津戸町"
"千葉県","千葉市緑区","土気町"
"千葉県","千葉市緑区","富岡町"
"千葉県","千葉市緑区","中西町"
"千葉県","千葉市緑区","東山科町"
"千葉県","千葉市緑区","平川町"
"千葉県","千葉市緑区","平山町"
"千葉県","千葉市緑区","古市場町"
"千葉県","千葉市緑区","辺田町"
"千葉県","千葉市緑区","誉田町"
"千葉県","千葉市緑区","茂呂町"
"千葉県","千葉市緑区","小食土町"
"千葉県","千葉市美浜区","磯辺"
"千葉県","千葉市美浜区","稲毛海岸"
"千葉県","千葉市美浜区","打瀬"
"千葉県","千葉市美浜区","幸町"
"千葉県","千葉市美浜区","新港"
"千葉県","千葉市美浜区","高洲"
"千葉県","千葉市美浜区","高浜"
"千葉県","千葉市美浜区","豊砂"
"千葉県","千葉市美浜区","中瀬"
"千葉県","千葉市美浜区","浜田"
"千葉県","千葉市美浜区","ひび野"
"千葉県","千葉市美浜区","幕張西"
"千葉県","千葉市美浜区","真砂"
"千葉県","千葉市美浜区","美浜"
"千葉県","千葉市美浜区","若葉"
"千葉県","銚子市","赤塚町"
"千葉県","銚子市","海鹿島町"
"千葉県","銚子市","芦崎町"
"千葉県","銚子市","愛宕町"
"千葉県","銚子市","新生町"
"千葉県","銚子市","粟島町"
"千葉県","銚子市","飯沼町"
"千葉県","銚子市","犬吠埼"
"千葉県","銚子市","犬若"
"千葉県","銚子市","今宮町"
"千葉県","銚子市","上野町"
"千葉県","銚子市","植松町"
"千葉県","銚子市","内浜町"
"千葉県","銚子市","大橋町"
"千葉県","銚子市","岡野台町"
"千葉県","銚子市","小浜町"
"千葉県","銚子市","親田町"
"千葉県","銚子市","垣根町"
"千葉県","銚子市","垣根見晴台"
"千葉県","銚子市","笠上町"
"千葉県","銚子市","春日台町"
"千葉県","銚子市","春日町"
"千葉県","銚子市","唐子町"
"千葉県","銚子市","川口町"
"千葉県","銚子市","北小川町"
"千葉県","銚子市","君ケ浜"
"千葉県","銚子市","清川町"
"千葉県","銚子市","黒生町"
"千葉県","銚子市","小長町"
"千葉県","銚子市","小畑新町"
"千葉県","銚子市","小畑町"
"千葉県","銚子市","後飯町"
"千葉県","銚子市","小船木町"
"千葉県","銚子市","幸町"
"千葉県","銚子市","栄町"
"千葉県","銚子市","榊町"
"千葉県","銚子市","桜井町"
"千葉県","銚子市","笹本町"
"千葉県","銚子市","猿田町"
"千葉県","銚子市","三軒町"
"千葉県","銚子市","潮見町"
"千葉県","銚子市","忍町"
"千葉県","銚子市","柴崎町"
"千葉県","銚子市","清水町"
"千葉県","銚子市","正明寺町"
"千葉県","銚子市","白石町"
"千葉県","銚子市","新地町"
"千葉県","銚子市","新町"
"千葉県","銚子市","陣屋町"
"千葉県","銚子市","末広町"
"千葉県","銚子市","台町"
"千葉県","銚子市","高神原町"
"千葉県","銚子市","高神東町"
"千葉県","銚子市","高神西町"
"千葉県","銚子市","高田町"
"千葉県","銚子市","高野町"
"千葉県","銚子市","竹町"
"千葉県","銚子市","田中町"
"千葉県","銚子市","茶畑町"
"千葉県","銚子市","中央町"
"千葉県","銚子市","塚本町"
"千葉県","銚子市","天王台"
"千葉県","銚子市","通町"
"千葉県","銚子市","外川台町"
"千葉県","銚子市","外川町"
"千葉県","銚子市","常世田町"
"千葉県","銚子市","富川町"
"千葉県","銚子市","豊里台"
"千葉県","銚子市","名洗町"
"千葉県","銚子市","中島町"
"千葉県","銚子市","仲町"
"千葉県","銚子市","長崎町"
"千葉県","銚子市","長塚町"
"千葉県","銚子市","長山町"
"千葉県","銚子市","西小川町"
"千葉県","銚子市","西芝町"
"千葉県","銚子市","野尻町"
"千葉県","銚子市","橋本町"
"千葉県","銚子市","浜町"
"千葉県","銚子市","馬場町"
"千葉県","銚子市","東小川町"
"千葉県","銚子市","東芝町"
"千葉県","銚子市","東町"
"千葉県","銚子市","双葉町"
"千葉県","銚子市","船木町"
"千葉県","銚子市","本城町"
"千葉県","銚子市","本町"
"千葉県","銚子市","前宿町"
"千葉県","銚子市","松岸町"
"千葉県","銚子市","松岸見晴台"
"千葉県","銚子市","松本町"
"千葉県","銚子市","三門町"
"千葉県","銚子市","三崎町"
"千葉県","銚子市","港町"
"千葉県","銚子市","南小川町"
"千葉県","銚子市","南町"
"千葉県","銚子市","三宅町"
"千葉県","銚子市","宮原町"
"千葉県","銚子市","妙見町"
"千葉県","銚子市","明神町"
"千葉県","銚子市","森戸町"
"千葉県","銚子市","諸持町"
"千葉県","銚子市","八木町"
"千葉県","銚子市","弥生町"
"千葉県","銚子市","八幡町"
"千葉県","銚子市","四日市場台"
"千葉県","銚子市","四日市場町"
"千葉県","銚子市","余山町"
"千葉県","銚子市","若宮町"
"千葉県","銚子市","和田町"
"千葉県","市川市","相之川"
"千葉県","市川市","新井"
"千葉県","市川市","伊勢宿"
"千葉県","市川市","市川"
"千葉県","市川市","市川南"
"千葉県","市川市","稲越町"
"千葉県","市川市","入船"
"千葉県","市川市","大洲"
"千葉県","市川市","大野町"
"千葉県","市川市","大町"
"千葉県","市川市","大和田"
"千葉県","市川市","押切"
"千葉県","市川市","鬼越"
"千葉県","市川市","鬼高"
"千葉県","市川市","欠真間"
"千葉県","市川市","柏井町"
"千葉県","市川市","加藤新田"
"千葉県","市川市","上妙典"
"千葉県","市川市","河原"
"千葉県","市川市","香取"
"千葉県","市川市","北方"
"千葉県","市川市","北国分"
"千葉県","市川市","行徳駅前"
"千葉県","市川市","国府台"
"千葉県","市川市","高谷"
"千葉県","市川市","高谷新町"
"千葉県","市川市","国分"
"千葉県","市川市","幸"
"千葉県","市川市","塩浜"
"千葉県","市川市","塩焼"
"千葉県","市川市","島尻"
"千葉県","市川市","下貝塚"
"千葉県","市川市","下新宿"
"千葉県","市川市","下妙典"
"千葉県","市川市","新田"
"千葉県","市川市","末広"
"千葉県","市川市","菅野"
"千葉県","市川市","須和田"
"千葉県","市川市","関ケ島"
"千葉県","市川市","曽谷"
"千葉県","市川市","高石神"
"千葉県","市川市","高浜町"
"千葉県","市川市","宝"
"千葉県","市川市","田尻"
"千葉県","市川市","千鳥町"
"千葉県","市川市","稲荷木"
"千葉県","市川市","富浜"
"千葉県","市川市","中国分"
"千葉県","市川市","中山"
"千葉県","市川市","新浜"
"千葉県","市川市","原木"
"千葉県","市川市","東大和田"
"千葉県","市川市","東国分"
"千葉県","市川市","東菅野"
"千葉県","市川市","東浜"
"千葉県","市川市","日之出"
"千葉県","市川市","平田"
"千葉県","市川市","広尾"
"千葉県","市川市","福栄"
"千葉県","市川市","二俣"
"千葉県","市川市","二俣新町"
"千葉県","市川市","奉免町"
"千葉県","市川市","北方町"
"千葉県","市川市","堀之内"
"千葉県","市川市","本行徳"
"千葉県","市川市","本塩"
"千葉県","市川市","真間"
"千葉県","市川市","湊"
"千葉県","市川市","湊新田"
"千葉県","市川市","南大野"
"千葉県","市川市","南行徳"
"千葉県","市川市","南八幡"
"千葉県","市川市","宮久保"
"千葉県","市川市","妙典"
"千葉県","市川市","本北方"
"千葉県","市川市","八幡"
"千葉県","市川市","若宮"
"千葉県","船橋市","旭町"
"千葉県","船橋市","東町"
"千葉県","船橋市","市場"
"千葉県","船橋市","印内"
"千葉県","船橋市","印内町"
"千葉県","船橋市","大穴町"
"千葉県","船橋市","大穴南"
"千葉県","船橋市","大穴北"
"千葉県","船橋市","大神保町"
"千葉県","船橋市","海神"
"千葉県","船橋市","海神町"
"千葉県","船橋市","海神町東"
"千葉県","船橋市","海神町西"
"千葉県","船橋市","海神町南"
"千葉県","船橋市","葛飾町"
"千葉県","船橋市","金杉"
"千葉県","船橋市","金杉台"
"千葉県","船橋市","金杉町"
"千葉県","船橋市","金堀町"
"千葉県","船橋市","上山町"
"千葉県","船橋市","北本町"
"千葉県","船橋市","行田"
"千葉県","船橋市","行田町"
"千葉県","船橋市","楠が山町"
"千葉県","船橋市","車方町"
"千葉県","船橋市","高野台"
"千葉県","船橋市","古作"
"千葉県","船橋市","古作町"
"千葉県","船橋市","小野田町"
"千葉県","船橋市","小室町"
"千葉県","船橋市","米ケ崎町"
"千葉県","船橋市","古和釜町"
"千葉県","船橋市","栄町"
"千葉県","船橋市","咲が丘"
"千葉県","船橋市","潮見町"
"千葉県","船橋市","芝山"
"千葉県","船橋市","新高根"
"千葉県","船橋市","神保町"
"千葉県","船橋市","鈴身町"
"千葉県","船橋市","駿河台"
"千葉県","船橋市","高瀬町"
"千葉県","船橋市","高根台"
"千葉県","船橋市","高根町"
"千葉県","船橋市","滝台"
"千葉県","船橋市","滝台町"
"千葉県","船橋市","田喜野井"
"千葉県","船橋市","坪井町"
"千葉県","船橋市","坪井東"
"千葉県","船橋市","坪井西"
"千葉県","船橋市","豊富町"
"千葉県","船橋市","中野木"
"千葉県","船橋市","夏見"
"千葉県","船橋市","夏見台"
"千葉県","船橋市","夏見町"
"千葉県","船橋市","七林町"
"千葉県","船橋市","習志野"
"千葉県","船橋市","習志野台"
"千葉県","船橋市","西浦"
"千葉県","船橋市","西習志野"
"千葉県","船橋市","西船"
"千葉県","船橋市","二宮"
"千葉県","船橋市","飯山満町"
"千葉県","船橋市","浜町"
"千葉県","船橋市","東中山"
"千葉県","船橋市","東船橋"
"千葉県","船橋市","日の出"
"千葉県","船橋市","藤原"
"千葉県","船橋市","二子町"
"千葉県","船橋市","二和東"
"千葉県","船橋市","二和西"
"千葉県","船橋市","本郷町"
"千葉県","船橋市","本町"
"千葉県","船橋市","前原東"
"千葉県","船橋市","前原西"
"千葉県","船橋市","前貝塚町"
"千葉県","船橋市","馬込町"
"千葉県","船橋市","馬込西"
"千葉県","船橋市","松が丘"
"千葉県","船橋市","丸山"
"千葉県","船橋市","三咲"
"千葉県","船橋市","三咲町"
"千葉県","船橋市","緑台"
"千葉県","船橋市","湊町"
"千葉県","船橋市","南海神"
"千葉県","船橋市","南本町"
"千葉県","船橋市","南三咲"
"千葉県","船橋市","みやぎ台"
"千葉県","船橋市","三山"
"千葉県","船橋市","宮本"
"千葉県","船橋市","本中山"
"千葉県","船橋市","八木が谷"
"千葉県","船橋市","八木が谷町"
"千葉県","船橋市","薬円台"
"千葉県","船橋市","薬園台町"
"千葉県","船橋市","山手"
"千葉県","船橋市","山野町"
"千葉県","船橋市","若松"
"千葉県","館山市","相浜"
"千葉県","館山市","安布里"
"千葉県","館山市","安東"
"千葉県","館山市","飯沼"
"千葉県","館山市","出野尾"
"千葉県","館山市","伊戸"
"千葉県","館山市","稲"
"千葉県","館山市","犬石"
"千葉県","館山市","上野原"
"千葉県","館山市","江田"
"千葉県","館山市","大網"
"千葉県","館山市","大井"
"千葉県","館山市","大賀"
"千葉県","館山市","大戸"
"千葉県","館山市","岡田"
"千葉県","館山市","加賀名"
"千葉県","館山市","笠名"
"千葉県","館山市","神余"
"千葉県","館山市","上真倉"
"千葉県","館山市","亀ケ原"
"千葉県","館山市","川名"
"千葉県","館山市","見物"
"千葉県","館山市","香"
"千葉県","館山市","国分"
"千葉県","館山市","腰越"
"千葉県","館山市","小沼"
"千葉県","館山市","小原"
"千葉県","館山市","古茂口"
"千葉県","館山市","坂井"
"千葉県","館山市","坂足"
"千葉県","館山市","作名"
"千葉県","館山市","佐野"
"千葉県","館山市","塩見"
"千葉県","館山市","下真倉"
"千葉県","館山市","新宿"
"千葉県","館山市","洲崎"
"千葉県","館山市","洲宮"
"千葉県","館山市","薗"
"千葉県","館山市","大神宮"
"千葉県","館山市","高井"
"千葉県","館山市","竹原"
"千葉県","館山市","館山"
"千葉県","館山市","中里"
"千葉県","館山市","長須賀"
"千葉県","館山市","那古"
"千葉県","館山市","南条"
"千葉県","館山市","西川名"
"千葉県","館山市","西長田"
"千葉県","館山市","沼"
"千葉県","館山市","波左間"
"千葉県","館山市","畑"
"千葉県","館山市","浜田"
"千葉県","館山市","早物"
"千葉県","館山市","坂田"
"千葉県","館山市","東長田"
"千葉県","館山市","広瀬"
"千葉県","館山市","富士見"
"千葉県","館山市","藤原"
"千葉県","館山市","二子"
"千葉県","館山市","船形"
"千葉県","館山市","宝貝"
"千葉県","館山市","北条"
"千葉県","館山市","北条正木"
"千葉県","館山市","正木"
"千葉県","館山市","水岡"
"千葉県","館山市","水玉"
"千葉県","館山市","湊"
"千葉県","館山市","宮城"
"千葉県","館山市","布沼"
"千葉県","館山市","布良"
"千葉県","館山市","茂名"
"千葉県","館山市","山本"
"千葉県","館山市","山荻"
"千葉県","館山市","八幡"
"千葉県","館山市","竜岡"
"千葉県","木更津市","朝日"
"千葉県","木更津市","吾妻"
"千葉県","木更津市","有吉"
"千葉県","木更津市","井尻"
"千葉県","木更津市","伊豆島"
"千葉県","木更津市","岩根"
"千葉県","木更津市","犬成"
"千葉県","木更津市","牛込"
"千葉県","木更津市","牛袋"
"千葉県","木更津市","牛袋野"
"千葉県","木更津市","瓜倉"
"千葉県","木更津市","江川"
"千葉県","木更津市","大稲"
"千葉県","木更津市","大久保"
"千葉県","木更津市","太田"
"千葉県","木更津市","大寺"
"千葉県","木更津市","貝渕"
"千葉県","木更津市","かずさ鎌足"
"千葉県","木更津市","金田東"
"千葉県","木更津市","上烏田"
"千葉県","木更津市","上根岸"
"千葉県","木更津市","上望陀"
"千葉県","木更津市","茅野"
"千葉県","木更津市","茅野七曲"
"千葉県","木更津市","祇園"
"千葉県","木更津市","木更津"
"千葉県","木更津市","北浜町"
"千葉県","木更津市","清川"
"千葉県","木更津市","清見台"
"千葉県","木更津市","清見台東"
"千葉県","木更津市","清見台南"
"千葉県","木更津市","草敷"
"千葉県","木更津市","久津間"
"千葉県","木更津市","畔戸"
"千葉県","木更津市","下内橋"
"千葉県","木更津市","港南台"
"千葉県","木更津市","小浜"
"千葉県","木更津市","幸町"
"千葉県","木更津市","坂戸市場"
"千葉県","木更津市","桜井"
"千葉県","木更津市","桜井新町"
"千葉県","木更津市","桜町"
"千葉県","木更津市","笹子"
"千葉県","木更津市","佐野"
"千葉県","木更津市","潮浜"
"千葉県","木更津市","潮見"
"千葉県","木更津市","下烏田"
"千葉県","木更津市","下郡"
"千葉県","木更津市","下宮田"
"千葉県","木更津市","下望陀"
"千葉県","木更津市","請西"
"千葉県","木更津市","請西東"
"千葉県","木更津市","請西南"
"千葉県","木更津市","新宿"
"千葉県","木更津市","新田"
"千葉県","木更津市","新港"
"千葉県","木更津市","菅生"
"千葉県","木更津市","曽根"
"千葉県","木更津市","高砂"
"千葉県","木更津市","高柳"
"千葉県","木更津市","田川"
"千葉県","木更津市","中央"
"千葉県","木更津市","築地"
"千葉県","木更津市","椿"
"千葉県","木更津市","十日市場"
"千葉県","木更津市","戸国"
"千葉県","木更津市","中尾"
"千葉県","木更津市","中烏田"
"千葉県","木更津市","中里"
"千葉県","木更津市","中島"
"千葉県","木更津市","中島地先海ほたる"
"千葉県","木更津市","中野"
"千葉県","木更津市","中の島"
"千葉県","木更津市","永井作"
"千葉県","木更津市","長須賀"
"千葉県","木更津市","西岩根"
"千葉県","木更津市","根岸"
"千葉県","木更津市","畑沢"
"千葉県","木更津市","畑沢南"
"千葉県","木更津市","八幡台"
"千葉県","木更津市","羽鳥野"
"千葉県","木更津市","東太田"
"千葉県","木更津市","東中央"
"千葉県","木更津市","日の出町"
"千葉県","木更津市","富士見"
"千葉県","木更津市","文京"
"千葉県","木更津市","ほたる野"
"千葉県","木更津市","本郷"
"千葉県","木更津市","真舟"
"千葉県","木更津市","真里"
"千葉県","木更津市","真里谷"
"千葉県","木更津市","万石"
"千葉県","木更津市","木材港"
"千葉県","木更津市","矢那"
"千葉県","木更津市","大和"
"千葉県","木更津市","山本七曲"
"千葉県","木更津市","若葉町"
"千葉県","松戸市","秋山"
"千葉県","松戸市","旭町"
"千葉県","松戸市","岩瀬"
"千葉県","松戸市","大金平"
"千葉県","松戸市","大橋"
"千葉県","松戸市","大谷口"
"千葉県","松戸市","大谷口新田"
"千葉県","松戸市","上総内"
"千葉県","松戸市","金ケ作"
"千葉県","松戸市","紙敷"
"千葉県","松戸市","上本郷"
"千葉県","松戸市","上矢切"
"千葉県","松戸市","河原塚"
"千葉県","松戸市","北松戸"
"千葉県","松戸市","串崎新田"
"千葉県","松戸市","串崎南町"
"千葉県","松戸市","久保平賀"
"千葉県","松戸市","栗ケ沢"
"千葉県","松戸市","栗山"
"千葉県","松戸市","幸田"
"千葉県","松戸市","幸谷"
"千葉県","松戸市","古ケ崎"
"千葉県","松戸市","小金"
"千葉県","松戸市","小金上総町"
"千葉県","松戸市","小金きよしケ丘"
"千葉県","松戸市","小金清志町"
"千葉県","松戸市","小金原"
"千葉県","松戸市","五香"
"千葉県","松戸市","五香西"
"千葉県","松戸市","五香南"
"千葉県","松戸市","五香六実"
"千葉県","松戸市","小根本"
"千葉県","松戸市","小山"
"千葉県","松戸市","胡録台"
"千葉県","松戸市","栄町"
"千葉県","松戸市","栄町西"
"千葉県","松戸市","七右衛門新田"
"千葉県","松戸市","下矢切"
"千葉県","松戸市","新作"
"千葉県","松戸市","新松戸"
"千葉県","松戸市","新松戸東"
"千葉県","松戸市","新松戸南"
"千葉県","松戸市","新松戸北"
"千葉県","松戸市","千駄堀"
"千葉県","松戸市","高塚新田"
"千葉県","松戸市","高柳"
"千葉県","松戸市","高柳新田"
"千葉県","松戸市","竹ケ花"
"千葉県","松戸市","竹ケ花西町"
"千葉県","松戸市","田中新田"
"千葉県","松戸市","常盤平"
"千葉県","松戸市","常盤平陣屋前"
"千葉県","松戸市","常盤平西窪町"
"千葉県","松戸市","常盤平双葉町"
"千葉県","松戸市","常盤平松葉町"
"千葉県","松戸市","常盤平柳町"
"千葉県","松戸市","殿平賀"
"千葉県","松戸市","仲井町"
"千葉県","松戸市","中金杉"
"千葉県","松戸市","中根"
"千葉県","松戸市","中根長津町"
"千葉県","松戸市","中矢切"
"千葉県","松戸市","中和倉"
"千葉県","松戸市","西馬橋"
"千葉県","松戸市","西馬橋相川町"
"千葉県","松戸市","西馬橋蔵元町"
"千葉県","松戸市","西馬橋幸町"
"千葉県","松戸市","西馬橋広手町"
"千葉県","松戸市","二十世紀が丘柿の木町"
"千葉県","松戸市","二十世紀が丘戸山町"
"千葉県","松戸市","二十世紀が丘中松町"
"千葉県","松戸市","二十世紀が丘梨元町"
"千葉県","松戸市","二十世紀が丘萩町"
"千葉県","松戸市","二十世紀が丘丸山町"
"千葉県","松戸市","二十世紀が丘美野里町"
"千葉県","松戸市","根木内"
"千葉県","松戸市","根本"
"千葉県","松戸市","野菊野"
"千葉県","松戸市","八ケ崎"
"千葉県","松戸市","八ケ崎緑町"
"千葉県","松戸市","初富飛地"
"千葉県","松戸市","東平賀"
"千葉県","松戸市","東松戸"
"千葉県","松戸市","日暮"
"千葉県","松戸市","樋野口"
"千葉県","松戸市","平賀"
"千葉県","松戸市","二ツ木"
"千葉県","松戸市","二ツ木二葉町"
"千葉県","松戸市","本町"
"千葉県","松戸市","牧の原"
"千葉県","松戸市","松戸"
"千葉県","松戸市","松戸新田"
"千葉県","松戸市","松飛台"
"千葉県","松戸市","馬橋"
"千葉県","松戸市","三ケ月"
"千葉県","松戸市","緑ケ丘"
"千葉県","松戸市","南花島"
"千葉県","松戸市","稔台"
"千葉県","松戸市","三矢小台"
"千葉県","松戸市","六実"
"千葉県","松戸市","主水新田"
"千葉県","松戸市","横須賀"
"千葉県","松戸市","吉井町"
"千葉県","松戸市","六高台"
"千葉県","松戸市","六高台西"
"千葉県","松戸市","和名ケ谷"
"千葉県","野田市","泉"
"千葉県","野田市","今上"
"千葉県","野田市","岩名"
"千葉県","野田市","大殿井"
"千葉県","野田市","岡田"
"千葉県","野田市","尾崎"
"千葉県","野田市","尾崎台"
"千葉県","野田市","親野井"
"千葉県","野田市","小山"
"千葉県","野田市","柏寺"
"千葉県","野田市","春日町"
"千葉県","野田市","金杉"
"千葉県","野田市","上三ケ尾"
"千葉県","野田市","上花輪"
"千葉県","野田市","上花輪新町"
"千葉県","野田市","木野崎"
"千葉県","野田市","木間ケ瀬"
"千葉県","野田市","桐ケ作"
"千葉県","野田市","光葉町"
"千葉県","野田市","五木"
"千葉県","野田市","五木新田"
"千葉県","野田市","五木新町"
"千葉県","野田市","古布内"
"千葉県","野田市","座生"
"千葉県","野田市","桜木"
"千葉県","野田市","桜台"
"千葉県","野田市","桜の里"
"千葉県","野田市","清水"
"千葉県","野田市","清水公園東"
"千葉県","野田市","下三ケ尾"
"千葉県","野田市","関宿内町"
"千葉県","野田市","関宿江戸町"
"千葉県","野田市","関宿三軒家"
"千葉県","野田市","関宿台町"
"千葉県","野田市","関宿元町"
"千葉県","野田市","関宿町"
"千葉県","野田市","瀬戸"
"千葉県","野田市","堤台"
"千葉県","野田市","堤根"
"千葉県","野田市","つつみ野"
"千葉県","野田市","鶴奉"
"千葉県","野田市","中里"
"千葉県","野田市","中戸"
"千葉県","野田市","中根"
"千葉県","野田市","中野台"
"千葉県","野田市","中野台鹿島町"
"千葉県","野田市","七光台"
"千葉県","野田市","次木"
"千葉県","野田市","西高野"
"千葉県","野田市","西三ケ尾"
"千葉県","野田市","新田戸"
"千葉県","野田市","野田"
"千葉県","野田市","花井"
"千葉県","野田市","はやま"
"千葉県","野田市","蕃昌"
"千葉県","野田市","東金野井"
"千葉県","野田市","東高野"
"千葉県","野田市","東宝珠花"
"千葉県","野田市","日の出町"
"千葉県","野田市","平井"
"千葉県","野田市","二ツ塚"
"千葉県","野田市","船形"
"千葉県","野田市","丸井"
"千葉県","野田市","みずき"
"千葉県","野田市","三ツ堀"
"千葉県","野田市","宮崎"
"千葉県","野田市","莚打"
"千葉県","野田市","目吹"
"千葉県","野田市","谷津"
"千葉県","野田市","柳沢"
"千葉県","野田市","山崎"
"千葉県","野田市","山崎梅の台"
"千葉県","野田市","山崎貝塚町"
"千葉県","野田市","山崎新町"
"千葉県","野田市","横内"
"千葉県","野田市","吉春"
"千葉県","茂原市","粟生野"
"千葉県","茂原市","芦網"
"千葉県","茂原市","石神"
"千葉県","茂原市","内長谷"
"千葉県","茂原市","榎神房"
"千葉県","茂原市","榎神房飛地"
"千葉県","茂原市","大沢"
"千葉県","茂原市","大芝"
"千葉県","茂原市","大登"
"千葉県","茂原市","押日"
"千葉県","茂原市","桂"
"千葉県","茂原市","桂飛地"
"千葉県","茂原市","上太田"
"千葉県","茂原市","上永吉"
"千葉県","茂原市","上茂原"
"千葉県","茂原市","萱場"
"千葉県","茂原市","川島飛地"
"千葉県","茂原市","上林"
"千葉県","茂原市","木崎"
"千葉県","茂原市","北高根飛地"
"千葉県","茂原市","北塚"
"千葉県","茂原市","黒戸"
"千葉県","茂原市","国府関"
"千葉県","茂原市","小萱場"
"千葉県","茂原市","小轡"
"千葉県","茂原市","腰当"
"千葉県","茂原市","小林"
"千葉県","茂原市","猿袋"
"千葉県","茂原市","三ケ谷"
"千葉県","茂原市","柴名"
"千葉県","茂原市","渋谷"
"千葉県","茂原市","清水"
"千葉県","茂原市","下太田"
"千葉県","茂原市","下永吉"
"千葉県","茂原市","庄吉"
"千葉県","茂原市","新小轡"
"千葉県","茂原市","墨田"
"千葉県","茂原市","千沢"
"千葉県","茂原市","千町"
"千葉県","茂原市","台田"
"千葉県","茂原市","高師"
"千葉県","茂原市","高師台"
"千葉県","茂原市","高師町"
"千葉県","茂原市","高田"
"千葉県","茂原市","立木"
"千葉県","茂原市","中善寺"
"千葉県","茂原市","中部"
"千葉県","茂原市","千代田町"
"千葉県","茂原市","綱島"
"千葉県","茂原市","東郷"
"千葉県","茂原市","道表"
"千葉県","茂原市","東部台"
"千葉県","茂原市","中之郷飛地"
"千葉県","茂原市","中の島町"
"千葉県","茂原市","長尾"
"千葉県","茂原市","長清水"
"千葉県","茂原市","長谷"
"千葉県","茂原市","七渡"
"千葉県","茂原市","西野"
"千葉県","茂原市","萩原町"
"千葉県","茂原市","早野"
"千葉県","茂原市","早野新田"
"千葉県","茂原市","東茂原"
"千葉県","茂原市","法目"
"千葉県","茂原市","本小轡"
"千葉県","茂原市","本納"
"千葉県","茂原市","町保"
"千葉県","茂原市","真名"
"千葉県","茂原市","御蔵芝"
"千葉県","茂原市","緑ケ丘"
"千葉県","茂原市","緑町"
"千葉県","茂原市","南吉田"
"千葉県","茂原市","箕輪"
"千葉県","茂原市","六ツ野"
"千葉県","茂原市","茂原"
"千葉県","茂原市","茂原西"
"千葉県","茂原市","野牛"
"千葉県","茂原市","八千代"
"千葉県","茂原市","山崎"
"千葉県","茂原市","谷本"
"千葉県","茂原市","八幡原"
"千葉県","茂原市","弓渡"
"千葉県","茂原市","吉井上"
"千葉県","茂原市","吉井下"
"千葉県","茂原市","六田台"
"千葉県","茂原市","鷲巣"
"千葉県","成田市","青山"
"千葉県","成田市","赤荻"
"千葉県","成田市","赤坂"
"千葉県","成田市","芦田"
"千葉県","成田市","東町"
"千葉県","成田市","吾妻"
"千葉県","成田市","荒海"
"千葉県","成田市","安西"
"千葉県","成田市","飯田町"
"千葉県","成田市","飯仲"
"千葉県","成田市","囲護台"
"千葉県","成田市","磯部"
"千葉県","成田市","伊能"
"千葉県","成田市","飯岡"
"千葉県","成田市","ウイング土屋"
"千葉県","成田市","臼作"
"千葉県","成田市","江弁須"
"千葉県","成田市","大生"
"千葉県","成田市","大清水"
"千葉県","成田市","大菅"
"千葉県","成田市","大竹"
"千葉県","成田市","大沼"
"千葉県","成田市","大袋"
"千葉県","成田市","大室"
"千葉県","成田市","大山"
"千葉県","成田市","大和田"
"千葉県","成田市","押畑"
"千葉県","成田市","小野"
"千葉県","成田市","上町"
"千葉県","成田市","上福田"
"千葉県","成田市","加良部"
"千葉県","成田市","川上"
"千葉県","成田市","川栗"
"千葉県","成田市","官林"
"千葉県","成田市","北須賀"
"千葉県","成田市","北羽鳥"
"千葉県","成田市","吉岡"
"千葉県","成田市","木の根"
"千葉県","成田市","久井崎"
"千葉県","成田市","久住中央"
"千葉県","成田市","久米"
"千葉県","成田市","久米野"
"千葉県","成田市","倉水"
"千葉県","成田市","小泉"
"千葉県","成田市","公津の杜"
"千葉県","成田市","郷部"
"千葉県","成田市","御所の内"
"千葉県","成田市","小菅"
"千葉県","成田市","小浮"
"千葉県","成田市","駒井野"
"千葉県","成田市","幸町"
"千葉県","成田市","桜田"
"千葉県","成田市","佐野"
"千葉県","成田市","猿山"
"千葉県","成田市","三里塚御料"
"千葉県","成田市","三里塚光ケ丘"
"千葉県","成田市","地蔵原新田"
"千葉県","成田市","三里塚"
"千葉県","成田市","下方"
"千葉県","成田市","芝"
"千葉県","成田市","柴田"
"千葉県","成田市","下金山"
"千葉県","成田市","下福田"
"千葉県","成田市","新泉"
"千葉県","成田市","新川"
"千葉県","成田市","新駒井野"
"千葉県","成田市","新田"
"千葉県","成田市","新町"
"千葉県","成田市","関戸"
"千葉県","成田市","浅間"
"千葉県","成田市","宗吾"
"千葉県","成田市","大栄十余三"
"千葉県","成田市","台方"
"千葉県","成田市","高"
"千葉県","成田市","高岡"
"千葉県","成田市","高倉"
"千葉県","成田市","宝田"
"千葉県","成田市","竜台"
"千葉県","成田市","田町"
"千葉県","成田市","玉造"
"千葉県","成田市","多良貝"
"千葉県","成田市","土室"
"千葉県","成田市","土屋"
"千葉県","成田市","津富浦"
"千葉県","成田市","寺台"
"千葉県","成田市","天神峰"
"千葉県","成田市","天浪"
"千葉県","成田市","稲荷山"
"千葉県","成田市","東峰"
"千葉県","成田市","東和田"
"千葉県","成田市","所"
"千葉県","成田市","取香"
"千葉県","成田市","冬父"
"千葉県","成田市","十余三"
"千葉県","成田市","中里"
"千葉県","成田市","中台"
"千葉県","成田市","中野"
"千葉県","成田市","仲町"
"千葉県","成田市","名木"
"千葉県","成田市","名古屋"
"千葉県","成田市","南敷"
"千葉県","成田市","奈土"
"千葉県","成田市","七沢"
"千葉県","成田市","長田"
"千葉県","成田市","長沼"
"千葉県","成田市","並木町"
"千葉県","成田市","滑川"
"千葉県","成田市","成田"
"千葉県","成田市","成井"
"千葉県","成田市","成毛"
"千葉県","成田市","南部"
"千葉県","成田市","南平台"
"千葉県","成田市","西和泉"
"千葉県","成田市","西大須賀"
"千葉県","成田市","西三里塚"
"千葉県","成田市","新妻"
"千葉県","成田市","野毛平"
"千葉県","成田市","野馬込"
"千葉県","成田市","橋賀台"
"千葉県","成田市","畑ケ田"
"千葉県","成田市","幡谷"
"千葉県","成田市","花崎町"
"千葉県","成田市","はなのき台"
"千葉県","成田市","馬場"
"千葉県","成田市","東和泉"
"千葉県","成田市","東金山"
"千葉県","成田市","東三里塚"
"千葉県","成田市","東ノ台"
"千葉県","成田市","一坪田"
"千葉県","成田市","不動ケ岡"
"千葉県","成田市","船形"
"千葉県","成田市","古込"
"千葉県","成田市","堀籠"
"千葉県","成田市","北部"
"千葉県","成田市","堀之内"
"千葉県","成田市","本三里塚"
"千葉県","成田市","本城"
"千葉県","成田市","本町"
"千葉県","成田市","前林"
"千葉県","成田市","馬乗里"
"千葉県","成田市","松子"
"千葉県","成田市","馬橋"
"千葉県","成田市","松崎"
"千葉県","成田市","美郷台"
"千葉県","成田市","水掛"
"千葉県","成田市","水の上"
"千葉県","成田市","南三里塚"
"千葉県","成田市","南羽鳥"
"千葉県","成田市","村田"
"千葉県","成田市","八代"
"千葉県","成田市","山口"
"千葉県","成田市","山之作"
"千葉県","成田市","横山"
"千葉県","成田市","吉倉"
"千葉県","成田市","四谷"
"千葉県","成田市","米野"
"千葉県","成田市","和田"
"千葉県","佐倉市","青菅"
"千葉県","佐倉市","畔田"
"千葉県","佐倉市","天辺"
"千葉県","佐倉市","飯重"
"千葉県","佐倉市","飯田"
"千葉県","佐倉市","飯田台"
"千葉県","佐倉市","飯塚"
"千葉県","佐倉市","飯野"
"千葉県","佐倉市","飯野町"
"千葉県","佐倉市","石川"
"千葉県","佐倉市","稲荷台"
"千葉県","佐倉市","井野"
"千葉県","佐倉市","井野町"
"千葉県","佐倉市","岩富"
"千葉県","佐倉市","岩富町"
"千葉県","佐倉市","岩名"
"千葉県","佐倉市","印南"
"千葉県","佐倉市","臼井"
"千葉県","佐倉市","臼井田"
"千葉県","佐倉市","臼井台"
"千葉県","佐倉市","内田"
"千葉県","佐倉市","裏新町"
"千葉県","佐倉市","瓜坪新田"
"千葉県","佐倉市","江原"
"千葉県","佐倉市","江原新田"
"千葉県","佐倉市","江原台"
"千葉県","佐倉市","王子台"
"千葉県","佐倉市","大崎台"
"千葉県","佐倉市","大作"
"千葉県","佐倉市","大佐倉"
"千葉県","佐倉市","大篠塚"
"千葉県","佐倉市","大蛇町"
"千葉県","佐倉市","太田"
"千葉県","佐倉市","小竹"
"千葉県","佐倉市","生谷"
"千葉県","佐倉市","表町"
"千葉県","佐倉市","海隣寺町"
"千葉県","佐倉市","角来"
"千葉県","佐倉市","鹿島干拓"
"千葉県","佐倉市","鏑木仲田町"
"千葉県","佐倉市","鏑木町"
"千葉県","佐倉市","上勝田"
"千葉県","佐倉市","上志津"
"千葉県","佐倉市","上志津原"
"千葉県","佐倉市","上代"
"千葉県","佐倉市","上別所"
"千葉県","佐倉市","木野子"
"千葉県","佐倉市","神門"
"千葉県","佐倉市","小篠塚"
"千葉県","佐倉市","米戸"
"千葉県","佐倉市","栄町"
"千葉県","佐倉市","坂戸"
"千葉県","佐倉市","寒風"
"千葉県","佐倉市","山王"
"千葉県","佐倉市","下勝田"
"千葉県","佐倉市","下志津"
"千葉県","佐倉市","下志津原"
"千葉県","佐倉市","下根"
"千葉県","佐倉市","下根町"
"千葉県","佐倉市","樹木町"
"千葉県","佐倉市","城"
"千葉県","佐倉市","上座"
"千葉県","佐倉市","城内町"
"千葉県","佐倉市","白銀"
"千葉県","佐倉市","新臼井田"
"千葉県","佐倉市","新町"
"千葉県","佐倉市","千成"
"千葉県","佐倉市","染井野"
"千葉県","佐倉市","高岡"
"千葉県","佐倉市","高崎"
"千葉県","佐倉市","田町"
"千葉県","佐倉市","土浮"
"千葉県","佐倉市","坪山新田"
"千葉県","佐倉市","寺崎"
"千葉県","佐倉市","寺崎北"
"千葉県","佐倉市","藤治台"
"千葉県","佐倉市","直弥"
"千葉県","佐倉市","中志津"
"千葉県","佐倉市","中尾余町"
"千葉県","佐倉市","長熊"
"千葉県","佐倉市","七曲"
"千葉県","佐倉市","鍋山町"
"千葉県","佐倉市","並木町"
"千葉県","佐倉市","西志津"
"千葉県","佐倉市","西御門"
"千葉県","佐倉市","西ユーカリが丘"
"千葉県","佐倉市","萩山新田"
"千葉県","佐倉市","八幡台"
"千葉県","佐倉市","羽鳥"
"千葉県","佐倉市","春路"
"千葉県","佐倉市","藤沢町"
"千葉県","佐倉市","将門町"
"千葉県","佐倉市","先崎"
"千葉県","佐倉市","馬渡"
"千葉県","佐倉市","南臼井台"
"千葉県","佐倉市","南ユーカリが丘"
"千葉県","佐倉市","宮内"
"千葉県","佐倉市","宮小路町"
"千葉県","佐倉市","宮ノ台"
"千葉県","佐倉市","宮前"
"千葉県","佐倉市","宮本"
"千葉県","佐倉市","弥勒町"
"千葉県","佐倉市","六崎"
"千葉県","佐倉市","最上町"
"千葉県","佐倉市","本町"
"千葉県","佐倉市","八木"
"千葉県","佐倉市","野狐台町"
"千葉県","佐倉市","山崎"
"千葉県","佐倉市","ユーカリが丘"
"千葉県","佐倉市","吉見"
"千葉県","東金市","粟生飛地"
"千葉県","東金市","荒生"
"千葉県","東金市","家之子"
"千葉県","東金市","砂古瀬"
"千葉県","東金市","一之袋"
"千葉県","東金市","上谷"
"千葉県","東金市","大沼"
"千葉県","東金市","大沼田"
"千葉県","東金市","丘山台"
"千葉県","東金市","押堀"
"千葉県","東金市","小野"
"千葉県","東金市","家徳"
"千葉県","東金市","上布田"
"千葉県","東金市","上武射田"
"千葉県","東金市","川場"
"千葉県","東金市","北幸谷"
"千葉県","東金市","北之幸谷"
"千葉県","東金市","季美の森東"
"千葉県","東金市","求名"
"千葉県","東金市","幸田"
"千葉県","東金市","極楽寺"
"千葉県","東金市","小沼田"
"千葉県","東金市","士農田"
"千葉県","東金市","下武射田"
"千葉県","東金市","下谷"
"千葉県","東金市","宿"
"千葉県","東金市","酒蔵"
"千葉県","東金市","薄島"
"千葉県","東金市","関内"
"千葉県","東金市","関下"
"千葉県","東金市","台方"
"千葉県","東金市","高倉"
"千葉県","東金市","滝"
"千葉県","東金市","滝沢"
"千葉県","東金市","田中"
"千葉県","東金市","田間"
"千葉県","東金市","丹尾"
"千葉県","東金市","東金"
"千葉県","東金市","道庭"
"千葉県","東金市","殿廻"
"千葉県","東金市","中野"
"千葉県","東金市","西中"
"千葉県","東金市","西野飛地"
"千葉県","東金市","西福俵"
"千葉県","東金市","二之袋"
"千葉県","東金市","東岩崎"
"千葉県","東金市","東上宿"
"千葉県","東金市","東新宿"
"千葉県","東金市","東中"
"千葉県","東金市","東中島"
"千葉県","東金市","菱沼"
"千葉県","東金市","日吉台"
"千葉県","東金市","広瀬"
"千葉県","東金市","福俵"
"千葉県","東金市","藤下飛地"
"千葉県","東金市","二又"
"千葉県","東金市","不動堂飛地"
"千葉県","東金市","細屋敷"
"千葉県","東金市","堀上"
"千葉県","東金市","堀之内"
"千葉県","東金市","前之内"
"千葉県","東金市","松之郷"
"千葉県","東金市","大豆谷"
"千葉県","東金市","三浦名"
"千葉県","東金市","三ケ尻"
"千葉県","東金市","御門"
"千葉県","東金市","南上宿"
"千葉県","東金市","宮"
"千葉県","東金市","八坂台"
"千葉県","東金市","山口"
"千葉県","東金市","山田"
"千葉県","東金市","油井"
"千葉県","東金市","依古島"
"千葉県","旭市","秋田"
"千葉県","旭市","足川"
"千葉県","旭市","イ"
"千葉県","旭市","飯岡"
"千葉県","旭市","幾世"
"千葉県","旭市","泉川"
"千葉県","旭市","井戸野"
"千葉県","旭市","入野"
"千葉県","旭市","岩井"
"千葉県","旭市","岩崎"
"千葉県","旭市","後草"
"千葉県","旭市","江ケ崎"
"千葉県","旭市","大塚原"
"千葉県","旭市","大間手"
"千葉県","旭市","鏑木"
"千葉県","旭市","鎌数"
"千葉県","旭市","上永井"
"千葉県","旭市","川口"
"千葉県","旭市","行内"
"千葉県","旭市","清滝"
"千葉県","旭市","倉橋"
"千葉県","旭市","琴田"
"千葉県","旭市","駒込"
"千葉県","旭市","権田沼新田"
"千葉県","旭市","櫻井"
"千葉県","旭市","さくら台"
"千葉県","旭市","三川"
"千葉県","旭市","椎名内"
"千葉県","旭市","下永井"
"千葉県","旭市","神宮寺"
"千葉県","旭市","新町"
"千葉県","旭市","清和乙"
"千葉県","旭市","清和甲"
"千葉県","旭市","関戸"
"千葉県","旭市","高生"
"千葉県","旭市","長尾"
"千葉県","旭市","長部"
"千葉県","旭市","中谷里"
"千葉県","旭市","ニ"
"千葉県","旭市","西足洗"
"千葉県","旭市","仁玉"
"千葉県","旭市","野中"
"千葉県","旭市","ハ"
"千葉県","旭市","萩園"
"千葉県","旭市","塙"
"千葉県","旭市","東足洗"
"千葉県","旭市","平松"
"千葉県","旭市","舟戸"
"千葉県","旭市","蛇園"
"千葉県","旭市","松ケ谷"
"千葉県","旭市","萬歳"
"千葉県","旭市","萬力"
"千葉県","旭市","溝原"
"千葉県","旭市","南堀之内"
"千葉県","旭市","見広"
"千葉県","旭市","狢野"
"千葉県","旭市","八木"
"千葉県","旭市","横根"
"千葉県","旭市","米込"
"千葉県","旭市","ロ"
"千葉県","習志野市","茜浜"
"千葉県","習志野市","秋津"
"千葉県","習志野市","泉町"
"千葉県","習志野市","大久保"
"千葉県","習志野市","香澄"
"千葉県","習志野市","奏の杜"
"千葉県","習志野市","鷺沼"
"千葉県","習志野市","鷺沼台"
"千葉県","習志野市","芝園"
"千葉県","習志野市","新栄"
"千葉県","習志野市","袖ケ浦"
"千葉県","習志野市","津田沼"
"千葉県","習志野市","花咲"
"千葉県","習志野市","東習志野"
"千葉県","習志野市","藤崎"
"千葉県","習志野市","実籾"
"千葉県","習志野市","実籾本郷"
"千葉県","習志野市","本大久保"
"千葉県","習志野市","屋敷"
"千葉県","習志野市","谷津"
"千葉県","習志野市","谷津町"
"千葉県","柏市","青田新田飛地"
"千葉県","柏市","青葉台"
"千葉県","柏市","あかね町"
"千葉県","柏市","明原"
"千葉県","柏市","あけぼの"
"千葉県","柏市","曙橋"
"千葉県","柏市","旭町"
"千葉県","柏市","東"
"千葉県","柏市","東上町"
"千葉県","柏市","東台本町"
"千葉県","柏市","泉"
"千葉県","柏市","泉町"
"千葉県","柏市","泉村新田"
"千葉県","柏市","伊勢原"
"千葉県","柏市","今谷上町"
"千葉県","柏市","今谷南町"
"千葉県","柏市","岩井"
"千葉県","柏市","岩井村新田"
"千葉県","柏市","永楽台"
"千葉県","柏市","大青田"
"千葉県","柏市","大井"
"千葉県","柏市","大井新田"
"千葉県","柏市","大島田"
"千葉県","柏市","大津ケ丘"
"千葉県","柏市","大塚町"
"千葉県","柏市","大室"
"千葉県","柏市","大山台"
"千葉県","柏市","加賀"
"千葉県","柏市","風早"
"千葉県","柏市","柏"
"千葉県","柏市","柏インター東"
"千葉県","柏市","柏下"
"千葉県","柏市","柏中村下"
"千葉県","柏市","柏の葉"
"千葉県","柏市","柏堀之内新田"
"千葉県","柏市","片山"
"千葉県","柏市","片山新田"
"千葉県","柏市","金山"
"千葉県","柏市","上利根"
"千葉県","柏市","かやの町"
"千葉県","柏市","北柏"
"千葉県","柏市","北柏台"
"千葉県","柏市","亀甲台町"
"千葉県","柏市","小青田"
"千葉県","柏市","高南台"
"千葉県","柏市","五條谷"
"千葉県","柏市","酒井根"
"千葉県","柏市","逆井"
"千葉県","柏市","逆井藤ノ台"
"千葉県","柏市","桜台"
"千葉県","柏市","しいの木台"
"千葉県","柏市","篠籠田"
"千葉県","柏市","宿連寺"
"千葉県","柏市","正連寺"
"千葉県","柏市","新柏"
"千葉県","柏市","新逆井"
"千葉県","柏市","新富町"
"千葉県","柏市","新十余二"
"千葉県","柏市","水道橋"
"千葉県","柏市","末広町"
"千葉県","柏市","関場町"
"千葉県","柏市","千間橋"
"千葉県","柏市","染井入新田"
"千葉県","柏市","高田"
"千葉県","柏市","高柳"
"千葉県","柏市","高柳新田"
"千葉県","柏市","中央"
"千葉県","柏市","中央町"
"千葉県","柏市","千代田"
"千葉県","柏市","塚崎"
"千葉県","柏市","つくしが丘"
"千葉県","柏市","手賀"
"千葉県","柏市","手賀新田"
"千葉県","柏市","手賀の杜"
"千葉県","柏市","常盤台"
"千葉県","柏市","戸張"
"千葉県","柏市","戸張新田"
"千葉県","柏市","富里"
"千葉県","柏市","豊上町"
"千葉県","柏市","豊四季"
"千葉県","柏市","豊四季台"
"千葉県","柏市","豊住"
"千葉県","柏市","豊平町"
"千葉県","柏市","十余二"
"千葉県","柏市","中新宿"
"千葉県","柏市","中十余二"
"千葉県","柏市","中原"
"千葉県","柏市","名戸ケ谷"
"千葉県","柏市","西柏台"
"千葉県","柏市","西町"
"千葉県","柏市","西原"
"千葉県","柏市","西山"
"千葉県","柏市","根戸"
"千葉県","柏市","根戸新田"
"千葉県","柏市","八幡町"
"千葉県","柏市","花野井"
"千葉県","柏市","光ケ丘"
"千葉県","柏市","光ケ丘団地"
"千葉県","柏市","東柏"
"千葉県","柏市","東逆井"
"千葉県","柏市","東中新宿"
"千葉県","柏市","東山"
"千葉県","柏市","日立台"
"千葉県","柏市","ひばりが丘"
"千葉県","柏市","藤ケ谷"
"千葉県","柏市","藤ケ谷新田"
"千葉県","柏市","藤心"
"千葉県","柏市","布施"
"千葉県","柏市","布瀬"
"千葉県","柏市","布施下"
"千葉県","柏市","布施新田"
"千葉県","柏市","布瀬新田"
"千葉県","柏市","布施新町"
"千葉県","柏市","船戸"
"千葉県","柏市","船戸山高野"
"千葉県","柏市","弁天下"
"千葉県","柏市","増尾"
"千葉県","柏市","増尾台"
"千葉県","柏市","松ケ崎"
"千葉県","柏市","松ケ崎新田"
"千葉県","柏市","松葉町"
"千葉県","柏市","緑ケ丘"
"千葉県","柏市","みどり台"
"千葉県","柏市","緑台"
"千葉県","柏市","南柏"
"千葉県","柏市","南柏中央"
"千葉県","柏市","南逆井"
"千葉県","柏市","南高柳"
"千葉県","柏市","南増尾"
"千葉県","柏市","箕輪"
"千葉県","柏市","箕輪新田"
"千葉県","柏市","向原町"
"千葉県","柏市","柳戸"
"千葉県","柏市","弥生町"
"千葉県","柏市","豊町"
"千葉県","柏市","吉野沢"
"千葉県","柏市","呼塚"
"千葉県","柏市","呼塚新田"
"千葉県","柏市","若柴"
"千葉県","柏市","若白毛"
"千葉県","柏市","若葉町"
"千葉県","柏市","鷲野谷"
"千葉県","柏市","鷲野谷新田"
"千葉県","勝浦市","赤羽根"
"千葉県","勝浦市","荒川"
"千葉県","勝浦市","市野川"
"千葉県","勝浦市","市野郷"
"千葉県","勝浦市","出水"
"千葉県","勝浦市","上野"
"千葉県","勝浦市","植野"
"千葉県","勝浦市","植野元宮田"
"千葉県","勝浦市","鵜原"
"千葉県","勝浦市","大楠"
"千葉県","勝浦市","大沢"
"千葉県","勝浦市","大森"
"千葉県","勝浦市","大森上植野入会地"
"千葉県","勝浦市","興津"
"千葉県","勝浦市","興津久保山台"
"千葉県","勝浦市","貝掛"
"千葉県","勝浦市","勝浦"
"千葉県","勝浦市","蟹田"
"千葉県","勝浦市","上植野"
"千葉県","勝浦市","川津"
"千葉県","勝浦市","串浜"
"千葉県","勝浦市","小羽戸"
"千葉県","勝浦市","小松野"
"千葉県","勝浦市","佐野"
"千葉県","勝浦市","沢倉"
"千葉県","勝浦市","宿戸"
"千葉県","勝浦市","白井久保"
"千葉県","勝浦市","白木"
"千葉県","勝浦市","新官"
"千葉県","勝浦市","新戸"
"千葉県","勝浦市","杉戸"
"千葉県","勝浦市","関谷"
"千葉県","勝浦市","台宿"
"千葉県","勝浦市","墨名"
"千葉県","勝浦市","中倉"
"千葉県","勝浦市","中里"
"千葉県","勝浦市","中島"
"千葉県","勝浦市","中谷"
"千葉県","勝浦市","名木"
"千葉県","勝浦市","芳賀"
"千葉県","勝浦市","花里"
"千葉県","勝浦市","浜勝浦"
"千葉県","勝浦市","浜行川"
"千葉県","勝浦市","平田"
"千葉県","勝浦市","部原"
"千葉県","勝浦市","法花"
"千葉県","勝浦市","松野"
"千葉県","勝浦市","松部"
"千葉県","勝浦市","南山田"
"千葉県","勝浦市","守谷"
"千葉県","勝浦市","吉尾"
"千葉県","市原市","相川"
"千葉県","市原市","青葉台"
"千葉県","市原市","青柳"
"千葉県","市原市","青柳海岸"
"千葉県","市原市","青柳北"
"千葉県","市原市","安久谷"
"千葉県","市原市","浅井小向"
"千葉県","市原市","旭五所"
"千葉県","市原市","安須"
"千葉県","市原市","朝生原"
"千葉県","市原市","姉崎"
"千葉県","市原市","姉崎海岸"
"千葉県","市原市","姉崎西"
"千葉県","市原市","海士有木"
"千葉県","市原市","天羽田"
"千葉県","市原市","新井"
"千葉県","市原市","新生"
"千葉県","市原市","新巻"
"千葉県","市原市","飯沼"
"千葉県","市原市","池和田"
"千葉県","市原市","石川"
"千葉県","市原市","石神"
"千葉県","市原市","石塚"
"千葉県","市原市","泉台"
"千葉県","市原市","磯ケ谷"
"千葉県","市原市","飯給"
"千葉県","市原市","市原"
"千葉県","市原市","市場"
"千葉県","市原市","糸久"
"千葉県","市原市","犬成"
"千葉県","市原市","今津朝山"
"千葉県","市原市","今富"
"千葉県","市原市","不入斗"
"千葉県","市原市","岩"
"千葉県","市原市","岩崎"
"千葉県","市原市","岩崎西"
"千葉県","市原市","岩野見"
"千葉県","市原市","上原"
"千葉県","市原市","牛久"
"千葉県","市原市","馬立"
"千葉県","市原市","潤井戸"
"千葉県","市原市","うるいど南"
"千葉県","市原市","江子田"
"千葉県","市原市","大桶"
"千葉県","市原市","大久保"
"千葉県","市原市","大蔵"
"千葉県","市原市","大作"
"千葉県","市原市","大坪"
"千葉県","市原市","大戸"
"千葉県","市原市","大厩"
"千葉県","市原市","大和田"
"千葉県","市原市","荻作"
"千葉県","市原市","奥野"
"千葉県","市原市","押沼"
"千葉県","市原市","小田部"
"千葉県","市原市","折津"
"千葉県","市原市","海保"
"千葉県","市原市","柿木台"
"千葉県","市原市","風戸"
"千葉県","市原市","柏原"
"千葉県","市原市","神代"
"千葉県","市原市","片又木"
"千葉県","市原市","勝間"
"千葉県","市原市","金沢"
"千葉県","市原市","上高根"
"千葉県","市原市","加茂"
"千葉県","市原市","栢橋"
"千葉県","市原市","川在"
"千葉県","市原市","神崎"
"千葉県","市原市","菊間"
"千葉県","市原市","喜多"
"千葉県","市原市","北国分寺台"
"千葉県","市原市","吉沢"
"千葉県","市原市","君塚"
"千葉県","市原市","久々津"
"千葉県","市原市","草刈"
"千葉県","市原市","久保"
"千葉県","市原市","五井"
"千葉県","市原市","五井金杉"
"千葉県","市原市","五井中央西"
"千葉県","市原市","五井中央東"
"千葉県","市原市","五井西"
"千葉県","市原市","五井東"
"千葉県","市原市","五井海岸"
"千葉県","市原市","五井南海岸"
"千葉県","市原市","高坂"
"千葉県","市原市","光風台"
"千葉県","市原市","小折"
"千葉県","市原市","郡本"
"千葉県","市原市","小草畑"
"千葉県","市原市","国分寺台中央"
"千葉県","市原市","国本"
"千葉県","市原市","古敷谷"
"千葉県","市原市","五所"
"千葉県","市原市","古都辺"
"千葉県","市原市","駒込"
"千葉県","市原市","小谷田"
"千葉県","市原市","権現堂"
"千葉県","市原市","金剛地"
"千葉県","市原市","西広"
"千葉県","市原市","桜台"
"千葉県","市原市","佐是"
"千葉県","市原市","更級"
"千葉県","市原市","椎津"
"千葉県","市原市","椎の木台"
"千葉県","市原市","島田"
"千葉県","市原市","島野"
"千葉県","市原市","下野"
"千葉県","市原市","下矢田"
"千葉県","市原市","十五沢"
"千葉県","市原市","宿"
"千葉県","市原市","白塚"
"千葉県","市原市","白金町"
"千葉県","市原市","真ケ谷"
"千葉県","市原市","菅野"
"千葉県","市原市","諏訪"
"千葉県","市原市","瀬又"
"千葉県","市原市","惣社"
"千葉県","市原市","高倉"
"千葉県","市原市","高滝"
"千葉県","市原市","高田"
"千葉県","市原市","滝口"
"千葉県","市原市","武士"
"千葉県","市原市","辰巳台東"
"千葉県","市原市","辰巳台西"
"千葉県","市原市","立野"
"千葉県","市原市","田尾"
"千葉県","市原市","田淵"
"千葉県","市原市","田淵旧日竹"
"千葉県","市原市","玉前"
"千葉県","市原市","玉前西"
"千葉県","市原市","千種"
"千葉県","市原市","千種海岸"
"千葉県","市原市","ちはら台西"
"千葉県","市原市","ちはら台東"
"千葉県","市原市","ちはら台南"
"千葉県","市原市","廿五里"
"千葉県","市原市","月崎"
"千葉県","市原市","月出"
"千葉県","市原市","土宇"
"千葉県","市原市","鶴舞"
"千葉県","市原市","出津"
"千葉県","市原市","出津西"
"千葉県","市原市","寺谷"
"千葉県","市原市","徳氏"
"千葉県","市原市","戸面"
"千葉県","市原市","外部田"
"千葉県","市原市","豊成"
"千葉県","市原市","中"
"千葉県","市原市","中高根"
"千葉県","市原市","中野"
"千葉県","市原市","永吉"
"千葉県","市原市","奈良"
"千葉県","市原市","新堀"
"千葉県","市原市","西国吉"
"千葉県","市原市","西国分寺台"
"千葉県","市原市","西五所"
"千葉県","市原市","西野"
"千葉県","市原市","西野谷"
"千葉県","市原市","根田"
"千葉県","市原市","能満"
"千葉県","市原市","野毛"
"千葉県","市原市","葉木"
"千葉県","市原市","畑木"
"千葉県","市原市","原田"
"千葉県","市原市","番場"
"千葉県","市原市","東国吉"
"千葉県","市原市","東国分寺台"
"千葉県","市原市","東五所"
"千葉県","市原市","引田"
"千葉県","市原市","櫃挾"
"千葉県","市原市","平田"
"千葉県","市原市","平野"
"千葉県","市原市","深城"
"千葉県","市原市","福増"
"千葉県","市原市","藤井"
"千葉県","市原市","二日市場"
"千葉県","市原市","不入"
"千葉県","市原市","古市場"
"千葉県","市原市","平蔵"
"千葉県","市原市","奉免"
"千葉県","市原市","堀越"
"千葉県","市原市","本郷"
"千葉県","市原市","町田"
"千葉県","市原市","松ケ島"
"千葉県","市原市","松ケ島西"
"千葉県","市原市","松崎"
"千葉県","市原市","万田野"
"千葉県","市原市","水沢"
"千葉県","市原市","南岩崎"
"千葉県","市原市","南国分寺台"
"千葉県","市原市","皆吉"
"千葉県","市原市","宮原"
"千葉県","市原市","妙香"
"千葉県","市原市","迎田"
"千葉県","市原市","村上"
"千葉県","市原市","門前"
"千葉県","市原市","矢田"
"千葉県","市原市","柳川"
"千葉県","市原市","柳原"
"千葉県","市原市","藪"
"千葉県","市原市","山木"
"千葉県","市原市","山倉"
"千葉県","市原市","山口"
"千葉県","市原市","山小川"
"千葉県","市原市","山田"
"千葉県","市原市","山田橋"
"千葉県","市原市","八幡"
"千葉県","市原市","八幡石塚"
"千葉県","市原市","八幡海岸通"
"千葉県","市原市","八幡北町"
"千葉県","市原市","八幡浦"
"千葉県","市原市","有秋台東"
"千葉県","市原市","有秋台西"
"千葉県","市原市","養老"
"千葉県","市原市","米沢"
"千葉県","市原市","米原"
"千葉県","市原市","若宮"
"千葉県","市原市","分目"
"千葉県","流山市","青田"
"千葉県","流山市","市野谷"
"千葉県","流山市","後平井"
"千葉県","流山市","江戸川台東"
"千葉県","流山市","江戸川台西"
"千葉県","流山市","大畔"
"千葉県","流山市","思井"
"千葉県","流山市","加"
"千葉県","流山市","上貝塚"
"千葉県","流山市","上新宿"
"千葉県","流山市","上新宿新田"
"千葉県","流山市","木"
"千葉県","流山市","北"
"千葉県","流山市","桐ケ谷"
"千葉県","流山市","こうのす台"
"千葉県","流山市","駒木"
"千葉県","流山市","駒木台"
"千葉県","流山市","小屋"
"千葉県","流山市","芝崎"
"千葉県","流山市","下花輪"
"千葉県","流山市","十太夫"
"千葉県","流山市","谷"
"千葉県","流山市","中"
"千葉県","流山市","中野久木"
"千葉県","流山市","長崎"
"千葉県","流山市","流山"
"千葉県","流山市","名都借"
"千葉県","流山市","西初石"
"千葉県","流山市","西平井"
"千葉県","流山市","西深井"
"千葉県","流山市","西松ケ丘"
"千葉県","流山市","野々下"
"千葉県","流山市","東初石"
"千葉県","流山市","東深井"
"千葉県","流山市","平方"
"千葉県","流山市","平方村新田"
"千葉県","流山市","鰭ケ崎"
"千葉県","流山市","深井新田"
"千葉県","流山市","富士見台"
"千葉県","流山市","古間木"
"千葉県","流山市","平和台"
"千葉県","流山市","前ケ崎"
"千葉県","流山市","前平井"
"千葉県","流山市","松ケ丘"
"千葉県","流山市","美田"
"千葉県","流山市","南"
"千葉県","流山市","南流山"
"千葉県","流山市","美原"
"千葉県","流山市","宮園"
"千葉県","流山市","三輪野山"
"千葉県","流山市","向小金"
"千葉県","流山市","若葉台"
"千葉県","八千代市","神久保"
"千葉県","八千代市","大和田"
"千葉県","八千代市","大和田新田"
"千葉県","八千代市","尾崎"
"千葉県","八千代市","勝田"
"千葉県","八千代市","勝田台"
"千葉県","八千代市","勝田台北"
"千葉県","八千代市","勝田台南"
"千葉県","八千代市","神野"
"千葉県","八千代市","上高野"
"千葉県","八千代市","萱田"
"千葉県","八千代市","萱田町"
"千葉県","八千代市","桑納"
"千葉県","八千代市","小池"
"千葉県","八千代市","佐山"
"千葉県","八千代市","島田"
"千葉県","八千代市","島田台"
"千葉県","八千代市","下市場"
"千葉県","八千代市","下高野"
"千葉県","八千代市","桑橋"
"千葉県","八千代市","大学町"
"千葉県","八千代市","高津"
"千葉県","八千代市","高津東"
"千葉県","八千代市","平戸"
"千葉県","八千代市","保品"
"千葉県","八千代市","堀の内"
"千葉県","八千代市","真木野"
"千葉県","八千代市","緑が丘"
"千葉県","八千代市","麦丸"
"千葉県","八千代市","村上"
"千葉県","八千代市","村上南"
"千葉県","八千代市","八千代台東"
"千葉県","八千代市","八千代台西"
"千葉県","八千代市","八千代台南"
"千葉県","八千代市","八千代台北"
"千葉県","八千代市","ゆりのき台"
"千葉県","八千代市","吉橋"
"千葉県","八千代市","米本"
"千葉県","我孫子市","相島新田"
"千葉県","我孫子市","青山"
"千葉県","我孫子市","青山台"
"千葉県","我孫子市","我孫子"
"千葉県","我孫子市","我孫子新田"
"千葉県","我孫子市","新木"
"千葉県","我孫子市","新木野"
"千葉県","我孫子市","新木村下"
"千葉県","我孫子市","泉"
"千葉県","我孫子市","都部"
"千葉県","我孫子市","都部新田"
"千葉県","我孫子市","都部村新田"
"千葉県","我孫子市","江蔵地"
"千葉県","我孫子市","大作新田"
"千葉県","我孫子市","岡発戸"
"千葉県","我孫子市","岡発戸新田"
"千葉県","我孫子市","上沼田"
"千葉県","我孫子市","北新田"
"千葉県","我孫子市","久寺家"
"千葉県","我孫子市","高野山"
"千葉県","我孫子市","高野山新田"
"千葉県","我孫子市","寿"
"千葉県","我孫子市","湖北台"
"千葉県","我孫子市","栄"
"千葉県","我孫子市","下ケ戸"
"千葉県","我孫子市","柴崎"
"千葉県","我孫子市","柴崎台"
"千葉県","我孫子市","下沼田"
"千葉県","我孫子市","新々田"
"千葉県","我孫子市","浅間前新田"
"千葉県","我孫子市","台田"
"千葉県","我孫子市","つくし野"
"千葉県","我孫子市","天王台"
"千葉県","我孫子市","中里"
"千葉県","我孫子市","中里新田"
"千葉県","我孫子市","中沼田"
"千葉県","我孫子市","中峠"
"千葉県","我孫子市","中峠台"
"千葉県","我孫子市","中峠村下"
"千葉県","我孫子市","並木"
"千葉県","我孫子市","根戸"
"千葉県","我孫子市","根戸新田"
"千葉県","我孫子市","白山"
"千葉県","我孫子市","東我孫子"
"千葉県","我孫子市","日の出"
"千葉県","我孫子市","日秀"
"千葉県","我孫子市","日秀新田"
"千葉県","我孫子市","布佐"
"千葉県","我孫子市","布佐下新田"
"千葉県","我孫子市","布佐酉町"
"千葉県","我孫子市","布佐平和台"
"千葉県","我孫子市","布施"
"千葉県","我孫子市","布施下"
"千葉県","我孫子市","船戸"
"千葉県","我孫子市","古戸"
"千葉県","我孫子市","弁天下"
"千葉県","我孫子市","本町"
"千葉県","我孫子市","三河屋新田"
"千葉県","我孫子市","緑"
"千葉県","我孫子市","南青山"
"千葉県","我孫子市","南新木"
"千葉県","我孫子市","都"
"千葉県","我孫子市","呼塚新田"
"千葉県","我孫子市","若松"
"千葉県","鴨川市","天津"
"千葉県","鴨川市","天面"
"千葉県","鴨川市","粟斗"
"千葉県","鴨川市","池田"
"千葉県","鴨川市","和泉"
"千葉県","鴨川市","磯村"
"千葉県","鴨川市","内浦"
"千葉県","鴨川市","打墨"
"千葉県","鴨川市","江見青木"
"千葉県","鴨川市","江見内遠野"
"千葉県","鴨川市","江見外堀"
"千葉県","鴨川市","江見太夫崎"
"千葉県","鴨川市","江見東真門"
"千葉県","鴨川市","江見西真門"
"千葉県","鴨川市","江見吉浦"
"千葉県","鴨川市","大川面"
"千葉県","鴨川市","大幡"
"千葉県","鴨川市","大山平塚"
"千葉県","鴨川市","押切"
"千葉県","鴨川市","太田学"
"千葉県","鴨川市","貝渚"
"千葉県","鴨川市","釜沼"
"千葉県","鴨川市","上"
"千葉県","鴨川市","上小原"
"千葉県","鴨川市","川代"
"千葉県","鴨川市","北小町"
"千葉県","鴨川市","京田"
"千葉県","鴨川市","清澄"
"千葉県","鴨川市","金束"
"千葉県","鴨川市","古畑"
"千葉県","鴨川市","小湊"
"千葉県","鴨川市","佐野"
"千葉県","鴨川市","下小原"
"千葉県","鴨川市","主基西"
"千葉県","鴨川市","代"
"千葉県","鴨川市","大里"
"千葉県","鴨川市","竹平"
"千葉県","鴨川市","田原西"
"千葉県","鴨川市","寺門"
"千葉県","鴨川市","仲"
"千葉県","鴨川市","仲町"
"千葉県","鴨川市","北風原"
"千葉県","鴨川市","奈良林"
"千葉県","鴨川市","成川"
"千葉県","鴨川市","西"
"千葉県","鴨川市","西江見"
"千葉県","鴨川市","西町"
"千葉県","鴨川市","西山"
"千葉県","鴨川市","滑谷"
"千葉県","鴨川市","畑"
"千葉県","鴨川市","花房"
"千葉県","鴨川市","浜荻"
"千葉県","鴨川市","坂東"
"千葉県","鴨川市","東"
"千葉県","鴨川市","東江見"
"千葉県","鴨川市","東町"
"千葉県","鴨川市","東元浜荻飛地"
"千葉県","鴨川市","平塚"
"千葉県","鴨川市","広場"
"千葉県","鴨川市","二子"
"千葉県","鴨川市","太尾"
"千葉県","鴨川市","太海"
"千葉県","鴨川市","太海浜"
"千葉県","鴨川市","太海西"
"千葉県","鴨川市","細野"
"千葉県","鴨川市","前原"
"千葉県","鴨川市","松尾寺"
"千葉県","鴨川市","南小町"
"千葉県","鴨川市","宮"
"千葉県","鴨川市","宮山"
"千葉県","鴨川市","八色"
"千葉県","鴨川市","横尾"
"千葉県","鴨川市","横渚"
"千葉県","鴨川市","吉尾西"
"千葉県","鴨川市","吉尾平塚"
"千葉県","鴨川市","四方木"
"千葉県","鴨川市","来秀"
"千葉県","鎌ケ谷市","粟野"
"千葉県","鎌ケ谷市","右京塚"
"千葉県","鎌ケ谷市","鎌ケ谷"
"千葉県","鎌ケ谷市","軽井沢"
"千葉県","鎌ケ谷市","北中沢"
"千葉県","鎌ケ谷市","北初富"
"千葉県","鎌ケ谷市","串崎新田"
"千葉県","鎌ケ谷市","くぬぎ山"
"千葉県","鎌ケ谷市","佐津間"
"千葉県","鎌ケ谷市","新鎌ケ谷"
"千葉県","鎌ケ谷市","中央"
"千葉県","鎌ケ谷市","富岡"
"千葉県","鎌ケ谷市","中佐津間"
"千葉県","鎌ケ谷市","中沢"
"千葉県","鎌ケ谷市","中沢新町"
"千葉県","鎌ケ谷市","西佐津間"
"千葉県","鎌ケ谷市","西道野辺"
"千葉県","鎌ケ谷市","初富"
"千葉県","鎌ケ谷市","初富本町"
"千葉県","鎌ケ谷市","東鎌ケ谷"
"千葉県","鎌ケ谷市","東中沢"
"千葉県","鎌ケ谷市","東初富"
"千葉県","鎌ケ谷市","東道野辺"
"千葉県","鎌ケ谷市","馬込沢"
"千葉県","鎌ケ谷市","丸山"
"千葉県","鎌ケ谷市","道野辺"
"千葉県","鎌ケ谷市","道野辺中央"
"千葉県","鎌ケ谷市","道野辺本町"
"千葉県","鎌ケ谷市","南鎌ケ谷"
"千葉県","鎌ケ谷市","南佐津間"
"千葉県","鎌ケ谷市","南初富"
"千葉県","君津市","青柳"
"千葉県","君津市","愛宕"
"千葉県","君津市","泉"
"千葉県","君津市","市宿"
"千葉県","君津市","糸川"
"千葉県","君津市","芋窪"
"千葉県","君津市","岩出"
"千葉県","君津市","植畑"
"千葉県","君津市","内箕輪"
"千葉県","君津市","内蓑輪"
"千葉県","君津市","浦田"
"千葉県","君津市","大井"
"千葉県","君津市","大井戸"
"千葉県","君津市","大岩"
"千葉県","君津市","大戸見"
"千葉県","君津市","大戸見旧名殿"
"千葉県","君津市","大野台"
"千葉県","君津市","大山野"
"千葉県","君津市","大鷲"
"千葉県","君津市","大鷲新田"
"千葉県","君津市","大和田"
"千葉県","君津市","荻作"
"千葉県","君津市","奥米"
"千葉県","君津市","大坂"
"千葉県","君津市","小櫃台"
"千葉県","君津市","折木沢"
"千葉県","君津市","賀恵渕"
"千葉県","君津市","香木原"
"千葉県","君津市","かずさ小糸"
"千葉県","君津市","加名盛"
"千葉県","君津市","鹿野山"
"千葉県","君津市","鎌滝"
"千葉県","君津市","上"
"千葉県","君津市","上新田"
"千葉県","君津市","上湯江"
"千葉県","君津市","釜生"
"千葉県","君津市","川俣"
"千葉県","君津市","川谷"
"千葉県","君津市","北久保"
"千葉県","君津市","北子安"
"千葉県","君津市","君津"
"千葉県","君津市","君津台"
"千葉県","君津市","行馬"
"千葉県","君津市","黄和田畑"
"千葉県","君津市","草川原"
"千葉県","君津市","久保"
"千葉県","君津市","蔵玉"
"千葉県","君津市","栗坪"
"千葉県","君津市","久留里"
"千葉県","君津市","久留里市場"
"千葉県","君津市","久留里大谷"
"千葉県","君津市","久留里大和田"
"千葉県","君津市","小市部"
"千葉県","君津市","小糸大谷"
"千葉県","君津市","高坂"
"千葉県","君津市","郡"
"千葉県","君津市","小山野"
"千葉県","君津市","坂田"
"千葉県","君津市","坂畑"
"千葉県","君津市","笹"
"千葉県","君津市","貞元"
"千葉県","君津市","皿引"
"千葉県","君津市","三田"
"千葉県","君津市","新御堂"
"千葉県","君津市","下湯江"
"千葉県","君津市","宿原"
"千葉県","君津市","小香"
"千葉県","君津市","白駒"
"千葉県","君津市","末吉"
"千葉県","君津市","杉谷"
"千葉県","君津市","清和市場"
"千葉県","君津市","草牛"
"千葉県","君津市","外箕輪"
"千葉県","君津市","台"
"千葉県","君津市","大中"
"千葉県","君津市","高水"
"千葉県","君津市","滝原"
"千葉県","君津市","旅名"
"千葉県","君津市","俵田"
"千葉県","君津市","塚原"
"千葉県","君津市","作木"
"千葉県","君津市","辻森"
"千葉県","君津市","寺沢"
"千葉県","君津市","常代"
"千葉県","君津市","戸崎"
"千葉県","君津市","利根"
"千葉県","君津市","富田"
"千葉県","君津市","豊田"
"千葉県","君津市","豊英"
"千葉県","君津市","中島"
"千葉県","君津市","中富"
"千葉県","君津市","中野"
"千葉県","君津市","長石"
"千葉県","君津市","西粟倉"
"千葉県","君津市","西猪原"
"千葉県","君津市","西坂田"
"千葉県","君津市","西原"
"千葉県","君津市","西日笠"
"千葉県","君津市","日渡根"
"千葉県","君津市","糠田"
"千葉県","君津市","糠田飛地"
"千葉県","君津市","怒田沢"
"千葉県","君津市","怒田"
"千葉県","君津市","根本"
"千葉県","君津市","練木"
"千葉県","君津市","長谷川"
"千葉県","君津市","浜子"
"千葉県","君津市","東粟倉"
"千葉県","君津市","東猪原"
"千葉県","君津市","東坂田"
"千葉県","君津市","東日笠"
"千葉県","君津市","尾車"
"千葉県","君津市","人見"
"千葉県","君津市","平田"
"千葉県","君津市","平山"
"千葉県","君津市","広岡"
"千葉県","君津市","福岡"
"千葉県","君津市","藤林"
"千葉県","君津市","二入"
"千葉県","君津市","法木"
"千葉県","君津市","法木作"
"千葉県","君津市","正木"
"千葉県","君津市","馬登"
"千葉県","君津市","南久保"
"千葉県","君津市","南子安"
"千葉県","君津市","三直"
"千葉県","君津市","箕輪"
"千葉県","君津市","宮下"
"千葉県","君津市","向郷"
"千葉県","君津市","六手"
"千葉県","君津市","杢師"
"千葉県","君津市","八重原"
"千葉県","君津市","柳城"
"千葉県","君津市","山高原"
"千葉県","君津市","山滝野"
"千葉県","君津市","山本"
"千葉県","君津市","八幡"
"千葉県","君津市","陽光台"
"千葉県","君津市","吉野"
"千葉県","富津市","相川"
"千葉県","富津市","相野谷"
"千葉県","富津市","青木"
"千葉県","富津市","新井"
"千葉県","富津市","一色"
"千葉県","富津市","不入斗"
"千葉県","富津市","岩坂"
"千葉県","富津市","岩瀬"
"千葉県","富津市","岩本"
"千葉県","富津市","上後"
"千葉県","富津市","宇藤原"
"千葉県","富津市","売津"
"千葉県","富津市","大川崎"
"千葉県","富津市","大田和"
"千葉県","富津市","大堀"
"千葉県","富津市","大森"
"千葉県","富津市","押切"
"千葉県","富津市","恩田"
"千葉県","富津市","海良"
"千葉県","富津市","数馬"
"千葉県","富津市","加藤"
"千葉県","富津市","金谷"
"千葉県","富津市","上"
"千葉県","富津市","上飯野"
"千葉県","富津市","亀沢"
"千葉県","富津市","亀田"
"千葉県","富津市","川名"
"千葉県","富津市","絹"
"千葉県","富津市","小久保"
"千葉県","富津市","小志駒"
"千葉県","富津市","近藤"
"千葉県","富津市","桜井"
"千葉県","富津市","桜井総稱鬼泪山"
"千葉県","富津市","笹毛"
"千葉県","富津市","佐貫"
"千葉県","富津市","更和"
"千葉県","富津市","志駒"
"千葉県","富津市","篠部"
"千葉県","富津市","下飯野"
"千葉県","富津市","障子谷"
"千葉県","富津市","新富"
"千葉県","富津市","関"
"千葉県","富津市","関尻"
"千葉県","富津市","台原"
"千葉県","富津市","高溝"
"千葉県","富津市","田倉"
"千葉県","富津市","竹岡"
"千葉県","富津市","田原"
"千葉県","富津市","千種新田"
"千葉県","富津市","鶴岡"
"千葉県","富津市","寺尾"
"千葉県","富津市","豊岡"
"千葉県","富津市","中"
"千葉県","富津市","長崎"
"千葉県","富津市","梨沢"
"千葉県","富津市","西大和田"
"千葉県","富津市","西川"
"千葉県","富津市","萩生"
"千葉県","富津市","花香谷"
"千葉県","富津市","花輪"
"千葉県","富津市","東大和田"
"千葉県","富津市","二間塚"
"千葉県","富津市","富津"
"千葉県","富津市","宝竜寺"
"千葉県","富津市","本郷"
"千葉県","富津市","前久保"
"千葉県","富津市","湊"
"千葉県","富津市","御代原"
"千葉県","富津市","六野"
"千葉県","富津市","望井"
"千葉県","富津市","八田沼"
"千葉県","富津市","山中"
"千葉県","富津市","山脇"
"千葉県","富津市","八幡"
"千葉県","富津市","横山"
"千葉県","浦安市","明海"
"千葉県","浦安市","今川"
"千葉県","浦安市","入船"
"千葉県","浦安市","海楽"
"千葉県","浦安市","北栄"
"千葉県","浦安市","高洲"
"千葉県","浦安市","千鳥"
"千葉県","浦安市","鉄鋼通り"
"千葉県","浦安市","当代島"
"千葉県","浦安市","富岡"
"千葉県","浦安市","猫実"
"千葉県","浦安市","東野"
"千葉県","浦安市","日の出"
"千葉県","浦安市","富士見"
"千葉県","浦安市","弁天"
"千葉県","浦安市","堀江"
"千葉県","浦安市","舞浜"
"千葉県","浦安市","港"
"千葉県","浦安市","美浜"
"千葉県","四街道市","旭ケ丘"
"千葉県","四街道市","池花"
"千葉県","四街道市","上野"
"千葉県","四街道市","内黒田"
"千葉県","四街道市","美しが丘"
"千葉県","四街道市","小名木"
"千葉県","四街道市","亀崎"
"千葉県","四街道市","萱橋"
"千葉県","四街道市","栗山"
"千葉県","四街道市","さちが丘"
"千葉県","四街道市","さつきケ丘"
"千葉県","四街道市","鹿渡"
"千葉県","四街道市","下志津新田"
"千葉県","四街道市","大日"
"千葉県","四街道市","鷹の台"
"千葉県","四街道市","中央"
"千葉県","四街道市","千代田"
"千葉県","四街道市","つくし座"
"千葉県","四街道市","中台"
"千葉県","四街道市","中野"
"千葉県","四街道市","長岡"
"千葉県","四街道市","南波佐間"
"千葉県","四街道市","成山"
"千葉県","四街道市","みそら"
"千葉県","四街道市","みのり町"
"千葉県","四街道市","めいわ"
"千葉県","四街道市","もねの里"
"千葉県","四街道市","物井"
"千葉県","四街道市","山梨"
"千葉県","四街道市","吉岡"
"千葉県","四街道市","四街道"
"千葉県","四街道市","鹿放ケ丘"
"千葉県","四街道市","和田"
"千葉県","四街道市","和良比"
"千葉県","袖ケ浦市","阿部"
"千葉県","袖ケ浦市","飯富"
"千葉県","袖ケ浦市","今井"
"千葉県","袖ケ浦市","岩井"
"千葉県","袖ケ浦市","打越"
"千葉県","袖ケ浦市","永地"
"千葉県","袖ケ浦市","大竹"
"千葉県","袖ケ浦市","大鳥居"
"千葉県","袖ケ浦市","大曽根"
"千葉県","袖ケ浦市","勝"
"千葉県","袖ケ浦市","上泉"
"千葉県","袖ケ浦市","上宮田"
"千葉県","袖ケ浦市","川原井"
"千葉県","袖ケ浦市","神納"
"千葉県","袖ケ浦市","北袖"
"千葉県","袖ケ浦市","久保田"
"千葉県","袖ケ浦市","蔵波"
"千葉県","袖ケ浦市","蔵波台"
"千葉県","袖ケ浦市","坂戸市場"
"千葉県","袖ケ浦市","三箇"
"千葉県","袖ケ浦市","椎の森"
"千葉県","袖ケ浦市","下泉"
"千葉県","袖ケ浦市","下新田"
"千葉県","袖ケ浦市","下根岸"
"千葉県","袖ケ浦市","下宮田"
"千葉県","袖ケ浦市","代宿"
"千葉県","袖ケ浦市","高谷"
"千葉県","袖ケ浦市","滝の口"
"千葉県","袖ケ浦市","玉野"
"千葉県","袖ケ浦市","百目木"
"千葉県","袖ケ浦市","堂谷"
"千葉県","袖ケ浦市","中袖"
"千葉県","袖ケ浦市","長浦"
"千葉県","袖ケ浦市","長浦駅前"
"千葉県","袖ケ浦市","永吉"
"千葉県","袖ケ浦市","奈良輪"
"千葉県","袖ケ浦市","野里"
"千葉県","袖ケ浦市","のぞみ野"
"千葉県","袖ケ浦市","野田"
"千葉県","袖ケ浦市","林"
"千葉県","袖ケ浦市","福王台"
"千葉県","袖ケ浦市","三黒"
"千葉県","袖ケ浦市","三ツ作"
"千葉県","袖ケ浦市","南袖"
"千葉県","袖ケ浦市","谷中"
"千葉県","袖ケ浦市","横田"
"千葉県","袖ケ浦市","吉野田"
"千葉県","八街市","朝日"
"千葉県","八街市","砂"
"千葉県","八街市","泉台"
"千葉県","八街市","榎戸"
"千葉県","八街市","大木"
"千葉県","八街市","大関"
"千葉県","八街市","大谷流"
"千葉県","八街市","岡田"
"千葉県","八街市","沖"
"千葉県","八街市","沖渡"
"千葉県","八街市","上砂"
"千葉県","八街市","雁丸"
"千葉県","八街市","木原"
"千葉県","八街市","希望ケ丘"
"千葉県","八街市","小谷流"
"千葉県","八街市","四木"
"千葉県","八街市","勢田"
"千葉県","八街市","滝台"
"千葉県","八街市","中央"
"千葉県","八街市","富山"
"千葉県","八街市","根古谷"
"千葉県","八街市","東吉田"
"千葉県","八街市","文違"
"千葉県","八街市","みどり台"
"千葉県","八街市","用草"
"千葉県","八街市","八街い"
"千葉県","八街市","八街ろ"
"千葉県","八街市","八街は"
"千葉県","八街市","八街に"
"千葉県","八街市","八街ほ"
"千葉県","八街市","八街へ"
"千葉県","八街市","山田台"
"千葉県","八街市","吉倉"
"千葉県","印西市","相嶋"
"千葉県","印西市","安食卜杭"
"千葉県","印西市","和泉"
"千葉県","印西市","泉"
"千葉県","印西市","泉野"
"千葉県","印西市","和泉屋"
"千葉県","印西市","岩戸"
"千葉県","印西市","内野"
"千葉県","印西市","浦幡新田"
"千葉県","印西市","浦部"
"千葉県","印西市","浦部村新田"
"千葉県","印西市","大塚"
"千葉県","印西市","大廻"
"千葉県","印西市","大森"
"千葉県","印西市","小倉"
"千葉県","印西市","小倉台"
"千葉県","印西市","押付"
"千葉県","印西市","鹿黒"
"千葉県","印西市","鹿黒南"
"千葉県","印西市","笠神"
"千葉県","印西市","鎌苅"
"千葉県","印西市","亀成"
"千葉県","印西市","川向"
"千葉県","印西市","木下"
"千葉県","印西市","木下東"
"千葉県","印西市","木下南"
"千葉県","印西市","木刈"
"千葉県","印西市","行徳"
"千葉県","印西市","結縁寺"
"千葉県","印西市","高西新田"
"千葉県","印西市","荒野"
"千葉県","印西市","小林"
"千葉県","印西市","小林北"
"千葉県","印西市","小林浅間"
"千葉県","印西市","小林大門下"
"千葉県","印西市","酒直卜杭"
"千葉県","印西市","桜野"
"千葉県","印西市","佐野屋"
"千葉県","印西市","下井"
"千葉県","印西市","下曽根"
"千葉県","印西市","将監"
"千葉県","印西市","白幡"
"千葉県","印西市","甚兵衛"
"千葉県","印西市","瀬戸"
"千葉県","印西市","浅間前"
"千葉県","印西市","草深"
"千葉県","印西市","宗甫"
"千葉県","印西市","高花"
"千葉県","印西市","滝"
"千葉県","印西市","滝野"
"千葉県","印西市","竹袋"
"千葉県","印西市","多々羅田"
"千葉県","印西市","中央北"
"千葉県","印西市","中央南"
"千葉県","印西市","造谷"
"千葉県","印西市","つくりや台"
"千葉県","印西市","角田"
"千葉県","印西市","戸神"
"千葉県","印西市","戸神台"
"千葉県","印西市","中"
"千葉県","印西市","中田切"
"千葉県","印西市","長門屋"
"千葉県","印西市","中根"
"千葉県","印西市","西の原"
"千葉県","印西市","萩埜"
"千葉県","印西市","萩原"
"千葉県","印西市","原"
"千葉県","印西市","原山"
"千葉県","印西市","東の原"
"千葉県","印西市","平岡"
"千葉県","印西市","平賀"
"千葉県","印西市","平賀学園台"
"千葉県","印西市","船尾"
"千葉県","印西市","別所"
"千葉県","印西市","発作"
"千葉県","印西市","舞姫"
"千葉県","印西市","牧の木戸"
"千葉県","印西市","牧の台"
"千葉県","印西市","牧の原"
"千葉県","印西市","松木"
"千葉県","印西市","松崎"
"千葉県","印西市","松崎台"
"千葉県","印西市","松虫"
"千葉県","印西市","美瀬"
"千葉県","印西市","みどり台"
"千葉県","印西市","武西"
"千葉県","印西市","武西学園台"
"千葉県","印西市","本埜小林"
"千葉県","印西市","物木"
"千葉県","印西市","師戸"
"千葉県","印西市","山田"
"千葉県","印西市","吉田"
"千葉県","印西市","吉高"
"千葉県","印西市","竜腹寺"
"千葉県","印西市","若萩"
"千葉県","白井市","池の上"
"千葉県","白井市","今井"
"千葉県","白井市","大山口"
"千葉県","白井市","折立"
"千葉県","白井市","河原子"
"千葉県","白井市","木"
"千葉県","白井市","清戸"
"千葉県","白井市","けやき台"
"千葉県","白井市","桜台"
"千葉県","白井市","笹塚"
"千葉県","白井市","神々廻"
"千葉県","白井市","清水口"
"千葉県","白井市","白井"
"千葉県","白井市","大松"
"千葉県","白井市","富塚"
"千葉県","白井市","十余一"
"千葉県","白井市","名内"
"千葉県","白井市","中"
"千葉県","白井市","七次台"
"千葉県","白井市","西白井"
"千葉県","白井市","根"
"千葉県","白井市","野口"
"千葉県","白井市","平塚"
"千葉県","白井市","復"
"千葉県","白井市","冨士"
"千葉県","白井市","堀込"
"千葉県","白井市","南山"
"千葉県","白井市","武西"
"千葉県","白井市","谷田"
"千葉県","富里市","大和"
"千葉県","富里市","久能"
"千葉県","富里市","高野"
"千葉県","富里市","御料"
"千葉県","富里市","新中沢"
"千葉県","富里市","高松"
"千葉県","富里市","立沢"
"千葉県","富里市","立沢新田"
"千葉県","富里市","十倉"
"千葉県","富里市","中沢"
"千葉県","富里市","七栄"
"千葉県","富里市","新橋"
"千葉県","富里市","根木名"
"千葉県","富里市","日吉倉"
"千葉県","富里市","日吉台"
"千葉県","富里市","美沢"
"千葉県","南房総市","明石"
"千葉県","南房総市","荒川"
"千葉県","南房総市","安馬谷"
"千葉県","南房総市","池之内"
"千葉県","南房総市","石神"
"千葉県","南房総市","石堂"
"千葉県","南房総市","石堂原"
"千葉県","南房総市","市部"
"千葉県","南房総市","犬掛"
"千葉県","南房総市","井野"
"千葉県","南房総市","岩糸"
"千葉県","南房総市","海老敷"
"千葉県","南房総市","大井"
"千葉県","南房総市","大学口"
"千葉県","南房総市","小戸"
"千葉県","南房総市","上滝田"
"千葉県","南房総市","上堀"
"千葉県","南房総市","加茂"
"千葉県","南房総市","川上"
"千葉県","南房総市","川田"
"千葉県","南房総市","川谷"
"千葉県","南房総市","久枝"
"千葉県","南房総市","沓見"
"千葉県","南房総市","久保"
"千葉県","南房総市","検儀谷"
"千葉県","南房総市","合戸"
"千葉県","南房総市","小浦"
"千葉県","南房総市","下滝田"
"千葉県","南房総市","下堀"
"千葉県","南房総市","珠師ケ谷"
"千葉県","南房総市","白子"
"千葉県","南房総市","白浜町乙浜"
"千葉県","南房総市","白浜町白浜"
"千葉県","南房総市","白浜町滝口"
"千葉県","南房総市","白浜町根本"
"千葉県","南房総市","千代"
"千葉県","南房総市","高崎"
"千葉県","南房総市","竹内"
"千葉県","南房総市","千倉町宇田"
"千葉県","南房総市","千倉町大川"
"千葉県","南房総市","千倉町大貫"
"千葉県","南房総市","千倉町川合"
"千葉県","南房総市","千倉町川口"
"千葉県","南房総市","千倉町川戸"
"千葉県","南房総市","千倉町北朝夷"
"千葉県","南房総市","千倉町久保"
"千葉県","南房総市","千倉町忽戸"
"千葉県","南房総市","千倉町白子"
"千葉県","南房総市","千倉町白間津"
"千葉県","南房総市","千倉町瀬戸"
"千葉県","南房総市","千倉町千田"
"千葉県","南房総市","千倉町平磯"
"千葉県","南房総市","千倉町平舘"
"千葉県","南房総市","千倉町牧田"
"千葉県","南房総市","千倉町南朝夷"
"千葉県","南房総市","富浦町青木"
"千葉県","南房総市","富浦町居倉"
"千葉県","南房総市","富浦町大津"
"千葉県","南房総市","富浦町多田良"
"千葉県","南房総市","富浦町手取"
"千葉県","南房総市","富浦町豊岡"
"千葉県","南房総市","富浦町南無谷"
"千葉県","南房総市","富浦町丹生"
"千葉県","南房総市","富浦町原岡"
"千葉県","南房総市","富浦町深名"
"千葉県","南房総市","富浦町福澤"
"千葉県","南房総市","富浦町宮本"
"千葉県","南房総市","中"
"千葉県","南房総市","西原"
"千葉県","南房総市","二部"
"千葉県","南房総市","平塚"
"千葉県","南房総市","府中"
"千葉県","南房総市","古川"
"千葉県","南房総市","平久里下"
"千葉県","南房総市","平久里中"
"千葉県","南房総市","前田"
"千葉県","南房総市","増間"
"千葉県","南房総市","丸本郷"
"千葉県","南房総市","丸山平塚"
"千葉県","南房総市","御子神"
"千葉県","南房総市","三坂"
"千葉県","南房総市","御庄"
"千葉県","南房総市","峰"
"千葉県","南房総市","宮下"
"千葉県","南房総市","宮谷"
"千葉県","南房総市","本織"
"千葉県","南房総市","山下"
"千葉県","南房総市","山田"
"千葉県","南房総市","山名"
"千葉県","南房総市","谷向"
"千葉県","南房総市","吉沢"
"千葉県","南房総市","和田町石堂"
"千葉県","南房総市","和田町小川"
"千葉県","南房総市","和田町海発"
"千葉県","南房総市","和田町上三原"
"千葉県","南房総市","和田町黒岩"
"千葉県","南房総市","和田町五十蔵"
"千葉県","南房総市","和田町小向"
"千葉県","南房総市","和田町柴"
"千葉県","南房総市","和田町下三原"
"千葉県","南房総市","和田町白渚"
"千葉県","南房総市","和田町磑森"
"千葉県","南房総市","和田町中三原"
"千葉県","南房総市","和田町仁我浦"
"千葉県","南房総市","和田町沼"
"千葉県","南房総市","和田町花園"
"千葉県","南房総市","和田町布野"
"千葉県","南房総市","和田町松田"
"千葉県","南房総市","和田町真浦"
"千葉県","南房総市","和田町和田"
"千葉県","匝瑳市","安久山"
"千葉県","匝瑳市","飯倉"
"千葉県","匝瑳市","飯倉台"
"千葉県","匝瑳市","飯高"
"千葉県","匝瑳市","飯塚"
"千葉県","匝瑳市","今泉"
"千葉県","匝瑳市","入山崎"
"千葉県","匝瑳市","内山"
"千葉県","匝瑳市","生尾"
"千葉県","匝瑳市","大浦"
"千葉県","匝瑳市","大寺"
"千葉県","匝瑳市","大堀"
"千葉県","匝瑳市","荻野"
"千葉県","匝瑳市","小高"
"千葉県","匝瑳市","貝塚"
"千葉県","匝瑳市","片子"
"千葉県","匝瑳市","金原"
"千葉県","匝瑳市","蕪里"
"千葉県","匝瑳市","亀崎"
"千葉県","匝瑳市","栢田"
"千葉県","匝瑳市","川辺"
"千葉県","匝瑳市","川向"
"千葉県","匝瑳市","木積"
"千葉県","匝瑳市","公崎"
"千葉県","匝瑳市","高野"
"千葉県","匝瑳市","新"
"千葉県","匝瑳市","上谷中"
"千葉県","匝瑳市","高"
"千葉県","匝瑳市","田久保"
"千葉県","匝瑳市","椿"
"千葉県","匝瑳市","時曽根"
"千葉県","匝瑳市","富岡"
"千葉県","匝瑳市","長岡"
"千葉県","匝瑳市","中台"
"千葉県","匝瑳市","長谷"
"千葉県","匝瑳市","新堀"
"千葉県","匝瑳市","西小笹"
"千葉県","匝瑳市","城下"
"千葉県","匝瑳市","野手"
"千葉県","匝瑳市","登戸"
"千葉県","匝瑳市","春海"
"千葉県","匝瑳市","東小笹"
"千葉県","匝瑳市","東谷"
"千葉県","匝瑳市","久方"
"千葉県","匝瑳市","平木"
"千葉県","匝瑳市","堀川"
"千葉県","匝瑳市","堀之内"
"千葉県","匝瑳市","松山"
"千葉県","匝瑳市","みどり平"
"千葉県","匝瑳市","南神崎"
"千葉県","匝瑳市","南山崎"
"千葉県","匝瑳市","宮本"
"千葉県","匝瑳市","八辺"
"千葉県","匝瑳市","山桑"
"千葉県","匝瑳市","八日市場"
"千葉県","匝瑳市","横須賀"
"千葉県","匝瑳市","吉崎"
"千葉県","匝瑳市","吉田"
"千葉県","匝瑳市","米持"
"千葉県","匝瑳市","若潮町"
"千葉県","香取市","阿玉川"
"千葉県","香取市","阿玉台"
"千葉県","香取市","油田"
"千葉県","香取市","荒北"
"千葉県","香取市","飯島"
"千葉県","香取市","和泉"
"千葉県","香取市","磯山"
"千葉県","香取市","一ノ分目"
"千葉県","香取市","伊地山"
"千葉県","香取市","市和田"
"千葉県","香取市","入会地"
"千葉県","香取市","岩ケ崎台"
"千葉県","香取市","岩部"
"千葉県","香取市","内野"
"千葉県","香取市","扇島"
"千葉県","香取市","大倉"
"千葉県","香取市","大倉丁子"
"千葉県","香取市","大崎"
"千葉県","香取市","大島"
"千葉県","香取市","大戸"
"千葉県","香取市","大角"
"千葉県","香取市","大戸川"
"千葉県","香取市","大戸新田"
"千葉県","香取市","大根"
"千葉県","香取市","岡飯田"
"千葉県","香取市","小川"
"千葉県","香取市","小見"
"千葉県","香取市","小見川"
"千葉県","香取市","織幡"
"千葉県","香取市","貝塚"
"千葉県","香取市","片野"
"千葉県","香取市","加藤洲"
"千葉県","香取市","香取"
"千葉県","香取市","釜塚"
"千葉県","香取市","上小川"
"千葉県","香取市","上小堀"
"千葉県","香取市","返田"
"千葉県","香取市","苅毛"
"千葉県","香取市","川頭"
"千葉県","香取市","川上"
"千葉県","香取市","川尻"
"千葉県","香取市","観音"
"千葉県","香取市","神生"
"千葉県","香取市","北"
"千葉県","香取市","北原地新田"
"千葉県","香取市","木内"
"千葉県","香取市","木内虫幡上小堀入会地大平"
"千葉県","香取市","桐谷"
"千葉県","香取市","久保"
"千葉県","香取市","九美上"
"千葉県","香取市","笄島"
"千葉県","香取市","公官洲"
"千葉県","香取市","高野"
"千葉県","香取市","石納"
"千葉県","香取市","五郷内"
"千葉県","香取市","米野井"
"千葉県","香取市","境島"
"千葉県","香取市","沢"
"千葉県","香取市","佐原"
"千葉県","香取市","三ノ分目"
"千葉県","香取市","志高"
"千葉県","香取市","篠原"
"千葉県","香取市","下飯田"
"千葉県","香取市","下小川"
"千葉県","香取市","下小野"
"千葉県","香取市","下小堀"
"千葉県","香取市","昭和町"
"千葉県","香取市","白井"
"千葉県","香取市","新々田"
"千葉県","香取市","助沢"
"千葉県","香取市","関"
"千葉県","香取市","高萩"
"千葉県","香取市","竹之内"
"千葉県","香取市","多田"
"千葉県","香取市","田部"
"千葉県","香取市","玉造"
"千葉県","香取市","附洲新田"
"千葉県","香取市","津宮"
"千葉県","香取市","寺内"
"千葉県","香取市","鴇崎"
"千葉県","香取市","鳥羽"
"千葉県","香取市","富田"
"千葉県","香取市","長岡"
"千葉県","香取市","長島"
"千葉県","香取市","中洲"
"千葉県","香取市","長山"
"千葉県","香取市","新市場"
"千葉県","香取市","新寺"
"千葉県","香取市","西坂"
"千葉県","香取市","西田部"
"千葉県","香取市","西部田"
"千葉県","香取市","西和田"
"千葉県","香取市","新里"
"千葉県","香取市","新部"
"千葉県","香取市","仁良"
"千葉県","香取市","野田"
"千葉県","香取市","野間谷原"
"千葉県","香取市","旗鉾"
"千葉県","香取市","八本"
"千葉県","香取市","鳩山"
"千葉県","香取市","羽根川"
"千葉県","香取市","福田"
"千葉県","香取市","布野"
"千葉県","香取市","府馬"
"千葉県","香取市","古内"
"千葉県","香取市","堀之内"
"千葉県","香取市","本郷"
"千葉県","香取市","牧野"
"千葉県","香取市","増田"
"千葉県","香取市","三島"
"千葉県","香取市","みずほ台"
"千葉県","香取市","南原地新田"
"千葉県","香取市","虫幡"
"千葉県","香取市","本矢作"
"千葉県","香取市","森戸"
"千葉県","香取市","八筋川"
"千葉県","香取市","谷中"
"千葉県","香取市","山川"
"千葉県","香取市","山倉"
"千葉県","香取市","山之辺"
"千葉県","香取市","八日市場"
"千葉県","香取市","丁子"
"千葉県","香取市","与倉"
"千葉県","香取市","吉原"
"千葉県","香取市","竜谷"
"千葉県","香取市","分郷"
"千葉県","山武市","麻生新田"
"千葉県","山武市","雨坪"
"千葉県","山武市","板川"
"千葉県","山武市","板附"
"千葉県","山武市","板中新田"
"千葉県","山武市","市場"
"千葉県","山武市","井之内"
"千葉県","山武市","植草"
"千葉県","山武市","大木"
"千葉県","山武市","沖渡"
"千葉県","山武市","親田"
"千葉県","山武市","上横地"
"千葉県","山武市","川崎"
"千葉県","山武市","木戸"
"千葉県","山武市","木原"
"千葉県","山武市","草深"
"千葉県","山武市","小泉"
"千葉県","山武市","五木田"
"千葉県","山武市","小松"
"千葉県","山武市","実門"
"千葉県","山武市","椎崎"
"千葉県","山武市","柴原"
"千葉県","山武市","島"
"千葉県","山武市","島戸"
"千葉県","山武市","下布田"
"千葉県","山武市","下横地"
"千葉県","山武市","白幡"
"千葉県","山武市","真行寺"
"千葉県","山武市","津辺"
"千葉県","山武市","寺崎"
"千葉県","山武市","戸田"
"千葉県","山武市","殿台"
"千葉県","山武市","富口"
"千葉県","山武市","富田"
"千葉県","山武市","富田幸谷"
"千葉県","山武市","中津田"
"千葉県","山武市","成東"
"千葉県","山武市","新泉"
"千葉県","山武市","野堀"
"千葉県","山武市","蓮沼"
"千葉県","山武市","蓮沼平"
"千葉県","山武市","埴谷"
"千葉県","山武市","早船"
"千葉県","山武市","姫島"
"千葉県","山武市","日向台"
"千葉県","山武市","松尾町祝田"
"千葉県","山武市","松尾町大堤"
"千葉県","山武市","松尾町小川"
"千葉県","山武市","松尾町折戸"
"千葉県","山武市","松尾町借毛本郷"
"千葉県","山武市","松尾町蕪木"
"千葉県","山武市","松尾町上大蔵"
"千葉県","山武市","松尾町金尾"
"千葉県","山武市","松尾町木刀"
"千葉県","山武市","松尾町五反田"
"千葉県","山武市","松尾町古和"
"千葉県","山武市","松尾町猿尾"
"千葉県","山武市","松尾町下大蔵"
"千葉県","山武市","松尾町下野"
"千葉県","山武市","松尾町下之郷"
"千葉県","山武市","松尾町高富"
"千葉県","山武市","松尾町武野里"
"千葉県","山武市","松尾町田越"
"千葉県","山武市","松尾町八田"
"千葉県","山武市","松尾町引越"
"千葉県","山武市","松尾町広根"
"千葉県","山武市","松尾町富士見台"
"千葉県","山武市","松尾町松尾"
"千葉県","山武市","松尾町水深"
"千葉県","山武市","松尾町本柏"
"千葉県","山武市","松尾町本水深"
"千葉県","山武市","松尾町谷津"
"千葉県","山武市","松尾町山室"
"千葉県","山武市","松ヶ谷"
"千葉県","山武市","美杉野"
"千葉県","山武市","武勝"
"千葉県","山武市","本須賀"
"千葉県","山武市","森"
"千葉県","山武市","矢部"
"千葉県","山武市","湯坂"
"千葉県","山武市","横田"
"千葉県","山武市","和田"
"千葉県","いすみ市","今関"
"千葉県","いすみ市","岩船"
"千葉県","いすみ市","小池"
"千葉県","いすみ市","大野"
"千葉県","いすみ市","大原"
"千葉県","いすみ市","大原台"
"千葉県","いすみ市","大和田"
"千葉県","いすみ市","荻原"
"千葉県","いすみ市","小沢"
"千葉県","いすみ市","小高"
"千葉県","いすみ市","柿和田"
"千葉県","いすみ市","神置"
"千葉県","いすみ市","上布施"
"千葉県","いすみ市","苅谷"
"千葉県","いすみ市","国府台"
"千葉県","いすみ市","小又井"
"千葉県","いすみ市","作田"
"千葉県","いすみ市","札森"
"千葉県","いすみ市","佐室"
"千葉県","いすみ市","沢部"
"千葉県","いすみ市","島"
"千葉県","いすみ市","下原"
"千葉県","いすみ市","下布施"
"千葉県","いすみ市","釈迦谷"
"千葉県","いすみ市","正立寺"
"千葉県","いすみ市","須賀谷"
"千葉県","いすみ市","高谷"
"千葉県","いすみ市","長志"
"千葉県","いすみ市","行川"
"千葉県","いすみ市","新田"
"千葉県","いすみ市","新田野"
"千葉県","いすみ市","新田若山深堀入会地"
"千葉県","いすみ市","能実"
"千葉県","いすみ市","日在"
"千葉県","いすみ市","引田"
"千葉県","いすみ市","深堀"
"千葉県","いすみ市","深谷"
"千葉県","いすみ市","細尾"
"千葉県","いすみ市","増田"
"千葉県","いすみ市","松丸"
"千葉県","いすみ市","万木"
"千葉県","いすみ市","岬町井沢"
"千葉県","いすみ市","岬町和泉"
"千葉県","いすみ市","岬町市野々"
"千葉県","いすみ市","岬町岩熊"
"千葉県","いすみ市","岬町榎沢"
"千葉県","いすみ市","岬町江場土"
"千葉県","いすみ市","岬町押日"
"千葉県","いすみ市","岬町鴨根"
"千葉県","いすみ市","岬町嘉谷"
"千葉県","いすみ市","岬町桑田"
"千葉県","いすみ市","岬町椎木"
"千葉県","いすみ市","岬町長者"
"千葉県","いすみ市","岬町中滝"
"千葉県","いすみ市","岬町中原"
"千葉県","いすみ市","岬町東小高"
"千葉県","いすみ市","岬町東中滝"
"千葉県","いすみ市","岬町三門"
"千葉県","いすみ市","岬町谷上"
"千葉県","いすみ市","八乙女"
"千葉県","いすみ市","弥正"
"千葉県","いすみ市","山田"
"千葉県","いすみ市","楽町"
"千葉県","いすみ市","若山"
"千葉県","大網白里市","池田"
"千葉県","大網白里市","砂田"
"千葉県","大網白里市","上谷新田"
"千葉県","大網白里市","大網"
"千葉県","大網白里市","大竹"
"千葉県","大網白里市","柿餅"
"千葉県","大網白里市","桂山"
"千葉県","大網白里市","金谷郷"
"千葉県","大網白里市","上貝塚"
"千葉県","大網白里市","萱野"
"千葉県","大網白里市","神房"
"千葉県","大網白里市","木崎"
"千葉県","大網白里市","北飯塚"
"千葉県","大網白里市","北今泉"
"千葉県","大網白里市","北横川"
"千葉県","大網白里市","北吉田"
"千葉県","大網白里市","季美の森南"
"千葉県","大網白里市","経田"
"千葉県","大網白里市","九十根"
"千葉県","大網白里市","小中"
"千葉県","大網白里市","小西"
"千葉県","大網白里市","駒込"
"千葉県","大網白里市","下ヶ傍示"
"千葉県","大網白里市","四天木"
"千葉県","大網白里市","清水"
"千葉県","大網白里市","清名幸谷"
"千葉県","大網白里市","富田"
"千葉県","大網白里市","長国"
"千葉県","大網白里市","永田"
"千葉県","大網白里市","ながた野"
"千葉県","大網白里市","二之袋"
"千葉県","大網白里市","星谷"
"千葉県","大網白里市","細草"
"千葉県","大網白里市","仏島"
"千葉県","大網白里市","みずほ台"
"千葉県","大網白里市","みどりが丘"
"千葉県","大網白里市","南飯塚"
"千葉県","大網白里市","南今泉"
"千葉県","大網白里市","南玉"
"千葉県","大網白里市","南横川"
"千葉県","大網白里市","みやこ野"
"千葉県","大網白里市","餅木"
"千葉県","大網白里市","柳橋"
"千葉県","大網白里市","山口"
"千葉県","大網白里市","養安寺"
"千葉県","印旛郡酒々井町","飯積"
"千葉県","印旛郡酒々井町","伊篠"
"千葉県","印旛郡酒々井町","伊篠新田"
"千葉県","印旛郡酒々井町","今倉新田"
"千葉県","印旛郡酒々井町","尾上"
"千葉県","印旛郡酒々井町","柏木"
"千葉県","印旛郡酒々井町","上岩橋"
"千葉県","印旛郡酒々井町","上本佐倉"
"千葉県","印旛郡酒々井町","酒々井"
"千葉県","印旛郡酒々井町","篠山新田"
"千葉県","印旛郡酒々井町","下岩橋"
"千葉県","印旛郡酒々井町","下台"
"千葉県","印旛郡酒々井町","墨"
"千葉県","印旛郡酒々井町","中央台"
"千葉県","印旛郡酒々井町","中川"
"千葉県","印旛郡酒々井町","東酒々井"
"千葉県","印旛郡酒々井町","ふじき野"
"千葉県","印旛郡酒々井町","馬橋"
"千葉県","印旛郡酒々井町","本佐倉"
"千葉県","印旛郡栄町","安食"
"千葉県","印旛郡栄町","安食台"
"千葉県","印旛郡栄町","安食卜杭新田"
"千葉県","印旛郡栄町","麻生"
"千葉県","印旛郡栄町","請方"
"千葉県","印旛郡栄町","大森"
"千葉県","印旛郡栄町","興津"
"千葉県","印旛郡栄町","押付"
"千葉県","印旛郡栄町","北"
"千葉県","印旛郡栄町","北辺田"
"千葉県","印旛郡栄町","酒直"
"千葉県","印旛郡栄町","酒直台"
"千葉県","印旛郡栄町","四箇"
"千葉県","印旛郡栄町","須賀"
"千葉県","印旛郡栄町","曽根"
"千葉県","印旛郡栄町","中谷"
"千葉県","印旛郡栄町","長門谷"
"千葉県","印旛郡栄町","西"
"千葉県","印旛郡栄町","布鎌酒直"
"千葉県","印旛郡栄町","布太"
"千葉県","印旛郡栄町","生板鍋子新田"
"千葉県","印旛郡栄町","南"
"千葉県","印旛郡栄町","南ケ丘"
"千葉県","印旛郡栄町","三和"
"千葉県","印旛郡栄町","矢口"
"千葉県","印旛郡栄町","矢口神明"
"千葉県","印旛郡栄町","四ッ谷"
"千葉県","印旛郡栄町","龍角寺"
"千葉県","印旛郡栄町","竜角寺台"
"千葉県","印旛郡栄町","龍ケ崎町歩"
"千葉県","印旛郡栄町","脇川"
"千葉県","印旛郡栄町","和田"
"千葉県","香取郡神崎町","今"
"千葉県","香取郡神崎町","植房"
"千葉県","香取郡神崎町","大貫"
"千葉県","香取郡神崎町","毛成"
"千葉県","香取郡神崎町","神崎神宿"
"千葉県","香取郡神崎町","神崎本宿"
"千葉県","香取郡神崎町","高谷"
"千葉県","香取郡神崎町","郡"
"千葉県","香取郡神崎町","古原"
"千葉県","香取郡神崎町","小松"
"千葉県","香取郡神崎町","四季の丘"
"千葉県","香取郡神崎町","十三間戸"
"千葉県","香取郡神崎町","新"
"千葉県","香取郡神崎町","武田"
"千葉県","香取郡神崎町","立野"
"千葉県","香取郡神崎町","並木"
"千葉県","香取郡神崎町","藤の台"
"千葉県","香取郡神崎町","松崎"
"千葉県","香取郡多古町","飯笹"
"千葉県","香取郡多古町","出沼"
"千葉県","香取郡多古町","井戸山"
"千葉県","香取郡多古町","牛尾"
"千葉県","香取郡多古町","大門"
"千葉県","香取郡多古町","大高"
"千葉県","香取郡多古町","川島"
"千葉県","香取郡多古町","喜多"
"千葉県","香取郡多古町","北中"
"千葉県","香取郡多古町","御所台"
"千葉県","香取郡多古町","五反田"
"千葉県","香取郡多古町","坂"
"千葉県","香取郡多古町","谷三倉"
"千葉県","香取郡多古町","島"
"千葉県","香取郡多古町","染井"
"千葉県","香取郡多古町","高津原"
"千葉県","香取郡多古町","多古"
"千葉県","香取郡多古町","千田"
"千葉県","香取郡多古町","次浦"
"千葉県","香取郡多古町","寺作"
"千葉県","香取郡多古町","東輝"
"千葉県","香取郡多古町","十余三"
"千葉県","香取郡多古町","中村新田"
"千葉県","香取郡多古町","西古内"
"千葉県","香取郡多古町","林"
"千葉県","香取郡多古町","東松崎"
"千葉県","香取郡多古町","一鍬田"
"千葉県","香取郡多古町","桧木"
"千葉県","香取郡多古町","船越"
"千葉県","香取郡多古町","方田"
"千葉県","香取郡多古町","間倉"
"千葉県","香取郡多古町","水戸"
"千葉県","香取郡多古町","南借当"
"千葉県","香取郡多古町","南玉造"
"千葉県","香取郡多古町","南中"
"千葉県","香取郡多古町","南並木"
"千葉県","香取郡多古町","南和田"
"千葉県","香取郡多古町","本三倉"
"千葉県","香取郡東庄町","粟野"
"千葉県","香取郡東庄町","石出"
"千葉県","香取郡東庄町","今郡"
"千葉県","香取郡東庄町","大久保"
"千葉県","香取郡東庄町","大友"
"千葉県","香取郡東庄町","青馬"
"千葉県","香取郡東庄町","小座"
"千葉県","香取郡東庄町","神田"
"千葉県","香取郡東庄町","窪野谷"
"千葉県","香取郡東庄町","小貝野"
"千葉県","香取郡東庄町","小南"
"千葉県","香取郡東庄町","笹川"
"千葉県","香取郡東庄町","高部"
"千葉県","香取郡東庄町","東和田"
"千葉県","香取郡東庄町","夏目"
"千葉県","香取郡東庄町","新宿"
"千葉県","香取郡東庄町","羽計"
"千葉県","香取郡東庄町","東今泉"
"千葉県","香取郡東庄町","平山"
"千葉県","香取郡東庄町","舟戸"
"千葉県","香取郡東庄町","宮野台"
"千葉県","香取郡東庄町","宮本"
"千葉県","香取郡東庄町","八重穂"
"千葉県","香取郡東庄町","谷津"
"千葉県","山武郡九十九里町","粟生"
"千葉県","山武郡九十九里町","荒生"
"千葉県","山武郡九十九里町","片貝"
"千葉県","山武郡九十九里町","小関"
"千葉県","山武郡九十九里町","作田"
"千葉県","山武郡九十九里町","下貝塚"
"千葉県","山武郡九十九里町","宿"
"千葉県","山武郡九十九里町","田中荒生"
"千葉県","山武郡九十九里町","西野"
"千葉県","山武郡九十九里町","藤下"
"千葉県","山武郡九十九里町","不動堂"
"千葉県","山武郡九十九里町","細屋敷"
"千葉県","山武郡九十九里町","真亀"
"千葉県","山武郡九十九里町","真亀新田"
"千葉県","山武郡芝山町","朝倉"
"千葉県","山武郡芝山町","飯櫃"
"千葉県","山武郡芝山町","岩山"
"千葉県","山武郡芝山町","大里"
"千葉県","山武郡芝山町","大台"
"千葉県","山武郡芝山町","小原子"
"千葉県","山武郡芝山町","上吹入"
"千葉県","山武郡芝山町","香山新田"
"千葉県","山武郡芝山町","小池"
"千葉県","山武郡芝山町","境"
"千葉県","山武郡芝山町","芝山"
"千葉県","山武郡芝山町","下吹入"
"千葉県","山武郡芝山町","高田"
"千葉県","山武郡芝山町","高谷"
"千葉県","山武郡芝山町","殿部田"
"千葉県","山武郡芝山町","新井田"
"千葉県","山武郡芝山町","新井田新田"
"千葉県","山武郡芝山町","菱田"
"千葉県","山武郡芝山町","宝馬"
"千葉県","山武郡芝山町","牧野"
"千葉県","山武郡芝山町","宮崎"
"千葉県","山武郡芝山町","山田"
"千葉県","山武郡芝山町","山中"
"千葉県","山武郡横芝光町","新井"
"千葉県","山武郡横芝光町","市野原"
"千葉県","山武郡横芝光町","牛熊"
"千葉県","山武郡横芝光町","姥山"
"千葉県","山武郡横芝光町","小川台"
"千葉県","山武郡横芝光町","於幾"
"千葉県","山武郡横芝光町","尾垂"
"千葉県","山武郡横芝光町","小堤"
"千葉県","山武郡横芝光町","上原"
"千葉県","山武郡横芝光町","北清水"
"千葉県","山武郡横芝光町","木戸"
"千葉県","山武郡横芝光町","木戸台"
"千葉県","山武郡横芝光町","栗山"
"千葉県","山武郡横芝光町","古川"
"千葉県","山武郡横芝光町","小田部"
"千葉県","山武郡横芝光町","坂田"
"千葉県","山武郡横芝光町","坂田池"
"千葉県","山武郡横芝光町","篠本"
"千葉県","山武郡横芝光町","篠本根切"
"千葉県","山武郡横芝光町","芝崎"
"千葉県","山武郡横芝光町","芝崎南"
"千葉県","山武郡横芝光町","曽根合"
"千葉県","山武郡横芝光町","台"
"千葉県","山武郡横芝光町","寺方"
"千葉県","山武郡横芝光町","遠山"
"千葉県","山武郡横芝光町","富下"
"千葉県","山武郡横芝光町","取立"
"千葉県","山武郡横芝光町","鳥喰上"
"千葉県","山武郡横芝光町","鳥喰下"
"千葉県","山武郡横芝光町","鳥喰新田"
"千葉県","山武郡横芝光町","長倉"
"千葉県","山武郡横芝光町","中台"
"千葉県","山武郡横芝光町","長山台"
"千葉県","山武郡横芝光町","新島"
"千葉県","山武郡横芝光町","母子"
"千葉県","山武郡横芝光町","原方"
"千葉県","山武郡横芝光町","二又"
"千葉県","山武郡横芝光町","傍示戸"
"千葉県","山武郡横芝光町","宝米"
"千葉県","山武郡横芝光町","宮川"
"千葉県","山武郡横芝光町","虫生"
"千葉県","山武郡横芝光町","目篠"
"千葉県","山武郡横芝光町","屋形"
"千葉県","山武郡横芝光町","谷台"
"千葉県","山武郡横芝光町","谷中"
"千葉県","山武郡横芝光町","横芝"
"千葉県","山武郡横芝光町","両国新田"
"千葉県","長生郡一宮町","新地"
"千葉県","長生郡一宮町","新地甲"
"千葉県","長生郡一宮町","新地丙"
"千葉県","長生郡一宮町","一宮"
"千葉県","長生郡一宮町","船頭給"
"千葉県","長生郡一宮町","田町"
"千葉県","長生郡一宮町","綱田"
"千葉県","長生郡一宮町","東浪見"
"千葉県","長生郡一宮町","白山"
"千葉県","長生郡一宮町","東野"
"千葉県","長生郡一宮町","本給"
"千葉県","長生郡一宮町","宮原"
"千葉県","長生郡睦沢町","岩井"
"千葉県","長生郡睦沢町","大上"
"千葉県","長生郡睦沢町","大谷木"
"千葉県","長生郡睦沢町","上市場"
"千葉県","長生郡睦沢町","上之郷"
"千葉県","長生郡睦沢町","川島"
"千葉県","長生郡睦沢町","河須ケ谷"
"千葉県","長生郡睦沢町","北山田"
"千葉県","長生郡睦沢町","北山田寺崎新田"
"千葉県","長生郡睦沢町","小滝"
"千葉県","長生郡睦沢町","佐貫"
"千葉県","長生郡睦沢町","下之郷"
"千葉県","長生郡睦沢町","長楽寺"
"千葉県","長生郡睦沢町","寺崎"
"千葉県","長生郡睦沢町","妙楽寺"
"千葉県","長生郡睦沢町","森"
"千葉県","長生郡長生村","入山津"
"千葉県","長生郡長生村","岩沼"
"千葉県","長生郡長生村","岩沼飛地"
"千葉県","長生郡長生村","驚"
"千葉県","長生郡長生村","金田"
"千葉県","長生郡長生村","北水口"
"千葉県","長生郡長生村","小泉"
"千葉県","長生郡長生村","曽根"
"千葉県","長生郡長生村","中之郷"
"千葉県","長生郡長生村","七井土"
"千葉県","長生郡長生村","信友"
"千葉県","長生郡長生村","一松"
"千葉県","長生郡長生村","一松甲"
"千葉県","長生郡長生村","一松乙"
"千葉県","長生郡長生村","一松丙"
"千葉県","長生郡長生村","一松丁"
"千葉県","長生郡長生村","一松戊"
"千葉県","長生郡長生村","一松飛地甲"
"千葉県","長生郡長生村","本郷"
"千葉県","長生郡長生村","宮成"
"千葉県","長生郡長生村","水口"
"千葉県","長生郡長生村","六ツ野飛地"
"千葉県","長生郡長生村","薮塚"
"千葉県","長生郡白子町","牛込"
"千葉県","長生郡白子町","驚"
"千葉県","長生郡白子町","北高根"
"千葉県","長生郡白子町","北日当"
"千葉県","長生郡白子町","五井"
"千葉県","長生郡白子町","幸治"
"千葉県","長生郡白子町","関"
"千葉県","長生郡白子町","剃金"
"千葉県","長生郡白子町","中里"
"千葉県","長生郡白子町","八斗"
"千葉県","長生郡白子町","浜宿"
"千葉県","長生郡白子町","福島"
"千葉県","長生郡白子町","古所"
"千葉県","長生郡白子町","南日当"
"千葉県","長生郡長柄町","上野"
"千葉県","長生郡長柄町","榎本"
"千葉県","長生郡長柄町","大津倉"
"千葉県","長生郡長柄町","大庭"
"千葉県","長生郡長柄町","刑部"
"千葉県","長生郡長柄町","金谷"
"千葉県","長生郡長柄町","国府里"
"千葉県","長生郡長柄町","小榎本"
"千葉県","長生郡長柄町","桜谷"
"千葉県","長生郡長柄町","皿木"
"千葉県","長生郡長柄町","高山"
"千葉県","長生郡長柄町","田代"
"千葉県","長生郡長柄町","立鳥"
"千葉県","長生郡長柄町","千代丸"
"千葉県","長生郡長柄町","鴇谷"
"千葉県","長生郡長柄町","徳増"
"千葉県","長生郡長柄町","中野台"
"千葉県","長生郡長柄町","長富"
"千葉県","長生郡長柄町","長柄山"
"千葉県","長生郡長柄町","針ケ谷"
"千葉県","長生郡長柄町","船木"
"千葉県","長生郡長柄町","味庄"
"千葉県","長生郡長柄町","山之郷"
"千葉県","長生郡長柄町","山根"
"千葉県","長生郡長柄町","力丸"
"千葉県","長生郡長柄町","六地蔵"
"千葉県","長生郡長南町","市野々"
"千葉県","長生郡長南町","今泉"
"千葉県","長生郡長南町","岩川"
"千葉県","長生郡長南町","岩撫"
"千葉県","長生郡長南町","小沢"
"千葉県","長生郡長南町","小生田"
"千葉県","長生郡長南町","笠森"
"千葉県","長生郡長南町","上小野田"
"千葉県","長生郡長南町","給田"
"千葉県","長生郡長南町","蔵持"
"千葉県","長生郡長南町","坂本"
"千葉県","長生郡長南町","佐坪"
"千葉県","長生郡長南町","芝原"
"千葉県","長生郡長南町","地引"
"千葉県","長生郡長南町","下小野田"
"千葉県","長生郡長南町","須田"
"千葉県","長生郡長南町","関原"
"千葉県","長生郡長南町","千手堂"
"千葉県","長生郡長南町","千田"
"千葉県","長生郡長南町","竹林"
"千葉県","長生郡長南町","棚毛"
"千葉県","長生郡長南町","長南"
"千葉県","長生郡長南町","豊原"
"千葉県","長生郡長南町","中原"
"千葉県","長生郡長南町","深沢"
"千葉県","長生郡長南町","報恩寺"
"千葉県","長生郡長南町","又富"
"千葉県","長生郡長南町","水沼"
"千葉県","長生郡長南町","美原台"
"千葉県","長生郡長南町","茗荷沢"
"千葉県","長生郡長南町","本台"
"千葉県","長生郡長南町","山内"
"千葉県","長生郡長南町","米満"
"千葉県","夷隅郡大多喜町","粟又"
"千葉県","夷隅郡大多喜町","石神"
"千葉県","夷隅郡大多喜町","板谷"
"千葉県","夷隅郡大多喜町","市川"
"千葉県","夷隅郡大多喜町","伊保田"
"千葉県","夷隅郡大多喜町","上原"
"千葉県","夷隅郡大多喜町","上原西部田柳原入会"
"千葉県","夷隅郡大多喜町","宇筒原"
"千葉県","夷隅郡大多喜町","大多喜"
"千葉県","夷隅郡大多喜町","大田代"
"千葉県","夷隅郡大多喜町","大戸"
"千葉県","夷隅郡大多喜町","押沼"
"千葉県","夷隅郡大多喜町","小土呂"
"千葉県","夷隅郡大多喜町","面白"
"千葉県","夷隅郡大多喜町","会所"
"千葉県","夷隅郡大多喜町","紙敷"
"千葉県","夷隅郡大多喜町","川畑"
"千葉県","夷隅郡大多喜町","久我原"
"千葉県","夷隅郡大多喜町","葛藤"
"千葉県","夷隅郡大多喜町","久保"
"千葉県","夷隅郡大多喜町","黒原"
"千葉県","夷隅郡大多喜町","小内"
"千葉県","夷隅郡大多喜町","小内笛倉入会"
"千葉県","夷隅郡大多喜町","紺屋"
"千葉県","夷隅郡大多喜町","小沢又"
"千葉県","夷隅郡大多喜町","小田代"
"千葉県","夷隅郡大多喜町","小苗"
"千葉県","夷隅郡大多喜町","小谷松"
"千葉県","夷隅郡大多喜町","桜台"
"千葉県","夷隅郡大多喜町","猿稲"
"千葉県","夷隅郡大多喜町","三条"
"千葉県","夷隅郡大多喜町","下大多喜"
"千葉県","夷隅郡大多喜町","庄司"
"千葉県","夷隅郡大多喜町","新丁"
"千葉県","夷隅郡大多喜町","泉水"
"千葉県","夷隅郡大多喜町","田代"
"千葉県","夷隅郡大多喜町","田丁"
"千葉県","夷隅郡大多喜町","筒森"
"千葉県","夷隅郡大多喜町","中野"
"千葉県","夷隅郡大多喜町","西部田"
"千葉県","夷隅郡大多喜町","馬場内"
"千葉県","夷隅郡大多喜町","原内"
"千葉県","夷隅郡大多喜町","平沢"
"千葉県","夷隅郡大多喜町","笛倉"
"千葉県","夷隅郡大多喜町","船子"
"千葉県","夷隅郡大多喜町","部田"
"千葉県","夷隅郡大多喜町","堀切"
"千葉県","夷隅郡大多喜町","堀之内"
"千葉県","夷隅郡大多喜町","松尾"
"千葉県","夷隅郡大多喜町","三又"
"千葉県","夷隅郡大多喜町","百鉾"
"千葉県","夷隅郡大多喜町","森宮"
"千葉県","夷隅郡大多喜町","弥喜用"
"千葉県","夷隅郡大多喜町","八声"
"千葉県","夷隅郡大多喜町","柳原"
"千葉県","夷隅郡大多喜町","湯倉"
"千葉県","夷隅郡大多喜町","弓木"
"千葉県","夷隅郡大多喜町","横山"
"千葉県","夷隅郡御宿町","岩和田"
"千葉県","夷隅郡御宿町","御宿台"
"千葉県","夷隅郡御宿町","上布施"
"千葉県","夷隅郡御宿町","久保"
"千葉県","夷隅郡御宿町","実谷"
"千葉県","夷隅郡御宿町","新町"
"千葉県","夷隅郡御宿町","須賀"
"千葉県","夷隅郡御宿町","高山田"
"千葉県","夷隅郡御宿町","七本"
"千葉県","夷隅郡御宿町","浜"
"千葉県","夷隅郡御宿町","六軒町"
"千葉県","安房郡鋸南町","市井原"
"千葉県","安房郡鋸南町","岩井袋"
"千葉県","安房郡鋸南町","江月"
"千葉県","安房郡鋸南町","大帷子"
"千葉県","安房郡鋸南町","大崩"
"千葉県","安房郡鋸南町","奥山"
"千葉県","安房郡鋸南町","勝山"
"千葉県","安房郡鋸南町","上佐久間"
"千葉県","安房郡鋸南町","小保田"
"千葉県","安房郡鋸南町","下佐久間"
"千葉県","安房郡鋸南町","大六"
"千葉県","安房郡鋸南町","中佐久間"
"千葉県","安房郡鋸南町","保田"
"千葉県","安房郡鋸南町","元名"
"千葉県","安房郡鋸南町","横根"
"千葉県","安房郡鋸南町","吉浜"
"千葉県","安房郡鋸南町","竜島"
