"東京都","千代田区","飯田橋"
"東京都","千代田区","一番町"
"東京都","千代田区","岩本町"
"東京都","千代田区","内神田"
"東京都","千代田区","内幸町"
"東京都","千代田区","大手町"
"東京都","千代田区","鍛冶町"
"東京都","千代田区","霞が関"
"東京都","千代田区","神田相生町"
"東京都","千代田区","神田淡路町"
"東京都","千代田区","神田和泉町"
"東京都","千代田区","神田岩本町"
"東京都","千代田区","神田小川町"
"東京都","千代田区","神田鍛冶町"
"東京都","千代田区","神田北乗物町"
"東京都","千代田区","神田紺屋町"
"東京都","千代田区","神田佐久間河岸"
"東京都","千代田区","神田佐久間町"
"東京都","千代田区","神田神保町"
"東京都","千代田区","神田須田町"
"東京都","千代田区","神田駿河台"
"東京都","千代田区","神田多町"
"東京都","千代田区","神田司町"
"東京都","千代田区","神田富山町"
"東京都","千代田区","神田錦町"
"東京都","千代田区","神田西福田町"
"東京都","千代田区","神田練塀町"
"東京都","千代田区","神田花岡町"
"東京都","千代田区","神田東紺屋町"
"東京都","千代田区","神田東松下町"
"東京都","千代田区","神田平河町"
"東京都","千代田区","神田松永町"
"東京都","千代田区","神田美倉町"
"東京都","千代田区","神田美土代町"
"東京都","千代田区","紀尾井町"
"東京都","千代田区","北の丸公園"
"東京都","千代田区","九段南"
"東京都","千代田区","九段北"
"東京都","千代田区","皇居外苑"
"東京都","千代田区","麹町"
"東京都","千代田区","五番町"
"東京都","千代田区","猿楽町"
"東京都","千代田区","三番町"
"東京都","千代田区","外神田"
"東京都","千代田区","千代田"
"東京都","千代田区","永田町"
"東京都","千代田区","西神田"
"東京都","千代田区","二番町"
"東京都","千代田区","隼町"
"東京都","千代田区","東神田"
"東京都","千代田区","一ツ橋"
"東京都","千代田区","日比谷公園"
"東京都","千代田区","平河町"
"東京都","千代田区","富士見"
"東京都","千代田区","丸の内"
"東京都","千代田区","三崎町"
"東京都","千代田区","有楽町"
"東京都","千代田区","四番町"
"東京都","千代田区","六番町"
"東京都","中央区","明石町"
"東京都","中央区","入船"
"東京都","中央区","勝どき"
"東京都","中央区","京橋"
"東京都","中央区","銀座"
"東京都","中央区","新川"
"東京都","中央区","新富"
"東京都","中央区","月島"
"東京都","中央区","築地"
"東京都","中央区","佃"
"東京都","中央区","豊海町"
"東京都","中央区","日本橋"
"東京都","中央区","日本橋大伝馬町"
"東京都","中央区","日本橋蛎殻町"
"東京都","中央区","日本橋兜町"
"東京都","中央区","日本橋茅場町"
"東京都","中央区","日本橋小網町"
"東京都","中央区","日本橋小伝馬町"
"東京都","中央区","日本橋小舟町"
"東京都","中央区","日本橋富沢町"
"東京都","中央区","日本橋中洲"
"東京都","中央区","日本橋人形町"
"東京都","中央区","日本橋箱崎町"
"東京都","中央区","日本橋浜町"
"東京都","中央区","日本橋馬喰町"
"東京都","中央区","日本橋久松町"
"東京都","中央区","日本橋堀留町"
"東京都","中央区","日本橋本石町"
"東京都","中央区","日本橋本町"
"東京都","中央区","日本橋室町"
"東京都","中央区","日本橋横山町"
"東京都","中央区","八丁堀"
"東京都","中央区","浜離宮庭園"
"東京都","中央区","晴海"
"東京都","中央区","東日本橋"
"東京都","中央区","湊"
"東京都","中央区","八重洲"
"東京都","港区","赤坂"
"東京都","港区","麻布十番"
"東京都","港区","麻布台"
"東京都","港区","麻布永坂町"
"東京都","港区","麻布狸穴町"
"東京都","港区","愛宕"
"東京都","港区","海岸"
"東京都","港区","北青山"
"東京都","港区","港南"
"東京都","港区","芝"
"東京都","港区","芝浦"
"東京都","港区","芝公園"
"東京都","港区","芝大門"
"東京都","港区","白金"
"東京都","港区","白金台"
"東京都","港区","新橋"
"東京都","港区","台場"
"東京都","港区","高輪"
"東京都","港区","虎ノ門"
"東京都","港区","西麻布"
"東京都","港区","西新橋"
"東京都","港区","浜松町"
"東京都","港区","東麻布"
"東京都","港区","東新橋"
"東京都","港区","三田"
"東京都","港区","南青山"
"東京都","港区","南麻布"
"東京都","港区","元赤坂"
"東京都","港区","元麻布"
"東京都","港区","六本木"
"東京都","新宿区","愛住町"
"東京都","新宿区","赤城下町"
"東京都","新宿区","赤城元町"
"東京都","新宿区","揚場町"
"東京都","新宿区","荒木町"
"東京都","新宿区","市谷加賀町"
"東京都","新宿区","市谷甲良町"
"東京都","新宿区","市谷砂土原町"
"東京都","新宿区","市谷左内町"
"東京都","新宿区","市谷鷹匠町"
"東京都","新宿区","市谷田町"
"東京都","新宿区","市谷台町"
"東京都","新宿区","市谷長延寺町"
"東京都","新宿区","市谷仲之町"
"東京都","新宿区","市谷八幡町"
"東京都","新宿区","市谷船河原町"
"東京都","新宿区","市谷本村町"
"東京都","新宿区","市谷薬王寺町"
"東京都","新宿区","市谷柳町"
"東京都","新宿区","市谷山伏町"
"東京都","新宿区","岩戸町"
"東京都","新宿区","榎町"
"東京都","新宿区","大久保"
"東京都","新宿区","改代町"
"東京都","新宿区","神楽河岸"
"東京都","新宿区","神楽坂"
"東京都","新宿区","霞ケ丘町"
"東京都","新宿区","片町"
"東京都","新宿区","歌舞伎町"
"東京都","新宿区","上落合"
"東京都","新宿区","河田町"
"東京都","新宿区","喜久井町"
"東京都","新宿区","北新宿"
"東京都","新宿区","北町"
"東京都","新宿区","北山伏町"
"東京都","新宿区","細工町"
"東京都","新宿区","左門町"
"東京都","新宿区","三栄町"
"東京都","新宿区","信濃町"
"東京都","新宿区","下落合"
"東京都","新宿区","下宮比町"
"東京都","新宿区","白銀町"
"東京都","新宿区","新小川町"
"東京都","新宿区","新宿"
"東京都","新宿区","水道町"
"東京都","新宿区","須賀町"
"東京都","新宿区","住吉町"
"東京都","新宿区","大京町"
"東京都","新宿区","高田馬場"
"東京都","新宿区","箪笥町"
"東京都","新宿区","築地町"
"東京都","新宿区","津久戸町"
"東京都","新宿区","筑土八幡町"
"東京都","新宿区","天神町"
"東京都","新宿区","戸塚町"
"東京都","新宿区","富久町"
"東京都","新宿区","戸山"
"東京都","新宿区","内藤町"
"東京都","新宿区","中井"
"東京都","新宿区","中落合"
"東京都","新宿区","中里町"
"東京都","新宿区","中町"
"東京都","新宿区","納戸町"
"東京都","新宿区","西落合"
"東京都","新宿区","西五軒町"
"東京都","新宿区","西新宿"
"東京都","新宿区","二十騎町"
"東京都","新宿区","西早稲田"
"東京都","新宿区","馬場下町"
"東京都","新宿区","払方町"
"東京都","新宿区","原町"
"東京都","新宿区","東榎町"
"東京都","新宿区","東五軒町"
"東京都","新宿区","百人町"
"東京都","新宿区","袋町"
"東京都","新宿区","舟町"
"東京都","新宿区","弁天町"
"東京都","新宿区","本塩町"
"東京都","新宿区","南榎町"
"東京都","新宿区","南町"
"東京都","新宿区","南元町"
"東京都","新宿区","南山伏町"
"東京都","新宿区","山吹町"
"東京都","新宿区","矢来町"
"東京都","新宿区","横寺町"
"東京都","新宿区","余丁町"
"東京都","新宿区","四谷"
"東京都","新宿区","四谷坂町"
"東京都","新宿区","若葉"
"東京都","新宿区","若松町"
"東京都","新宿区","若宮町"
"東京都","新宿区","早稲田鶴巻町"
"東京都","新宿区","早稲田南町"
"東京都","新宿区","早稲田町"
"東京都","文京区","大塚"
"東京都","文京区","音羽"
"東京都","文京区","春日"
"東京都","文京区","小石川"
"東京都","文京区","後楽"
"東京都","文京区","小日向"
"東京都","文京区","水道"
"東京都","文京区","関口"
"東京都","文京区","千石"
"東京都","文京区","千駄木"
"東京都","文京区","西片"
"東京都","文京区","根津"
"東京都","文京区","白山"
"東京都","文京区","本駒込"
"東京都","文京区","本郷"
"東京都","文京区","向丘"
"東京都","文京区","目白台"
"東京都","文京区","弥生"
"東京都","文京区","湯島"
"東京都","台東区","秋葉原"
"東京都","台東区","浅草"
"東京都","台東区","浅草橋"
"東京都","台東区","池之端"
"東京都","台東区","今戸"
"東京都","台東区","入谷"
"東京都","台東区","上野"
"東京都","台東区","上野公園"
"東京都","台東区","上野桜木"
"東京都","台東区","雷門"
"東京都","台東区","北上野"
"東京都","台東区","清川"
"東京都","台東区","蔵前"
"東京都","台東区","小島"
"東京都","台東区","寿"
"東京都","台東区","駒形"
"東京都","台東区","下谷"
"東京都","台東区","千束"
"東京都","台東区","台東"
"東京都","台東区","鳥越"
"東京都","台東区","西浅草"
"東京都","台東区","日本堤"
"東京都","台東区","根岸"
"東京都","台東区","橋場"
"東京都","台東区","花川戸"
"東京都","台東区","東浅草"
"東京都","台東区","東上野"
"東京都","台東区","松が谷"
"東京都","台東区","三筋"
"東京都","台東区","三ノ輪"
"東京都","台東区","元浅草"
"東京都","台東区","谷中"
"東京都","台東区","柳橋"
"東京都","台東区","竜泉"
"東京都","墨田区","吾妻橋"
"東京都","墨田区","石原"
"東京都","墨田区","押上"
"東京都","墨田区","亀沢"
"東京都","墨田区","菊川"
"東京都","墨田区","京島"
"東京都","墨田区","錦糸"
"東京都","墨田区","江東橋"
"東京都","墨田区","墨田"
"東京都","墨田区","太平"
"東京都","墨田区","立花"
"東京都","墨田区","立川"
"東京都","墨田区","千歳"
"東京都","墨田区","堤通"
"東京都","墨田区","業平"
"東京都","墨田区","東駒形"
"東京都","墨田区","東墨田"
"東京都","墨田区","東向島"
"東京都","墨田区","文花"
"東京都","墨田区","本所"
"東京都","墨田区","緑"
"東京都","墨田区","向島"
"東京都","墨田区","八広"
"東京都","墨田区","横網"
"東京都","墨田区","横川"
"東京都","墨田区","両国"
"東京都","江東区","青海"
"東京都","江東区","有明"
"東京都","江東区","石島"
"東京都","江東区","海辺"
"東京都","江東区","永代"
"東京都","江東区","枝川"
"東京都","江東区","越中島"
"東京都","江東区","扇橋"
"東京都","江東区","大島"
"東京都","江東区","亀戸"
"東京都","江東区","北砂"
"東京都","江東区","木場"
"東京都","江東区","清澄"
"東京都","江東区","佐賀"
"東京都","江東区","猿江"
"東京都","江東区","塩浜"
"東京都","江東区","潮見"
"東京都","江東区","東雲"
"東京都","江東区","白河"
"東京都","江東区","新大橋"
"東京都","江東区","新木場"
"東京都","江東区","新砂"
"東京都","江東区","住吉"
"東京都","江東区","千石"
"東京都","江東区","千田"
"東京都","江東区","高橋"
"東京都","江東区","辰巳"
"東京都","江東区","中央防波堤"
"東京都","江東区","東陽"
"東京都","江東区","常盤"
"東京都","江東区","富岡"
"東京都","江東区","豊洲"
"東京都","江東区","東砂"
"東京都","江東区","平野"
"東京都","江東区","深川"
"東京都","江東区","福住"
"東京都","江東区","冬木"
"東京都","江東区","古石場"
"東京都","江東区","牡丹"
"東京都","江東区","南砂"
"東京都","江東区","三好"
"東京都","江東区","毛利"
"東京都","江東区","森下"
"東京都","江東区","門前仲町"
"東京都","江東区","夢の島"
"東京都","江東区","若洲"
"東京都","品川区","荏原"
"東京都","品川区","大井"
"東京都","品川区","大崎"
"東京都","品川区","勝島"
"東京都","品川区","上大崎"
"東京都","品川区","北品川"
"東京都","品川区","小山"
"東京都","品川区","小山台"
"東京都","品川区","戸越"
"東京都","品川区","中延"
"東京都","品川区","西大井"
"東京都","品川区","西五反田"
"東京都","品川区","西品川"
"東京都","品川区","西中延"
"東京都","品川区","旗の台"
"東京都","品川区","東大井"
"東京都","品川区","東五反田"
"東京都","品川区","東品川"
"東京都","品川区","東中延"
"東京都","品川区","東八潮"
"東京都","品川区","平塚"
"東京都","品川区","広町"
"東京都","品川区","二葉"
"東京都","品川区","南大井"
"東京都","品川区","南品川"
"東京都","品川区","八潮"
"東京都","品川区","豊町"
"東京都","目黒区","青葉台"
"東京都","目黒区","大岡山"
"東京都","目黒区","大橋"
"東京都","目黒区","柿の木坂"
"東京都","目黒区","上目黒"
"東京都","目黒区","五本木"
"東京都","目黒区","駒場"
"東京都","目黒区","下目黒"
"東京都","目黒区","自由が丘"
"東京都","目黒区","洗足"
"東京都","目黒区","平町"
"東京都","目黒区","鷹番"
"東京都","目黒区","中央町"
"東京都","目黒区","中町"
"東京都","目黒区","中根"
"東京都","目黒区","中目黒"
"東京都","目黒区","原町"
"東京都","目黒区","東が丘"
"東京都","目黒区","東山"
"東京都","目黒区","碑文谷"
"東京都","目黒区","三田"
"東京都","目黒区","緑が丘"
"東京都","目黒区","南"
"東京都","目黒区","目黒"
"東京都","目黒区","目黒本町"
"東京都","目黒区","八雲"
"東京都","目黒区","祐天寺"
"東京都","大田区","池上"
"東京都","大田区","石川町"
"東京都","大田区","鵜の木"
"東京都","大田区","大森中"
"東京都","大田区","大森本町"
"東京都","大田区","大森東"
"東京都","大田区","大森西"
"東京都","大田区","大森南"
"東京都","大田区","大森北"
"東京都","大田区","蒲田"
"東京都","大田区","蒲田本町"
"東京都","大田区","上池台"
"東京都","大田区","北糀谷"
"東京都","大田区","北千束"
"東京都","大田区","北馬込"
"東京都","大田区","北嶺町"
"東京都","大田区","久が原"
"東京都","大田区","京浜島"
"東京都","大田区","山王"
"東京都","大田区","下丸子"
"東京都","大田区","城南島"
"東京都","大田区","昭和島"
"東京都","大田区","新蒲田"
"東京都","大田区","多摩川"
"東京都","大田区","千鳥"
"東京都","大田区","中央"
"東京都","大田区","田園調布"
"東京都","大田区","田園調布本町"
"東京都","大田区","田園調布南"
"東京都","大田区","東海"
"東京都","大田区","仲池上"
"東京都","大田区","中馬込"
"東京都","大田区","仲六郷"
"東京都","大田区","西蒲田"
"東京都","大田区","西糀谷"
"東京都","大田区","西馬込"
"東京都","大田区","西嶺町"
"東京都","大田区","西六郷"
"東京都","大田区","萩中"
"東京都","大田区","羽田"
"東京都","大田区","羽田旭町"
"東京都","大田区","羽田空港"
"東京都","大田区","東蒲田"
"東京都","大田区","東糀谷"
"東京都","大田区","東馬込"
"東京都","大田区","東嶺町"
"東京都","大田区","東矢口"
"東京都","大田区","東雪谷"
"東京都","大田区","東六郷"
"東京都","大田区","ふるさとの浜辺公園"
"東京都","大田区","平和島"
"東京都","大田区","平和の森公園"
"東京都","大田区","本羽田"
"東京都","大田区","南蒲田"
"東京都","大田区","南久が原"
"東京都","大田区","南千束"
"東京都","大田区","南馬込"
"東京都","大田区","南雪谷"
"東京都","大田区","南六郷"
"東京都","大田区","矢口"
"東京都","大田区","雪谷大塚町"
"東京都","世田谷区","赤堤"
"東京都","世田谷区","池尻"
"東京都","世田谷区","宇奈根"
"東京都","世田谷区","梅丘"
"東京都","世田谷区","大蔵"
"東京都","世田谷区","大原"
"東京都","世田谷区","岡本"
"東京都","世田谷区","奥沢"
"東京都","世田谷区","尾山台"
"東京都","世田谷区","粕谷"
"東京都","世田谷区","鎌田"
"東京都","世田谷区","上馬"
"東京都","世田谷区","上北沢"
"東京都","世田谷区","上祖師谷"
"東京都","世田谷区","上野毛"
"東京都","世田谷区","上用賀"
"東京都","世田谷区","北烏山"
"東京都","世田谷区","北沢"
"東京都","世田谷区","喜多見"
"東京都","世田谷区","砧"
"東京都","世田谷区","砧公園"
"東京都","世田谷区","給田"
"東京都","世田谷区","経堂"
"東京都","世田谷区","豪徳寺"
"東京都","世田谷区","駒沢"
"東京都","世田谷区","駒沢公園"
"東京都","世田谷区","桜"
"東京都","世田谷区","桜丘"
"東京都","世田谷区","桜新町"
"東京都","世田谷区","桜上水"
"東京都","世田谷区","三軒茶屋"
"東京都","世田谷区","下馬"
"東京都","世田谷区","新町"
"東京都","世田谷区","成城"
"東京都","世田谷区","瀬田"
"東京都","世田谷区","世田谷"
"東京都","世田谷区","祖師谷"
"東京都","世田谷区","太子堂"
"東京都","世田谷区","代沢"
"東京都","世田谷区","代田"
"東京都","世田谷区","玉川"
"東京都","世田谷区","玉川台"
"東京都","世田谷区","玉川田園調布"
"東京都","世田谷区","玉堤"
"東京都","世田谷区","千歳台"
"東京都","世田谷区","弦巻"
"東京都","世田谷区","等々力"
"東京都","世田谷区","中町"
"東京都","世田谷区","野毛"
"東京都","世田谷区","野沢"
"東京都","世田谷区","八幡山"
"東京都","世田谷区","羽根木"
"東京都","世田谷区","東玉川"
"東京都","世田谷区","深沢"
"東京都","世田谷区","船橋"
"東京都","世田谷区","松原"
"東京都","世田谷区","三宿"
"東京都","世田谷区","南烏山"
"東京都","世田谷区","宮坂"
"東京都","世田谷区","用賀"
"東京都","世田谷区","若林"
"東京都","渋谷区","上原"
"東京都","渋谷区","鶯谷町"
"東京都","渋谷区","宇田川町"
"東京都","渋谷区","恵比寿"
"東京都","渋谷区","恵比寿西"
"東京都","渋谷区","恵比寿南"
"東京都","渋谷区","大山町"
"東京都","渋谷区","神山町"
"東京都","渋谷区","桜丘町"
"東京都","渋谷区","笹塚"
"東京都","渋谷区","猿楽町"
"東京都","渋谷区","渋谷"
"東京都","渋谷区","松濤"
"東京都","渋谷区","神宮前"
"東京都","渋谷区","神泉町"
"東京都","渋谷区","神南"
"東京都","渋谷区","千駄ヶ谷"
"東京都","渋谷区","代官山町"
"東京都","渋谷区","道玄坂"
"東京都","渋谷区","富ヶ谷"
"東京都","渋谷区","南平台町"
"東京都","渋谷区","西原"
"東京都","渋谷区","幡ヶ谷"
"東京都","渋谷区","鉢山町"
"東京都","渋谷区","初台"
"東京都","渋谷区","東"
"東京都","渋谷区","広尾"
"東京都","渋谷区","本町"
"東京都","渋谷区","円山町"
"東京都","渋谷区","元代々木町"
"東京都","渋谷区","代々木"
"東京都","渋谷区","代々木神園町"
"東京都","中野区","新井"
"東京都","中野区","江古田"
"東京都","中野区","江原町"
"東京都","中野区","上鷺宮"
"東京都","中野区","上高田"
"東京都","中野区","鷺宮"
"東京都","中野区","白鷺"
"東京都","中野区","中央"
"東京都","中野区","中野"
"東京都","中野区","沼袋"
"東京都","中野区","野方"
"東京都","中野区","東中野"
"東京都","中野区","本町"
"東京都","中野区","松が丘"
"東京都","中野区","丸山"
"東京都","中野区","南台"
"東京都","中野区","大和町"
"東京都","中野区","弥生町"
"東京都","中野区","若宮"
"東京都","杉並区","阿佐谷南"
"東京都","杉並区","阿佐谷北"
"東京都","杉並区","天沼"
"東京都","杉並区","井草"
"東京都","杉並区","和泉"
"東京都","杉並区","今川"
"東京都","杉並区","梅里"
"東京都","杉並区","永福"
"東京都","杉並区","大宮"
"東京都","杉並区","荻窪"
"東京都","杉並区","上井草"
"東京都","杉並区","上荻"
"東京都","杉並区","上高井戸"
"東京都","杉並区","久我山"
"東京都","杉並区","高円寺南"
"東京都","杉並区","高円寺北"
"東京都","杉並区","清水"
"東京都","杉並区","下井草"
"東京都","杉並区","下高井戸"
"東京都","杉並区","松庵"
"東京都","杉並区","善福寺"
"東京都","杉並区","高井戸東"
"東京都","杉並区","高井戸西"
"東京都","杉並区","成田東"
"東京都","杉並区","成田西"
"東京都","杉並区","西荻南"
"東京都","杉並区","西荻北"
"東京都","杉並区","浜田山"
"東京都","杉並区","方南"
"東京都","杉並区","堀ノ内"
"東京都","杉並区","本天沼"
"東京都","杉並区","松ノ木"
"東京都","杉並区","南荻窪"
"東京都","杉並区","宮前"
"東京都","杉並区","桃井"
"東京都","杉並区","和田"
"東京都","豊島区","池袋"
"東京都","豊島区","池袋本町"
"東京都","豊島区","要町"
"東京都","豊島区","上池袋"
"東京都","豊島区","北大塚"
"東京都","豊島区","駒込"
"東京都","豊島区","巣鴨"
"東京都","豊島区","千川"
"東京都","豊島区","雑司が谷"
"東京都","豊島区","高田"
"東京都","豊島区","高松"
"東京都","豊島区","千早"
"東京都","豊島区","長崎"
"東京都","豊島区","西池袋"
"東京都","豊島区","西巣鴨"
"東京都","豊島区","東池袋"
"東京都","豊島区","南池袋"
"東京都","豊島区","南大塚"
"東京都","豊島区","南長崎"
"東京都","豊島区","目白"
"東京都","北区","赤羽"
"東京都","北区","赤羽台"
"東京都","北区","赤羽西"
"東京都","北区","赤羽南"
"東京都","北区","赤羽北"
"東京都","北区","岩淵町"
"東京都","北区","浮間"
"東京都","北区","王子"
"東京都","北区","王子本町"
"東京都","北区","上十条"
"東京都","北区","上中里"
"東京都","北区","神谷"
"東京都","北区","岸町"
"東京都","北区","桐ケ丘"
"東京都","北区","栄町"
"東京都","北区","志茂"
"東京都","北区","十条台"
"東京都","北区","十条仲原"
"東京都","北区","昭和町"
"東京都","北区","滝野川"
"東京都","北区","田端"
"東京都","北区","田端新町"
"東京都","北区","豊島"
"東京都","北区","中里"
"東京都","北区","中十条"
"東京都","北区","西が丘"
"東京都","北区","西ケ原"
"東京都","北区","東十条"
"東京都","北区","東田端"
"東京都","北区","堀船"
"東京都","荒川区","荒川"
"東京都","荒川区","西尾久"
"東京都","荒川区","西日暮里"
"東京都","荒川区","東尾久"
"東京都","荒川区","東日暮里"
"東京都","荒川区","町屋"
"東京都","荒川区","南千住"
"東京都","板橋区","相生町"
"東京都","板橋区","赤塚"
"東京都","板橋区","赤塚新町"
"東京都","板橋区","小豆沢"
"東京都","板橋区","泉町"
"東京都","板橋区","板橋"
"東京都","板橋区","稲荷台"
"東京都","板橋区","大原町"
"東京都","板橋区","大谷口"
"東京都","板橋区","大谷口上町"
"東京都","板橋区","大谷口北町"
"東京都","板橋区","大山金井町"
"東京都","板橋区","大山東町"
"東京都","板橋区","大山西町"
"東京都","板橋区","大山町"
"東京都","板橋区","加賀"
"東京都","板橋区","上板橋"
"東京都","板橋区","熊野町"
"東京都","板橋区","小茂根"
"東京都","板橋区","幸町"
"東京都","板橋区","栄町"
"東京都","板橋区","坂下"
"東京都","板橋区","桜川"
"東京都","板橋区","清水町"
"東京都","板橋区","志村"
"東京都","板橋区","新河岸"
"東京都","板橋区","大門"
"東京都","板橋区","高島平"
"東京都","板橋区","東新町"
"東京都","板橋区","常盤台"
"東京都","板橋区","徳丸"
"東京都","板橋区","中板橋"
"東京都","板橋区","仲宿"
"東京都","板橋区","中台"
"東京都","板橋区","仲町"
"東京都","板橋区","中丸町"
"東京都","板橋区","成増"
"東京都","板橋区","西台"
"東京都","板橋区","蓮沼町"
"東京都","板橋区","蓮根"
"東京都","板橋区","氷川町"
"東京都","板橋区","東坂下"
"東京都","板橋区","東山町"
"東京都","板橋区","富士見町"
"東京都","板橋区","双葉町"
"東京都","板橋区","舟渡"
"東京都","板橋区","本町"
"東京都","板橋区","前野町"
"東京都","板橋区","三園"
"東京都","板橋区","南町"
"東京都","板橋区","南常盤台"
"東京都","板橋区","宮本町"
"東京都","板橋区","向原"
"東京都","板橋区","大和町"
"東京都","板橋区","弥生町"
"東京都","板橋区","四葉"
"東京都","板橋区","若木"
"東京都","練馬区","旭丘"
"東京都","練馬区","旭町"
"東京都","練馬区","大泉学園町"
"東京都","練馬区","大泉町"
"東京都","練馬区","春日町"
"東京都","練馬区","上石神井"
"東京都","練馬区","上石神井南町"
"東京都","練馬区","北町"
"東京都","練馬区","向山"
"東京都","練馬区","小竹町"
"東京都","練馬区","栄町"
"東京都","練馬区","桜台"
"東京都","練馬区","下石神井"
"東京都","練馬区","石神井台"
"東京都","練馬区","石神井町"
"東京都","練馬区","関町東"
"東京都","練馬区","関町南"
"東京都","練馬区","関町北"
"東京都","練馬区","高野台"
"東京都","練馬区","高松"
"東京都","練馬区","田柄"
"東京都","練馬区","立野町"
"東京都","練馬区","土支田"
"東京都","練馬区","豊玉上"
"東京都","練馬区","豊玉中"
"東京都","練馬区","豊玉南"
"東京都","練馬区","豊玉北"
"東京都","練馬区","中村"
"東京都","練馬区","中村南"
"東京都","練馬区","中村北"
"東京都","練馬区","西大泉"
"東京都","練馬区","西大泉町"
"東京都","練馬区","錦"
"東京都","練馬区","貫井"
"東京都","練馬区","練馬"
"東京都","練馬区","羽沢"
"東京都","練馬区","早宮"
"東京都","練馬区","光が丘"
"東京都","練馬区","氷川台"
"東京都","練馬区","東大泉"
"東京都","練馬区","富士見台"
"東京都","練馬区","平和台"
"東京都","練馬区","南大泉"
"東京都","練馬区","南田中"
"東京都","練馬区","三原台"
"東京都","練馬区","谷原"
"東京都","足立区","青井"
"東京都","足立区","足立"
"東京都","足立区","綾瀬"
"東京都","足立区","伊興"
"東京都","足立区","伊興本町"
"東京都","足立区","入谷"
"東京都","足立区","入谷町"
"東京都","足立区","梅島"
"東京都","足立区","梅田"
"東京都","足立区","扇"
"東京都","足立区","大谷田"
"東京都","足立区","興野"
"東京都","足立区","小台"
"東京都","足立区","加賀"
"東京都","足立区","加平"
"東京都","足立区","北加平町"
"東京都","足立区","栗原"
"東京都","足立区","弘道"
"東京都","足立区","江北"
"東京都","足立区","古千谷"
"東京都","足立区","古千谷本町"
"東京都","足立区","佐野"
"東京都","足立区","皿沼"
"東京都","足立区","鹿浜"
"東京都","足立区","島根"
"東京都","足立区","新田"
"東京都","足立区","神明"
"東京都","足立区","神明南"
"東京都","足立区","関原"
"東京都","足立区","千住"
"東京都","足立区","千住曙町"
"東京都","足立区","千住旭町"
"東京都","足立区","千住東"
"東京都","足立区","千住大川町"
"東京都","足立区","千住河原町"
"東京都","足立区","千住寿町"
"東京都","足立区","千住桜木"
"東京都","足立区","千住関屋町"
"東京都","足立区","千住龍田町"
"東京都","足立区","千住中居町"
"東京都","足立区","千住仲町"
"東京都","足立区","千住橋戸町"
"東京都","足立区","千住緑町"
"東京都","足立区","千住宮元町"
"東京都","足立区","千住元町"
"東京都","足立区","千住柳町"
"東京都","足立区","竹の塚"
"東京都","足立区","辰沼"
"東京都","足立区","中央本町"
"東京都","足立区","椿"
"東京都","足立区","東和"
"東京都","足立区","舎人"
"東京都","足立区","舎人公園"
"東京都","足立区","舎人町"
"東京都","足立区","中川"
"東京都","足立区","西綾瀬"
"東京都","足立区","西新井"
"東京都","足立区","西新井栄町"
"東京都","足立区","西新井本町"
"東京都","足立区","西伊興"
"東京都","足立区","西伊興町"
"東京都","足立区","西加平"
"東京都","足立区","西竹の塚"
"東京都","足立区","西保木間"
"東京都","足立区","花畑"
"東京都","足立区","東綾瀬"
"東京都","足立区","東伊興"
"東京都","足立区","東保木間"
"東京都","足立区","東六月町"
"東京都","足立区","一ツ家"
"東京都","足立区","日ノ出町"
"東京都","足立区","平野"
"東京都","足立区","保木間"
"東京都","足立区","保塚町"
"東京都","足立区","堀之内"
"東京都","足立区","南花畑"
"東京都","足立区","宮城"
"東京都","足立区","六木"
"東京都","足立区","本木"
"東京都","足立区","本木東町"
"東京都","足立区","本木西町"
"東京都","足立区","本木南町"
"東京都","足立区","本木北町"
"東京都","足立区","谷在家"
"東京都","足立区","谷中"
"東京都","足立区","柳原"
"東京都","足立区","六月"
"東京都","足立区","六町"
"東京都","葛飾区","青戸"
"東京都","葛飾区","奥戸"
"東京都","葛飾区","お花茶屋"
"東京都","葛飾区","金町"
"東京都","葛飾区","金町浄水場"
"東京都","葛飾区","鎌倉"
"東京都","葛飾区","亀有"
"東京都","葛飾区","小菅"
"東京都","葛飾区","柴又"
"東京都","葛飾区","白鳥"
"東京都","葛飾区","新小岩"
"東京都","葛飾区","高砂"
"東京都","葛飾区","宝町"
"東京都","葛飾区","立石"
"東京都","葛飾区","新宿"
"東京都","葛飾区","西亀有"
"東京都","葛飾区","西新小岩"
"東京都","葛飾区","西水元"
"東京都","葛飾区","東金町"
"東京都","葛飾区","東新小岩"
"東京都","葛飾区","東立石"
"東京都","葛飾区","東堀切"
"東京都","葛飾区","東水元"
"東京都","葛飾区","東四つ木"
"東京都","葛飾区","細田"
"東京都","葛飾区","堀切"
"東京都","葛飾区","水元"
"東京都","葛飾区","水元公園"
"東京都","葛飾区","南水元"
"東京都","葛飾区","四つ木"
"東京都","江戸川区","一之江"
"東京都","江戸川区","一之江町"
"東京都","江戸川区","宇喜田町"
"東京都","江戸川区","江戸川"
"東京都","江戸川区","大杉"
"東京都","江戸川区","興宮町"
"東京都","江戸川区","上一色"
"東京都","江戸川区","上篠崎"
"東京都","江戸川区","北葛西"
"東京都","江戸川区","北小岩"
"東京都","江戸川区","北篠崎"
"東京都","江戸川区","小松川"
"東京都","江戸川区","鹿骨"
"東京都","江戸川区","鹿骨町"
"東京都","江戸川区","篠崎町"
"東京都","江戸川区","下篠崎町"
"東京都","江戸川区","清新町"
"東京都","江戸川区","中央"
"東京都","江戸川区","中葛西"
"東京都","江戸川区","新堀"
"東京都","江戸川区","西一之江"
"東京都","江戸川区","西葛西"
"東京都","江戸川区","西小岩"
"東京都","江戸川区","西小松川町"
"東京都","江戸川区","西篠崎"
"東京都","江戸川区","西瑞江"
"東京都","江戸川区","二之江町"
"東京都","江戸川区","春江町"
"東京都","江戸川区","東葛西"
"東京都","江戸川区","東小岩"
"東京都","江戸川区","東小松川"
"東京都","江戸川区","東篠崎"
"東京都","江戸川区","東篠崎町"
"東京都","江戸川区","東松本"
"東京都","江戸川区","東瑞江"
"東京都","江戸川区","平井"
"東京都","江戸川区","船堀"
"東京都","江戸川区","本一色"
"東京都","江戸川区","松江"
"東京都","江戸川区","松島"
"東京都","江戸川区","松本"
"東京都","江戸川区","瑞江"
"東京都","江戸川区","南葛西"
"東京都","江戸川区","南小岩"
"東京都","江戸川区","南篠崎町"
"東京都","江戸川区","谷河内"
"東京都","江戸川区","臨海町"
"東京都","八王子市","暁町"
"東京都","八王子市","旭町"
"東京都","八王子市","東町"
"東京都","八王子市","石川町"
"東京都","八王子市","泉町"
"東京都","八王子市","犬目町"
"東京都","八王子市","上野町"
"東京都","八王子市","打越町"
"東京都","八王子市","宇津木町"
"東京都","八王子市","宇津貫町"
"東京都","八王子市","梅坪町"
"東京都","八王子市","裏高尾町"
"東京都","八王子市","追分町"
"東京都","八王子市","大塚"
"東京都","八王子市","大船町"
"東京都","八王子市","大谷町"
"東京都","八王子市","大横町"
"東京都","八王子市","大和田町"
"東京都","八王子市","小門町"
"東京都","八王子市","尾崎町"
"東京都","八王子市","小津町"
"東京都","八王子市","鹿島"
"東京都","八王子市","加住町"
"東京都","八王子市","片倉町"
"東京都","八王子市","叶谷町"
"東京都","八王子市","上壱分方町"
"東京都","八王子市","上恩方町"
"東京都","八王子市","上川町"
"東京都","八王子市","上柚木"
"東京都","八王子市","川口町"
"東京都","八王子市","川町"
"東京都","八王子市","北野台"
"東京都","八王子市","北野町"
"東京都","八王子市","絹ケ丘"
"東京都","八王子市","清川町"
"東京都","八王子市","椚田町"
"東京都","八王子市","久保山町"
"東京都","八王子市","越野"
"東京都","八王子市","小比企町"
"東京都","八王子市","小宮町"
"東京都","八王子市","子安町"
"東京都","八王子市","左入町"
"東京都","八王子市","散田町"
"東京都","八王子市","下恩方町"
"東京都","八王子市","下柚木"
"東京都","八王子市","城山手"
"東京都","八王子市","新町"
"東京都","八王子市","諏訪町"
"東京都","八王子市","千人町"
"東京都","八王子市","台町"
"東京都","八王子市","大楽寺町"
"東京都","八王子市","平町"
"東京都","八王子市","高尾町"
"東京都","八王子市","高倉町"
"東京都","八王子市","高月町"
"東京都","八王子市","滝山町"
"東京都","八王子市","館町"
"東京都","八王子市","田町"
"東京都","八王子市","丹木町"
"東京都","八王子市","寺田町"
"東京都","八王子市","寺町"
"東京都","八王子市","天神町"
"東京都","八王子市","廿里町"
"東京都","八王子市","戸吹町"
"東京都","八王子市","中町"
"東京都","八王子市","中野上町"
"東京都","八王子市","中野山王"
"東京都","八王子市","中野町"
"東京都","八王子市","中山"
"東京都","八王子市","長沼町"
"東京都","八王子市","長房町"
"東京都","八王子市","七国"
"東京都","八王子市","並木町"
"東京都","八王子市","楢原町"
"東京都","八王子市","南陽台"
"東京都","八王子市","西浅川町"
"東京都","八王子市","西片倉"
"東京都","八王子市","西寺方町"
"東京都","八王子市","弐分方町"
"東京都","八王子市","狭間町"
"東京都","八王子市","八幡町"
"東京都","八王子市","初沢町"
"東京都","八王子市","東浅川町"
"東京都","八王子市","東中野"
"東京都","八王子市","兵衛"
"東京都","八王子市","日吉町"
"東京都","八王子市","平岡町"
"東京都","八王子市","富士見町"
"東京都","八王子市","別所"
"東京都","八王子市","堀之内"
"東京都","八王子市","本郷町"
"東京都","八王子市","本町"
"東京都","八王子市","松が谷"
"東京都","八王子市","松木"
"東京都","八王子市","丸山町"
"東京都","八王子市","三崎町"
"東京都","八王子市","みつい台"
"東京都","八王子市","緑町"
"東京都","八王子市","南浅川町"
"東京都","八王子市","南大沢"
"東京都","八王子市","南新町"
"東京都","八王子市","南町"
"東京都","八王子市","みなみ野"
"東京都","八王子市","宮下町"
"東京都","八王子市","美山町"
"東京都","八王子市","明神町"
"東京都","八王子市","めじろ台"
"東京都","八王子市","元八王子町"
"東京都","八王子市","元本郷町"
"東京都","八王子市","元横山町"
"東京都","八王子市","八木町"
"東京都","八王子市","谷野町"
"東京都","八王子市","山田町"
"東京都","八王子市","鑓水"
"東京都","八王子市","八日町"
"東京都","八王子市","横川町"
"東京都","八王子市","横山町"
"東京都","八王子市","四谷町"
"東京都","八王子市","万町"
"東京都","立川市","曙町"
"東京都","立川市","泉町"
"東京都","立川市","一番町"
"東京都","立川市","柏町"
"東京都","立川市","上砂町"
"東京都","立川市","幸町"
"東京都","立川市","栄町"
"東京都","立川市","柴崎町"
"東京都","立川市","砂川町"
"東京都","立川市","高松町"
"東京都","立川市","錦町"
"東京都","立川市","西砂町"
"東京都","立川市","羽衣町"
"東京都","立川市","富士見町"
"東京都","立川市","緑町"
"東京都","立川市","若葉町"
"東京都","武蔵野市","吉祥寺本町"
"東京都","武蔵野市","吉祥寺東町"
"東京都","武蔵野市","吉祥寺南町"
"東京都","武蔵野市","吉祥寺北町"
"東京都","武蔵野市","境南町"
"東京都","武蔵野市","御殿山"
"東京都","武蔵野市","境"
"東京都","武蔵野市","桜堤"
"東京都","武蔵野市","関前"
"東京都","武蔵野市","中町"
"東京都","武蔵野市","西久保"
"東京都","武蔵野市","緑町"
"東京都","武蔵野市","八幡町"
"東京都","三鷹市","井口"
"東京都","三鷹市","井の頭"
"東京都","三鷹市","大沢"
"東京都","三鷹市","上連雀"
"東京都","三鷹市","北野"
"東京都","三鷹市","下連雀"
"東京都","三鷹市","新川"
"東京都","三鷹市","深大寺"
"東京都","三鷹市","中原"
"東京都","三鷹市","野崎"
"東京都","三鷹市","牟礼"
"東京都","青梅市","天ケ瀬町"
"東京都","青梅市","今井"
"東京都","青梅市","今寺"
"東京都","青梅市","裏宿町"
"東京都","青梅市","大柳町"
"東京都","青梅市","小曾木"
"東京都","青梅市","勝沼"
"東京都","青梅市","河辺町"
"東京都","青梅市","上町"
"東京都","青梅市","木野下"
"東京都","青梅市","黒沢"
"東京都","青梅市","駒木町"
"東京都","青梅市","沢井"
"東京都","青梅市","塩船"
"東京都","青梅市","新町"
"東京都","青梅市","末広町"
"東京都","青梅市","住江町"
"東京都","青梅市","大門"
"東京都","青梅市","滝ノ上町"
"東京都","青梅市","千ケ瀬町"
"東京都","青梅市","富岡"
"東京都","青梅市","友田町"
"東京都","青梅市","仲町"
"東京都","青梅市","長淵"
"東京都","青梅市","成木"
"東京都","青梅市","西分町"
"東京都","青梅市","根ケ布"
"東京都","青梅市","野上町"
"東京都","青梅市","梅郷"
"東京都","青梅市","畑中"
"東京都","青梅市","東青梅"
"東京都","青梅市","日向和田"
"東京都","青梅市","吹上"
"東京都","青梅市","藤橋"
"東京都","青梅市","二俣尾"
"東京都","青梅市","本町"
"東京都","青梅市","御岳"
"東京都","青梅市","御岳山"
"東京都","青梅市","御岳本町"
"東京都","青梅市","森下町"
"東京都","青梅市","師岡町"
"東京都","青梅市","谷野"
"東京都","青梅市","柚木町"
"東京都","青梅市","和田町"
"東京都","府中市","朝日町"
"東京都","府中市","押立町"
"東京都","府中市","片町"
"東京都","府中市","北山町"
"東京都","府中市","寿町"
"東京都","府中市","小柳町"
"東京都","府中市","是政"
"東京都","府中市","幸町"
"東京都","府中市","栄町"
"東京都","府中市","清水が丘"
"東京都","府中市","白糸台"
"東京都","府中市","新町"
"東京都","府中市","住吉町"
"東京都","府中市","浅間町"
"東京都","府中市","多磨町"
"東京都","府中市","天神町"
"東京都","府中市","東芝町"
"東京都","府中市","西原町"
"東京都","府中市","西府町"
"東京都","府中市","日鋼町"
"東京都","府中市","日新町"
"東京都","府中市","八幡町"
"東京都","府中市","晴見町"
"東京都","府中市","日吉町"
"東京都","府中市","府中町"
"東京都","府中市","分梅町"
"東京都","府中市","本宿町"
"東京都","府中市","本町"
"東京都","府中市","緑町"
"東京都","府中市","南町"
"東京都","府中市","宮西町"
"東京都","府中市","宮町"
"東京都","府中市","美好町"
"東京都","府中市","武蔵台"
"東京都","府中市","紅葉丘"
"東京都","府中市","矢崎町"
"東京都","府中市","四谷"
"東京都","府中市","若松町"
"東京都","昭島市","朝日町"
"東京都","昭島市","東町"
"東京都","昭島市","大神町"
"東京都","昭島市","郷地町"
"東京都","昭島市","上川原町"
"東京都","昭島市","昭和町"
"東京都","昭島市","田中町"
"東京都","昭島市","玉川町"
"東京都","昭島市","築地町"
"東京都","昭島市","つつじが丘"
"東京都","昭島市","中神町"
"東京都","昭島市","拝島町"
"東京都","昭島市","福島町"
"東京都","昭島市","松原町"
"東京都","昭島市","緑町"
"東京都","昭島市","美堀町"
"東京都","昭島市","宮沢町"
"東京都","昭島市","武蔵野"
"東京都","昭島市","もくせいの杜"
"東京都","調布市","入間町"
"東京都","調布市","上石原"
"東京都","調布市","菊野台"
"東京都","調布市","国領町"
"東京都","調布市","小島町"
"東京都","調布市","佐須町"
"東京都","調布市","柴崎"
"東京都","調布市","下石原"
"東京都","調布市","深大寺東町"
"東京都","調布市","深大寺南町"
"東京都","調布市","深大寺北町"
"東京都","調布市","深大寺元町"
"東京都","調布市","仙川町"
"東京都","調布市","染地"
"東京都","調布市","多摩川"
"東京都","調布市","調布ケ丘"
"東京都","調布市","飛田給"
"東京都","調布市","西つつじケ丘"
"東京都","調布市","西町"
"東京都","調布市","野水"
"東京都","調布市","東つつじケ丘"
"東京都","調布市","富士見町"
"東京都","調布市","布田"
"東京都","調布市","緑ケ丘"
"東京都","調布市","八雲台"
"東京都","調布市","若葉町"
"東京都","町田市","相原町"
"東京都","町田市","旭町"
"東京都","町田市","大蔵町"
"東京都","町田市","小川"
"東京都","町田市","小野路町"
"東京都","町田市","小山ヶ丘"
"東京都","町田市","小山田桜台"
"東京都","町田市","小山町"
"東京都","町田市","金井"
"東京都","町田市","金井町"
"東京都","町田市","金森"
"東京都","町田市","金森東"
"東京都","町田市","上小山田町"
"東京都","町田市","木曽西"
"東京都","町田市","木曽東"
"東京都","町田市","木曽町"
"東京都","町田市","高ヶ坂"
"東京都","町田市","下小山田町"
"東京都","町田市","真光寺"
"東京都","町田市","真光寺町"
"東京都","町田市","図師町"
"東京都","町田市","忠生"
"東京都","町田市","玉川学園"
"東京都","町田市","つくし野"
"東京都","町田市","鶴川"
"東京都","町田市","鶴間"
"東京都","町田市","常盤町"
"東京都","町田市","中町"
"東京都","町田市","成瀬"
"東京都","町田市","成瀬が丘"
"東京都","町田市","成瀬台"
"東京都","町田市","西成瀬"
"東京都","町田市","根岸"
"東京都","町田市","根岸町"
"東京都","町田市","能ヶ谷"
"東京都","町田市","野津田町"
"東京都","町田市","原町田"
"東京都","町田市","東玉川学園"
"東京都","町田市","広袴"
"東京都","町田市","広袴町"
"東京都","町田市","本町田"
"東京都","町田市","南大谷"
"東京都","町田市","南つくし野"
"東京都","町田市","南成瀬"
"東京都","町田市","南町田"
"東京都","町田市","三輪町"
"東京都","町田市","三輪緑山"
"東京都","町田市","森野"
"東京都","町田市","薬師台"
"東京都","町田市","矢部町"
"東京都","町田市","山崎"
"東京都","町田市","山崎町"
"東京都","小金井市","梶野町"
"東京都","小金井市","桜町"
"東京都","小金井市","関野町"
"東京都","小金井市","中町"
"東京都","小金井市","貫井南町"
"東京都","小金井市","貫井北町"
"東京都","小金井市","東町"
"東京都","小金井市","本町"
"東京都","小金井市","前原町"
"東京都","小金井市","緑町"
"東京都","小平市","大沼町"
"東京都","小平市","小川東町"
"東京都","小平市","小川西町"
"東京都","小平市","小川町"
"東京都","小平市","学園東町"
"東京都","小平市","学園西町"
"東京都","小平市","喜平町"
"東京都","小平市","栄町"
"東京都","小平市","上水新町"
"東京都","小平市","上水本町"
"東京都","小平市","上水南町"
"東京都","小平市","鈴木町"
"東京都","小平市","たかの台"
"東京都","小平市","津田町"
"東京都","小平市","天神町"
"東京都","小平市","中島町"
"東京都","小平市","仲町"
"東京都","小平市","花小金井"
"東京都","小平市","花小金井南町"
"東京都","小平市","美園町"
"東京都","小平市","御幸町"
"東京都","小平市","回田町"
"東京都","日野市","旭が丘"
"東京都","日野市","新井"
"東京都","日野市","石田"
"東京都","日野市","大坂上"
"東京都","日野市","落川"
"東京都","日野市","上田"
"東京都","日野市","川辺堀之内"
"東京都","日野市","栄町"
"東京都","日野市","さくら町"
"東京都","日野市","下田"
"東京都","日野市","新町"
"東京都","日野市","神明"
"東京都","日野市","高幡"
"東京都","日野市","多摩平"
"東京都","日野市","豊田"
"東京都","日野市","西平山"
"東京都","日野市","東豊田"
"東京都","日野市","東平山"
"東京都","日野市","日野"
"東京都","日野市","日野台"
"東京都","日野市","日野本町"
"東京都","日野市","平山"
"東京都","日野市","富士町"
"東京都","日野市","程久保"
"東京都","日野市","万願寺"
"東京都","日野市","三沢"
"東京都","日野市","南平"
"東京都","日野市","宮"
"東京都","日野市","百草"
"東京都","東村山市","青葉町"
"東京都","東村山市","秋津町"
"東京都","東村山市","恩多町"
"東京都","東村山市","久米川町"
"東京都","東村山市","栄町"
"東京都","東村山市","諏訪町"
"東京都","東村山市","多摩湖町"
"東京都","東村山市","野口町"
"東京都","東村山市","萩山町"
"東京都","東村山市","富士見町"
"東京都","東村山市","本町"
"東京都","東村山市","美住町"
"東京都","東村山市","廻田町"
"東京都","国分寺市","泉町"
"東京都","国分寺市","北町"
"東京都","国分寺市","新町"
"東京都","国分寺市","高木町"
"東京都","国分寺市","戸倉"
"東京都","国分寺市","内藤"
"東京都","国分寺市","並木町"
"東京都","国分寺市","西恋ケ窪"
"東京都","国分寺市","西町"
"東京都","国分寺市","西元町"
"東京都","国分寺市","光町"
"東京都","国分寺市","東恋ケ窪"
"東京都","国分寺市","東戸倉"
"東京都","国分寺市","東元町"
"東京都","国分寺市","日吉町"
"東京都","国分寺市","富士本"
"東京都","国分寺市","本多"
"東京都","国分寺市","本町"
"東京都","国分寺市","南町"
"東京都","国立市","青柳"
"東京都","国立市","石田"
"東京都","国立市","泉"
"東京都","国立市","北"
"東京都","国立市","中"
"東京都","国立市","西"
"東京都","国立市","東"
"東京都","国立市","富士見台"
"東京都","国立市","矢川"
"東京都","国立市","谷保"
"東京都","福生市","牛浜"
"東京都","福生市","加美平"
"東京都","福生市","北田園"
"東京都","福生市","熊川"
"東京都","福生市","熊川二宮"
"東京都","福生市","志茂"
"東京都","福生市","東町"
"東京都","福生市","福生"
"東京都","福生市","福生二宮"
"東京都","福生市","本町"
"東京都","福生市","南田園"
"東京都","福生市","武蔵野台"
"東京都","福生市","横田基地内"
"東京都","狛江市","和泉本町"
"東京都","狛江市","猪方"
"東京都","狛江市","岩戸南"
"東京都","狛江市","岩戸北"
"東京都","狛江市","駒井町"
"東京都","狛江市","中和泉"
"東京都","狛江市","西和泉"
"東京都","狛江市","西野川"
"東京都","狛江市","東和泉"
"東京都","狛江市","東野川"
"東京都","狛江市","元和泉"
"東京都","東大和市","芋窪"
"東京都","東大和市","上北台"
"東京都","東大和市","清原"
"東京都","東大和市","湖畔"
"東京都","東大和市","桜が丘"
"東京都","東大和市","狭山"
"東京都","東大和市","清水"
"東京都","東大和市","新堀"
"東京都","東大和市","蔵敷"
"東京都","東大和市","高木"
"東京都","東大和市","立野"
"東京都","東大和市","多摩湖"
"東京都","東大和市","中央"
"東京都","東大和市","仲原"
"東京都","東大和市","奈良橋"
"東京都","東大和市","南街"
"東京都","東大和市","向原"
"東京都","清瀬市","旭が丘"
"東京都","清瀬市","梅園"
"東京都","清瀬市","上清戸"
"東京都","清瀬市","下宿"
"東京都","清瀬市","下清戸"
"東京都","清瀬市","竹丘"
"東京都","清瀬市","中清戸"
"東京都","清瀬市","中里"
"東京都","清瀬市","野塩"
"東京都","清瀬市","松山"
"東京都","清瀬市","元町"
"東京都","東久留米市","上の原"
"東京都","東久留米市","学園町"
"東京都","東久留米市","金山町"
"東京都","東久留米市","小山"
"東京都","東久留米市","幸町"
"東京都","東久留米市","下里"
"東京都","東久留米市","新川町"
"東京都","東久留米市","神宝町"
"東京都","東久留米市","浅間町"
"東京都","東久留米市","大門町"
"東京都","東久留米市","滝山"
"東京都","東久留米市","中央町"
"東京都","東久留米市","野火止"
"東京都","東久留米市","八幡町"
"東京都","東久留米市","氷川台"
"東京都","東久留米市","東本町"
"東京都","東久留米市","ひばりが丘団地"
"東京都","東久留米市","本町"
"東京都","東久留米市","前沢"
"東京都","東久留米市","南沢"
"東京都","東久留米市","南町"
"東京都","東久留米市","柳窪"
"東京都","東久留米市","弥生"
"東京都","武蔵村山市","伊奈平"
"東京都","武蔵村山市","榎"
"東京都","武蔵村山市","大南"
"東京都","武蔵村山市","学園"
"東京都","武蔵村山市","岸"
"東京都","武蔵村山市","残堀"
"東京都","武蔵村山市","神明"
"東京都","武蔵村山市","中央"
"東京都","武蔵村山市","中藤"
"東京都","武蔵村山市","中原"
"東京都","武蔵村山市","本町"
"東京都","武蔵村山市","三ツ木"
"東京都","武蔵村山市","三ツ藤"
"東京都","武蔵村山市","緑が丘"
"東京都","多摩市","愛宕"
"東京都","多摩市","一ノ宮"
"東京都","多摩市","落合"
"東京都","多摩市","落川"
"東京都","多摩市","貝取"
"東京都","多摩市","唐木田"
"東京都","多摩市","乞田"
"東京都","多摩市","桜ヶ丘"
"東京都","多摩市","山王下"
"東京都","多摩市","諏訪"
"東京都","多摩市","関戸"
"東京都","多摩市","鶴牧"
"東京都","多摩市","豊ヶ丘"
"東京都","多摩市","中沢"
"東京都","多摩市","永山"
"東京都","多摩市","東寺方"
"東京都","多摩市","聖ヶ丘"
"東京都","多摩市","馬引沢"
"東京都","多摩市","南野"
"東京都","多摩市","百草"
"東京都","多摩市","連光寺"
"東京都","多摩市","和田"
"東京都","稲城市","大丸"
"東京都","稲城市","押立"
"東京都","稲城市","向陽台"
"東京都","稲城市","坂浜"
"東京都","稲城市","長峰"
"東京都","稲城市","東長沼"
"東京都","稲城市","平尾"
"東京都","稲城市","百村"
"東京都","稲城市","矢野口"
"東京都","稲城市","若葉台"
"東京都","羽村市","小作台"
"東京都","羽村市","川崎"
"東京都","羽村市","五ノ神"
"東京都","羽村市","栄町"
"東京都","羽村市","神明台"
"東京都","羽村市","玉川"
"東京都","羽村市","羽"
"東京都","羽村市","羽加美"
"東京都","羽村市","羽中"
"東京都","羽村市","羽東"
"東京都","羽村市","羽西"
"東京都","羽村市","富士見平"
"東京都","羽村市","双葉町"
"東京都","羽村市","緑ケ丘"
"東京都","あきる野市","秋川"
"東京都","あきる野市","秋留"
"東京都","あきる野市","網代"
"東京都","あきる野市","油平"
"東京都","あきる野市","雨間"
"東京都","あきる野市","五日市"
"東京都","あきる野市","伊奈"
"東京都","あきる野市","入野"
"東京都","あきる野市","上ノ台"
"東京都","あきる野市","牛沼"
"東京都","あきる野市","小川"
"東京都","あきる野市","小川東"
"東京都","あきる野市","乙津"
"東京都","あきる野市","上代継"
"東京都","あきる野市","切欠"
"東京都","あきる野市","草花"
"東京都","あきる野市","小中野"
"東京都","あきる野市","小峰台"
"東京都","あきる野市","小和田"
"東京都","あきる野市","三内"
"東京都","あきる野市","下代継"
"東京都","あきる野市","菅生"
"東京都","あきる野市","瀬戸岡"
"東京都","あきる野市","高尾"
"東京都","あきる野市","舘谷"
"東京都","あきる野市","舘谷台"
"東京都","あきる野市","戸倉"
"東京都","あきる野市","留原"
"東京都","あきる野市","二宮"
"東京都","あきる野市","二宮東"
"東京都","あきる野市","野辺"
"東京都","あきる野市","原小宮"
"東京都","あきる野市","引田"
"東京都","あきる野市","平沢"
"東京都","あきる野市","平沢西"
"東京都","あきる野市","平沢東"
"東京都","あきる野市","深沢"
"東京都","あきる野市","渕上"
"東京都","あきる野市","山田"
"東京都","あきる野市","養沢"
"東京都","あきる野市","横沢"
"東京都","西東京市","泉町"
"東京都","西東京市","北原町"
"東京都","西東京市","北町"
"東京都","西東京市","栄町"
"東京都","西東京市","芝久保町"
"東京都","西東京市","下保谷"
"東京都","西東京市","新町"
"東京都","西東京市","住吉町"
"東京都","西東京市","田無町"
"東京都","西東京市","中町"
"東京都","西東京市","西原町"
"東京都","西東京市","東町"
"東京都","西東京市","東伏見"
"東京都","西東京市","ひばりが丘"
"東京都","西東京市","ひばりが丘北"
"東京都","西東京市","富士町"
"東京都","西東京市","保谷町"
"東京都","西東京市","緑町"
"東京都","西東京市","南町"
"東京都","西東京市","向台町"
"東京都","西東京市","柳沢"
"東京都","西東京市","谷戸町"
"東京都","西多摩郡瑞穂町","石畑"
"東京都","西多摩郡瑞穂町","駒形富士山"
"東京都","西多摩郡瑞穂町","高根"
"東京都","西多摩郡瑞穂町","殿ケ谷"
"東京都","西多摩郡瑞穂町","長岡"
"東京都","西多摩郡瑞穂町","長岡下師岡"
"東京都","西多摩郡瑞穂町","長岡長谷部"
"東京都","西多摩郡瑞穂町","長岡藤橋"
"東京都","西多摩郡瑞穂町","二本木"
"東京都","西多摩郡瑞穂町","箱根ケ崎"
"東京都","西多摩郡瑞穂町","箱根ケ崎東松原"
"東京都","西多摩郡瑞穂町","箱根ケ崎西松原"
"東京都","西多摩郡瑞穂町","富士山栗原新田"
"東京都","西多摩郡瑞穂町","南平"
"東京都","西多摩郡瑞穂町","武蔵"
"東京都","西多摩郡瑞穂町","むさし野"
"東京都","西多摩郡日の出町","大久野"
"東京都","西多摩郡日の出町","平井"
"東京都","西多摩郡檜原村","小沢"
"東京都","西多摩郡檜原村","数馬"
"東京都","西多摩郡檜原村","神戸"
"東京都","西多摩郡檜原村","上元郷"
"東京都","西多摩郡檜原村","倉掛"
"東京都","西多摩郡檜原村","下元郷"
"東京都","西多摩郡檜原村","南郷"
"東京都","西多摩郡檜原村","樋里"
"東京都","西多摩郡檜原村","藤原"
"東京都","西多摩郡檜原村","人里"
"東京都","西多摩郡檜原村","三都郷"
"東京都","西多摩郡檜原村","本宿"
"東京都","西多摩郡奥多摩町","海沢"
"東京都","西多摩郡奥多摩町","梅沢"
"東京都","西多摩郡奥多摩町","大丹波"
"東京都","西多摩郡奥多摩町","川井"
"東京都","西多摩郡奥多摩町","川野"
"東京都","西多摩郡奥多摩町","河内"
"東京都","西多摩郡奥多摩町","小丹波"
"東京都","西多摩郡奥多摩町","境"
"東京都","西多摩郡奥多摩町","白丸"
"東京都","西多摩郡奥多摩町","棚沢"
"東京都","西多摩郡奥多摩町","丹三郎"
"東京都","西多摩郡奥多摩町","留浦"
"東京都","西多摩郡奥多摩町","日原"
"東京都","西多摩郡奥多摩町","原"
"東京都","西多摩郡奥多摩町","氷川"
"東京都","大島町","岡田"
"東京都","大島町","差木地"
"東京都","大島町","泉津"
"東京都","大島町","野増"
"東京都","大島町","波浮港"
"東京都","大島町","元町"
"東京都","利島村","利島村一円"
"東京都","新島村","式根島"
"東京都","新島村","本村"
"東京都","新島村","若郷"
"東京都","神津島村","神津島村一円"
"東京都","神津島村","字鉄砲場"
"東京都","神津島村","金長"
"東京都","三宅島三宅村","阿古"
"東京都","三宅島三宅村","伊ケ谷"
"東京都","三宅島三宅村","伊豆"
"東京都","三宅島三宅村","雄山"
"東京都","三宅島三宅村","神着"
"東京都","三宅島三宅村","坪田"
"東京都","御蔵島村","御蔵島村一円"
"東京都","八丈島八丈町","大賀郷"
"東京都","八丈島八丈町","樫立"
"東京都","八丈島八丈町","末吉"
"東京都","八丈島八丈町","中之郷"
"東京都","八丈島八丈町","三根"
"東京都","青ヶ島村","青ヶ島村一円"
"東京都","小笠原村","父島"
"東京都","小笠原村","母島"
