"神奈川県","横浜市鶴見区","朝日町"
"神奈川県","横浜市鶴見区","安善町"
"神奈川県","横浜市鶴見区","市場上町"
"神奈川県","横浜市鶴見区","市場下町"
"神奈川県","横浜市鶴見区","市場東中町"
"神奈川県","横浜市鶴見区","市場西中町"
"神奈川県","横浜市鶴見区","市場富士見町"
"神奈川県","横浜市鶴見区","市場大和町"
"神奈川県","横浜市鶴見区","潮田町"
"神奈川県","横浜市鶴見区","江ケ崎町"
"神奈川県","横浜市鶴見区","扇島"
"神奈川県","横浜市鶴見区","小野町"
"神奈川県","横浜市鶴見区","梶山"
"神奈川県","横浜市鶴見区","上末吉"
"神奈川県","横浜市鶴見区","上の宮"
"神奈川県","横浜市鶴見区","寛政町"
"神奈川県","横浜市鶴見区","岸谷"
"神奈川県","横浜市鶴見区","北寺尾"
"神奈川県","横浜市鶴見区","駒岡"
"神奈川県","横浜市鶴見区","栄町通"
"神奈川県","横浜市鶴見区","汐入町"
"神奈川県","横浜市鶴見区","獅子ケ谷"
"神奈川県","横浜市鶴見区","下野谷町"
"神奈川県","横浜市鶴見区","尻手"
"神奈川県","横浜市鶴見区","下末吉"
"神奈川県","横浜市鶴見区","末広町"
"神奈川県","横浜市鶴見区","菅沢町"
"神奈川県","横浜市鶴見区","諏訪坂"
"神奈川県","横浜市鶴見区","大黒町"
"神奈川県","横浜市鶴見区","大黒ふ頭"
"神奈川県","横浜市鶴見区","大東町"
"神奈川県","横浜市鶴見区","佃野町"
"神奈川県","横浜市鶴見区","鶴見"
"神奈川県","横浜市鶴見区","鶴見中央"
"神奈川県","横浜市鶴見区","寺谷"
"神奈川県","横浜市鶴見区","豊岡町"
"神奈川県","横浜市鶴見区","仲通"
"神奈川県","横浜市鶴見区","生麦"
"神奈川県","横浜市鶴見区","馬場"
"神奈川県","横浜市鶴見区","浜町"
"神奈川県","横浜市鶴見区","東寺尾"
"神奈川県","横浜市鶴見区","東寺尾中台"
"神奈川県","横浜市鶴見区","東寺尾東台"
"神奈川県","横浜市鶴見区","東寺尾北台"
"神奈川県","横浜市鶴見区","平安町"
"神奈川県","横浜市鶴見区","弁天町"
"神奈川県","横浜市鶴見区","本町通"
"神奈川県","横浜市鶴見区","三ツ池公園"
"神奈川県","横浜市鶴見区","向井町"
"神奈川県","横浜市鶴見区","元宮"
"神奈川県","横浜市鶴見区","矢向"
"神奈川県","横浜市神奈川区","青木町"
"神奈川県","横浜市神奈川区","旭ケ丘"
"神奈川県","横浜市神奈川区","出田町"
"神奈川県","横浜市神奈川区","泉町"
"神奈川県","横浜市神奈川区","入江"
"神奈川県","横浜市神奈川区","浦島丘"
"神奈川県","横浜市神奈川区","浦島町"
"神奈川県","横浜市神奈川区","恵比須町"
"神奈川県","横浜市神奈川区","大口通"
"神奈川県","横浜市神奈川区","大口仲町"
"神奈川県","横浜市神奈川区","大野町"
"神奈川県","横浜市神奈川区","片倉"
"神奈川県","横浜市神奈川区","神奈川"
"神奈川県","横浜市神奈川区","神奈川本町"
"神奈川県","横浜市神奈川区","上反町"
"神奈川県","横浜市神奈川区","神之木台"
"神奈川県","横浜市神奈川区","神之木町"
"神奈川県","横浜市神奈川区","亀住町"
"神奈川県","横浜市神奈川区","神大寺"
"神奈川県","横浜市神奈川区","桐畑"
"神奈川県","横浜市神奈川区","金港町"
"神奈川県","横浜市神奈川区","栗田谷"
"神奈川県","横浜市神奈川区","幸ケ谷"
"神奈川県","横浜市神奈川区","子安台"
"神奈川県","横浜市神奈川区","子安通"
"神奈川県","横浜市神奈川区","斎藤分町"
"神奈川県","横浜市神奈川区","栄町"
"神奈川県","横浜市神奈川区","沢渡"
"神奈川県","横浜市神奈川区","三枚町"
"神奈川県","横浜市神奈川区","白幡上町"
"神奈川県","横浜市神奈川区","白幡仲町"
"神奈川県","横浜市神奈川区","白幡東町"
"神奈川県","横浜市神奈川区","白幡西町"
"神奈川県","横浜市神奈川区","白幡南町"
"神奈川県","横浜市神奈川区","白幡向町"
"神奈川県","横浜市神奈川区","白幡町"
"神奈川県","横浜市神奈川区","新浦島町"
"神奈川県","横浜市神奈川区","新子安"
"神奈川県","横浜市神奈川区","新町"
"神奈川県","横浜市神奈川区","菅田町"
"神奈川県","横浜市神奈川区","鈴繁町"
"神奈川県","横浜市神奈川区","台町"
"神奈川県","横浜市神奈川区","高島台"
"神奈川県","横浜市神奈川区","宝町"
"神奈川県","横浜市神奈川区","立町"
"神奈川県","横浜市神奈川区","反町"
"神奈川県","横浜市神奈川区","千若町"
"神奈川県","横浜市神奈川区","鶴屋町"
"神奈川県","横浜市神奈川区","富家町"
"神奈川県","横浜市神奈川区","鳥越"
"神奈川県","横浜市神奈川区","中丸"
"神奈川県","横浜市神奈川区","七島町"
"神奈川県","横浜市神奈川区","西大口"
"神奈川県","横浜市神奈川区","西神奈川"
"神奈川県","横浜市神奈川区","西寺尾"
"神奈川県","横浜市神奈川区","二本榎"
"神奈川県","横浜市神奈川区","白楽"
"神奈川県","横浜市神奈川区","羽沢町"
"神奈川県","横浜市神奈川区","羽沢南"
"神奈川県","横浜市神奈川区","橋本町"
"神奈川県","横浜市神奈川区","東神奈川"
"神奈川県","横浜市神奈川区","平川町"
"神奈川県","横浜市神奈川区","広台太田町"
"神奈川県","横浜市神奈川区","二ツ谷町"
"神奈川県","横浜市神奈川区","星野町"
"神奈川県","横浜市神奈川区","松ケ丘"
"神奈川県","横浜市神奈川区","松見町"
"神奈川県","横浜市神奈川区","松本町"
"神奈川県","横浜市神奈川区","瑞穂町"
"神奈川県","横浜市神奈川区","三ツ沢上町"
"神奈川県","横浜市神奈川区","三ツ沢中町"
"神奈川県","横浜市神奈川区","三ツ沢下町"
"神奈川県","横浜市神奈川区","三ツ沢東町"
"神奈川県","横浜市神奈川区","三ツ沢西町"
"神奈川県","横浜市神奈川区","三ツ沢南町"
"神奈川県","横浜市神奈川区","守屋町"
"神奈川県","横浜市神奈川区","山内町"
"神奈川県","横浜市神奈川区","六角橋"
"神奈川県","横浜市西区","赤門町"
"神奈川県","横浜市西区","東ケ丘"
"神奈川県","横浜市西区","伊勢町"
"神奈川県","横浜市西区","老松町"
"神奈川県","横浜市西区","岡野"
"神奈川県","横浜市西区","霞ケ丘"
"神奈川県","横浜市西区","北軽井沢"
"神奈川県","横浜市西区","北幸"
"神奈川県","横浜市西区","楠町"
"神奈川県","横浜市西区","久保町"
"神奈川県","横浜市西区","御所山町"
"神奈川県","横浜市西区","境之谷"
"神奈川県","横浜市西区","桜木町"
"神奈川県","横浜市西区","浅間台"
"神奈川県","横浜市西区","浅間町"
"神奈川県","横浜市西区","高島"
"神奈川県","横浜市西区","中央"
"神奈川県","横浜市西区","戸部町"
"神奈川県","横浜市西区","戸部本町"
"神奈川県","横浜市西区","西戸部町"
"神奈川県","横浜市西区","西平沼町"
"神奈川県","横浜市西区","西前町"
"神奈川県","横浜市西区","花咲町"
"神奈川県","横浜市西区","浜松町"
"神奈川県","横浜市西区","東久保町"
"神奈川県","横浜市西区","平沼"
"神奈川県","横浜市西区","藤棚町"
"神奈川県","横浜市西区","緑町"
"神奈川県","横浜市西区","みなとみらい"
"神奈川県","横浜市西区","南幸"
"神奈川県","横浜市西区","南浅間町"
"神奈川県","横浜市西区","南軽井沢"
"神奈川県","横浜市西区","宮ケ谷"
"神奈川県","横浜市西区","宮崎町"
"神奈川県","横浜市西区","元久保町"
"神奈川県","横浜市西区","紅葉ケ丘"
"神奈川県","横浜市中区","相生町"
"神奈川県","横浜市中区","赤門町"
"神奈川県","横浜市中区","曙町"
"神奈川県","横浜市中区","池袋"
"神奈川県","横浜市中区","石川町"
"神奈川県","横浜市中区","伊勢佐木町"
"神奈川県","横浜市中区","上野町"
"神奈川県","横浜市中区","打越"
"神奈川県","横浜市中区","内田町"
"神奈川県","横浜市中区","扇町"
"神奈川県","横浜市中区","大芝台"
"神奈川県","横浜市中区","太田町"
"神奈川県","横浜市中区","大平町"
"神奈川県","横浜市中区","翁町"
"神奈川県","横浜市中区","尾上町"
"神奈川県","横浜市中区","海岸通"
"神奈川県","横浜市中区","柏葉"
"神奈川県","横浜市中区","かもめ町"
"神奈川県","横浜市中区","北方町"
"神奈川県","横浜市中区","北仲通"
"神奈川県","横浜市中区","黄金町"
"神奈川県","横浜市中区","寿町"
"神奈川県","横浜市中区","小港町"
"神奈川県","横浜市中区","鷺山"
"神奈川県","横浜市中区","桜木町"
"神奈川県","横浜市中区","新港"
"神奈川県","横浜市中区","新山下"
"神奈川県","横浜市中区","末広町"
"神奈川県","横浜市中区","末吉町"
"神奈川県","横浜市中区","住吉町"
"神奈川県","横浜市中区","諏訪町"
"神奈川県","横浜市中区","滝之上"
"神奈川県","横浜市中区","竹之丸"
"神奈川県","横浜市中区","立野"
"神奈川県","横浜市中区","千歳町"
"神奈川県","横浜市中区","千鳥町"
"神奈川県","横浜市中区","長者町"
"神奈川県","横浜市中区","千代崎町"
"神奈川県","横浜市中区","塚越"
"神奈川県","横浜市中区","寺久保"
"神奈川県","横浜市中区","常盤町"
"神奈川県","横浜市中区","豊浦町"
"神奈川県","横浜市中区","仲尾台"
"神奈川県","横浜市中区","錦町"
"神奈川県","横浜市中区","西竹之丸"
"神奈川県","横浜市中区","西之谷町"
"神奈川県","横浜市中区","日本大通"
"神奈川県","横浜市中区","根岸旭台"
"神奈川県","横浜市中区","根岸加曽台"
"神奈川県","横浜市中区","根岸台"
"神奈川県","横浜市中区","根岸町"
"神奈川県","横浜市中区","野毛町"
"神奈川県","横浜市中区","羽衣町"
"神奈川県","横浜市中区","初音町"
"神奈川県","横浜市中区","花咲町"
"神奈川県","横浜市中区","英町"
"神奈川県","横浜市中区","万代町"
"神奈川県","横浜市中区","日ノ出町"
"神奈川県","横浜市中区","福富町"
"神奈川県","横浜市中区","富士見町"
"神奈川県","横浜市中区","不老町"
"神奈川県","横浜市中区","弁天通"
"神奈川県","横浜市中区","蓬莱町"
"神奈川県","横浜市中区","本郷町"
"神奈川県","横浜市中区","本町"
"神奈川県","横浜市中区","本牧荒井"
"神奈川県","横浜市中区","本牧大里町"
"神奈川県","横浜市中区","本牧三之谷"
"神奈川県","横浜市中区","本牧十二天"
"神奈川県","横浜市中区","本牧原"
"神奈川県","横浜市中区","本牧ふ頭"
"神奈川県","横浜市中区","本牧間門"
"神奈川県","横浜市中区","本牧満坂"
"神奈川県","横浜市中区","本牧緑ケ丘"
"神奈川県","横浜市中区","本牧宮原"
"神奈川県","横浜市中区","本牧元町"
"神奈川県","横浜市中区","本牧和田"
"神奈川県","横浜市中区","本牧町"
"神奈川県","横浜市中区","真砂町"
"神奈川県","横浜市中区","松影町"
"神奈川県","横浜市中区","豆口台"
"神奈川県","横浜市中区","港町"
"神奈川県","横浜市中区","南仲通"
"神奈川県","横浜市中区","南本牧"
"神奈川県","横浜市中区","簑沢"
"神奈川県","横浜市中区","宮川町"
"神奈川県","横浜市中区","妙香寺台"
"神奈川県","横浜市中区","三吉町"
"神奈川県","横浜市中区","麦田町"
"神奈川県","横浜市中区","元浜町"
"神奈川県","横浜市中区","元町"
"神奈川県","横浜市中区","矢口台"
"神奈川県","横浜市中区","山下町"
"神奈川県","横浜市中区","山田町"
"神奈川県","横浜市中区","山手町"
"神奈川県","横浜市中区","大和町"
"神奈川県","横浜市中区","山吹町"
"神奈川県","横浜市中区","山元町"
"神奈川県","横浜市中区","弥生町"
"神奈川県","横浜市中区","横浜公園"
"神奈川県","横浜市中区","吉田町"
"神奈川県","横浜市中区","吉浜町"
"神奈川県","横浜市中区","若葉町"
"神奈川県","横浜市中区","和田山"
"神奈川県","横浜市南区","井土ケ谷上町"
"神奈川県","横浜市南区","井土ケ谷中町"
"神奈川県","横浜市南区","井土ケ谷下町"
"神奈川県","横浜市南区","浦舟町"
"神奈川県","横浜市南区","永楽町"
"神奈川県","横浜市南区","榎町"
"神奈川県","横浜市南区","大岡"
"神奈川県","横浜市南区","大橋町"
"神奈川県","横浜市南区","庚台"
"神奈川県","横浜市南区","唐沢"
"神奈川県","横浜市南区","共進町"
"神奈川県","横浜市南区","弘明寺町"
"神奈川県","横浜市南区","山王町"
"神奈川県","横浜市南区","山谷"
"神奈川県","横浜市南区","清水ケ丘"
"神奈川県","横浜市南区","宿町"
"神奈川県","横浜市南区","白金町"
"神奈川県","横浜市南区","白妙町"
"神奈川県","横浜市南区","新川町"
"神奈川県","横浜市南区","高砂町"
"神奈川県","横浜市南区","高根町"
"神奈川県","横浜市南区","通町"
"神奈川県","横浜市南区","中里"
"神奈川県","横浜市南区","中里町"
"神奈川県","横浜市南区","中島町"
"神奈川県","横浜市南区","中村町"
"神奈川県","横浜市南区","永田山王台"
"神奈川県","横浜市南区","永田台"
"神奈川県","横浜市南区","永田みなみ台"
"神奈川県","横浜市南区","永田東"
"神奈川県","横浜市南区","永田南"
"神奈川県","横浜市南区","永田北"
"神奈川県","横浜市南区","西中町"
"神奈川県","横浜市南区","八幡町"
"神奈川県","横浜市南区","花之木町"
"神奈川県","横浜市南区","日枝町"
"神奈川県","横浜市南区","東蒔田町"
"神奈川県","横浜市南区","伏見町"
"神奈川県","横浜市南区","二葉町"
"神奈川県","横浜市南区","平楽"
"神奈川県","横浜市南区","別所"
"神奈川県","横浜市南区","別所中里台"
"神奈川県","横浜市南区","堀ノ内町"
"神奈川県","横浜市南区","蒔田町"
"神奈川県","横浜市南区","前里町"
"神奈川県","横浜市南区","真金町"
"神奈川県","横浜市南区","万世町"
"神奈川県","横浜市南区","南太田"
"神奈川県","横浜市南区","南吉田町"
"神奈川県","横浜市南区","三春台"
"神奈川県","横浜市南区","宮元町"
"神奈川県","横浜市南区","六ツ川"
"神奈川県","横浜市南区","睦町"
"神奈川県","横浜市南区","吉野町"
"神奈川県","横浜市南区","若宮町"
"神奈川県","横浜市保土ケ谷区","新井町"
"神奈川県","横浜市保土ケ谷区","今井町"
"神奈川県","横浜市保土ケ谷区","岩井町"
"神奈川県","横浜市保土ケ谷区","岩崎町"
"神奈川県","横浜市保土ケ谷区","岩間町"
"神奈川県","横浜市保土ケ谷区","岡沢町"
"神奈川県","横浜市保土ケ谷区","霞台"
"神奈川県","横浜市保土ケ谷区","帷子町"
"神奈川県","横浜市保土ケ谷区","釜台町"
"神奈川県","横浜市保土ケ谷区","鎌谷町"
"神奈川県","横浜市保土ケ谷区","上菅田町"
"神奈川県","横浜市保土ケ谷区","上星川"
"神奈川県","横浜市保土ケ谷区","狩場町"
"神奈川県","横浜市保土ケ谷区","川島町"
"神奈川県","横浜市保土ケ谷区","川辺町"
"神奈川県","横浜市保土ケ谷区","神戸町"
"神奈川県","横浜市保土ケ谷区","権太坂"
"神奈川県","横浜市保土ケ谷区","境木町"
"神奈川県","横浜市保土ケ谷区","境木本町"
"神奈川県","横浜市保土ケ谷区","坂本町"
"神奈川県","横浜市保土ケ谷区","桜ケ丘"
"神奈川県","横浜市保土ケ谷区","新桜ケ丘"
"神奈川県","横浜市保土ケ谷区","瀬戸ケ谷町"
"神奈川県","横浜市保土ケ谷区","月見台"
"神奈川県","横浜市保土ケ谷区","天王町"
"神奈川県","横浜市保土ケ谷区","常盤台"
"神奈川県","横浜市保土ケ谷区","西久保町"
"神奈川県","横浜市保土ケ谷区","西谷町"
"神奈川県","横浜市保土ケ谷区","初音ケ丘"
"神奈川県","横浜市保土ケ谷区","花見台"
"神奈川県","横浜市保土ケ谷区","東川島町"
"神奈川県","横浜市保土ケ谷区","藤塚町"
"神奈川県","横浜市保土ケ谷区","仏向町"
"神奈川県","横浜市保土ケ谷区","仏向西"
"神奈川県","横浜市保土ケ谷区","法泉"
"神奈川県","横浜市保土ケ谷区","星川"
"神奈川県","横浜市保土ケ谷区","保土ケ谷町"
"神奈川県","横浜市保土ケ谷区","峰岡町"
"神奈川県","横浜市保土ケ谷区","峰沢町"
"神奈川県","横浜市保土ケ谷区","宮田町"
"神奈川県","横浜市保土ケ谷区","明神台"
"神奈川県","横浜市保土ケ谷区","和田"
"神奈川県","横浜市磯子区","磯子"
"神奈川県","横浜市磯子区","磯子台"
"神奈川県","横浜市磯子区","鳳町"
"神奈川県","横浜市磯子区","岡村"
"神奈川県","横浜市磯子区","上町"
"神奈川県","横浜市磯子区","上中里町"
"神奈川県","横浜市磯子区","栗木"
"神奈川県","横浜市磯子区","坂下町"
"神奈川県","横浜市磯子区","汐見台"
"神奈川県","横浜市磯子区","下町"
"神奈川県","横浜市磯子区","新磯子町"
"神奈川県","横浜市磯子区","新杉田町"
"神奈川県","横浜市磯子区","新中原町"
"神奈川県","横浜市磯子区","新森町"
"神奈川県","横浜市磯子区","杉田"
"神奈川県","横浜市磯子区","杉田坪呑"
"神奈川県","横浜市磯子区","滝頭"
"神奈川県","横浜市磯子区","田中"
"神奈川県","横浜市磯子区","中浜町"
"神奈川県","横浜市磯子区","中原"
"神奈川県","横浜市磯子区","西町"
"神奈川県","横浜市磯子区","馬場町"
"神奈川県","横浜市磯子区","原町"
"神奈川県","横浜市磯子区","東町"
"神奈川県","横浜市磯子区","久木町"
"神奈川県","横浜市磯子区","氷取沢町"
"神奈川県","横浜市磯子区","広地町"
"神奈川県","横浜市磯子区","丸山"
"神奈川県","横浜市磯子区","峰町"
"神奈川県","横浜市磯子区","森"
"神奈川県","横浜市磯子区","森が丘"
"神奈川県","横浜市磯子区","洋光台"
"神奈川県","横浜市金沢区","朝比奈町"
"神奈川県","横浜市金沢区","海の公園"
"神奈川県","横浜市金沢区","大川"
"神奈川県","横浜市金沢区","乙舳町"
"神奈川県","横浜市金沢区","片吹"
"神奈川県","横浜市金沢区","金沢町"
"神奈川県","横浜市金沢区","釜利谷町"
"神奈川県","横浜市金沢区","釜利谷東"
"神奈川県","横浜市金沢区","釜利谷西"
"神奈川県","横浜市金沢区","釜利谷南"
"神奈川県","横浜市金沢区","幸浦"
"神奈川県","横浜市金沢区","柴町"
"神奈川県","横浜市金沢区","昭和町"
"神奈川県","横浜市金沢区","白帆"
"神奈川県","横浜市金沢区","洲崎町"
"神奈川県","横浜市金沢区","瀬戸"
"神奈川県","横浜市金沢区","大道"
"神奈川県","横浜市金沢区","高舟台"
"神奈川県","横浜市金沢区","泥亀"
"神奈川県","横浜市金沢区","寺前"
"神奈川県","横浜市金沢区","富岡東"
"神奈川県","横浜市金沢区","富岡西"
"神奈川県","横浜市金沢区","鳥浜町"
"神奈川県","横浜市金沢区","長浜"
"神奈川県","横浜市金沢区","並木"
"神奈川県","横浜市金沢区","西柴"
"神奈川県","横浜市金沢区","能見台"
"神奈川県","横浜市金沢区","能見台通"
"神奈川県","横浜市金沢区","能見台東"
"神奈川県","横浜市金沢区","能見台森"
"神奈川県","横浜市金沢区","野島町"
"神奈川県","横浜市金沢区","八景島"
"神奈川県","横浜市金沢区","東朝比奈"
"神奈川県","横浜市金沢区","平潟町"
"神奈川県","横浜市金沢区","福浦"
"神奈川県","横浜市金沢区","堀口"
"神奈川県","横浜市金沢区","町屋町"
"神奈川県","横浜市金沢区","みず木町"
"神奈川県","横浜市金沢区","六浦"
"神奈川県","横浜市金沢区","六浦町"
"神奈川県","横浜市金沢区","六浦東"
"神奈川県","横浜市金沢区","六浦南"
"神奈川県","横浜市金沢区","谷津町"
"神奈川県","横浜市金沢区","柳町"
"神奈川県","横浜市港北区","大倉山"
"神奈川県","横浜市港北区","大曽根"
"神奈川県","横浜市港北区","大曽根台"
"神奈川県","横浜市港北区","菊名"
"神奈川県","横浜市港北区","岸根町"
"神奈川県","横浜市港北区","北新横浜"
"神奈川県","横浜市港北区","小机町"
"神奈川県","横浜市港北区","篠原台町"
"神奈川県","横浜市港北区","篠原町"
"神奈川県","横浜市港北区","篠原西町"
"神奈川県","横浜市港北区","篠原東"
"神奈川県","横浜市港北区","篠原北"
"神奈川県","横浜市港北区","下田町"
"神奈川県","横浜市港北区","新横浜"
"神奈川県","横浜市港北区","新吉田町"
"神奈川県","横浜市港北区","新吉田東"
"神奈川県","横浜市港北区","高田町"
"神奈川県","横浜市港北区","高田西"
"神奈川県","横浜市港北区","高田東"
"神奈川県","横浜市港北区","樽町"
"神奈川県","横浜市港北区","綱島上町"
"神奈川県","横浜市港北区","綱島台"
"神奈川県","横浜市港北区","綱島東"
"神奈川県","横浜市港北区","綱島西"
"神奈川県","横浜市港北区","鳥山町"
"神奈川県","横浜市港北区","仲手原"
"神奈川県","横浜市港北区","錦が丘"
"神奈川県","横浜市港北区","新羽町"
"神奈川県","横浜市港北区","日吉"
"神奈川県","横浜市港北区","日吉本町"
"神奈川県","横浜市港北区","富士塚"
"神奈川県","横浜市港北区","大豆戸町"
"神奈川県","横浜市港北区","箕輪町"
"神奈川県","横浜市港北区","師岡町"
"神奈川県","横浜市戸塚区","秋葉町"
"神奈川県","横浜市戸塚区","影取町"
"神奈川県","横浜市戸塚区","柏尾町"
"神奈川県","横浜市戸塚区","上柏尾町"
"神奈川県","横浜市戸塚区","上倉田町"
"神奈川県","横浜市戸塚区","上品濃"
"神奈川県","横浜市戸塚区","上矢部町"
"神奈川県","横浜市戸塚区","川上町"
"神奈川県","横浜市戸塚区","汲沢"
"神奈川県","横浜市戸塚区","汲沢町"
"神奈川県","横浜市戸塚区","小雀町"
"神奈川県","横浜市戸塚区","品濃町"
"神奈川県","横浜市戸塚区","下倉田町"
"神奈川県","横浜市戸塚区","戸塚町"
"神奈川県","横浜市戸塚区","鳥が丘"
"神奈川県","横浜市戸塚区","名瀬町"
"神奈川県","横浜市戸塚区","原宿"
"神奈川県","横浜市戸塚区","東俣野町"
"神奈川県","横浜市戸塚区","平戸"
"神奈川県","横浜市戸塚区","平戸町"
"神奈川県","横浜市戸塚区","深谷町"
"神奈川県","横浜市戸塚区","舞岡町"
"神奈川県","横浜市戸塚区","前田町"
"神奈川県","横浜市戸塚区","俣野町"
"神奈川県","横浜市戸塚区","南舞岡"
"神奈川県","横浜市戸塚区","矢部町"
"神奈川県","横浜市戸塚区","吉田町"
"神奈川県","横浜市港南区","大久保"
"神奈川県","横浜市港南区","上大岡東"
"神奈川県","横浜市港南区","上大岡西"
"神奈川県","横浜市港南区","上永谷"
"神奈川県","横浜市港南区","上永谷町"
"神奈川県","横浜市港南区","港南"
"神奈川県","横浜市港南区","港南台"
"神奈川県","横浜市港南区","港南中央通"
"神奈川県","横浜市港南区","最戸"
"神奈川県","横浜市港南区","笹下"
"神奈川県","横浜市港南区","下永谷"
"神奈川県","横浜市港南区","芹が谷"
"神奈川県","横浜市港南区","野庭町"
"神奈川県","横浜市港南区","東芹が谷"
"神奈川県","横浜市港南区","東永谷"
"神奈川県","横浜市港南区","日限山"
"神奈川県","横浜市港南区","日野"
"神奈川県","横浜市港南区","日野中央"
"神奈川県","横浜市港南区","日野南"
"神奈川県","横浜市港南区","丸山台"
"神奈川県","横浜市旭区","市沢町"
"神奈川県","横浜市旭区","今川町"
"神奈川県","横浜市旭区","今宿"
"神奈川県","横浜市旭区","今宿東町"
"神奈川県","横浜市旭区","今宿西町"
"神奈川県","横浜市旭区","今宿南町"
"神奈川県","横浜市旭区","今宿町"
"神奈川県","横浜市旭区","大池町"
"神奈川県","横浜市旭区","小高町"
"神奈川県","横浜市旭区","柏町"
"神奈川県","横浜市旭区","金が谷"
"神奈川県","横浜市旭区","上川井町"
"神奈川県","横浜市旭区","上白根"
"神奈川県","横浜市旭区","上白根町"
"神奈川県","横浜市旭区","川井宿町"
"神奈川県","横浜市旭区","川井本町"
"神奈川県","横浜市旭区","川島町"
"神奈川県","横浜市旭区","桐が作"
"神奈川県","横浜市旭区","左近山"
"神奈川県","横浜市旭区","笹野台"
"神奈川県","横浜市旭区","さちが丘"
"神奈川県","横浜市旭区","三反田町"
"神奈川県","横浜市旭区","四季美台"
"神奈川県","横浜市旭区","下川井町"
"神奈川県","横浜市旭区","白根"
"神奈川県","横浜市旭区","白根町"
"神奈川県","横浜市旭区","善部町"
"神奈川県","横浜市旭区","都岡町"
"神奈川県","横浜市旭区","鶴ケ峰"
"神奈川県","横浜市旭区","鶴ケ峰本町"
"神奈川県","横浜市旭区","中尾"
"神奈川県","横浜市旭区","中希望が丘"
"神奈川県","横浜市旭区","中沢"
"神奈川県","横浜市旭区","中白根"
"神奈川県","横浜市旭区","西川島町"
"神奈川県","横浜市旭区","東希望が丘"
"神奈川県","横浜市旭区","二俣川"
"神奈川県","横浜市旭区","本宿町"
"神奈川県","横浜市旭区","本村町"
"神奈川県","横浜市旭区","万騎が原"
"神奈川県","横浜市旭区","南希望が丘"
"神奈川県","横浜市旭区","南本宿町"
"神奈川県","横浜市旭区","矢指町"
"神奈川県","横浜市旭区","若葉台"
"神奈川県","横浜市緑区","青砥町"
"神奈川県","横浜市緑区","いぶき野"
"神奈川県","横浜市緑区","上山"
"神奈川県","横浜市緑区","鴨居"
"神奈川県","横浜市緑区","鴨居町"
"神奈川県","横浜市緑区","北八朔町"
"神奈川県","横浜市緑区","霧が丘"
"神奈川県","横浜市緑区","小山町"
"神奈川県","横浜市緑区","台村町"
"神奈川県","横浜市緑区","竹山"
"神奈川県","横浜市緑区","寺山町"
"神奈川県","横浜市緑区","十日市場町"
"神奈川県","横浜市緑区","中山町"
"神奈川県","横浜市緑区","長津田"
"神奈川県","横浜市緑区","長津田町"
"神奈川県","横浜市緑区","長津田みなみ台"
"神奈川県","横浜市緑区","新治町"
"神奈川県","横浜市緑区","西八朔町"
"神奈川県","横浜市緑区","白山"
"神奈川県","横浜市緑区","東本郷"
"神奈川県","横浜市緑区","東本郷町"
"神奈川県","横浜市緑区","三保町"
"神奈川県","横浜市緑区","森の台"
"神奈川県","横浜市瀬谷区","相沢"
"神奈川県","横浜市瀬谷区","阿久和東"
"神奈川県","横浜市瀬谷区","阿久和西"
"神奈川県","横浜市瀬谷区","阿久和南"
"神奈川県","横浜市瀬谷区","東野"
"神奈川県","横浜市瀬谷区","東野台"
"神奈川県","横浜市瀬谷区","卸本町"
"神奈川県","横浜市瀬谷区","上瀬谷町"
"神奈川県","横浜市瀬谷区","北新"
"神奈川県","横浜市瀬谷区","北町"
"神奈川県","横浜市瀬谷区","五貫目町"
"神奈川県","横浜市瀬谷区","下瀬谷"
"神奈川県","横浜市瀬谷区","瀬谷"
"神奈川県","横浜市瀬谷区","瀬谷町"
"神奈川県","横浜市瀬谷区","竹村町"
"神奈川県","横浜市瀬谷区","中央"
"神奈川県","横浜市瀬谷区","中屋敷"
"神奈川県","横浜市瀬谷区","橋戸"
"神奈川県","横浜市瀬谷区","二ツ橋町"
"神奈川県","横浜市瀬谷区","本郷"
"神奈川県","横浜市瀬谷区","三ツ境"
"神奈川県","横浜市瀬谷区","南瀬谷"
"神奈川県","横浜市瀬谷区","南台"
"神奈川県","横浜市瀬谷区","宮沢"
"神奈川県","横浜市瀬谷区","目黒町"
"神奈川県","横浜市栄区","飯島町"
"神奈川県","横浜市栄区","犬山町"
"神奈川県","横浜市栄区","尾月"
"神奈川県","横浜市栄区","笠間"
"神奈川県","横浜市栄区","鍛冶ケ谷"
"神奈川県","横浜市栄区","鍛冶ケ谷町"
"神奈川県","横浜市栄区","桂台北"
"神奈川県","横浜市栄区","桂台中"
"神奈川県","横浜市栄区","桂台西"
"神奈川県","横浜市栄区","桂台東"
"神奈川県","横浜市栄区","桂台南"
"神奈川県","横浜市栄区","桂町"
"神奈川県","横浜市栄区","金井町"
"神奈川県","横浜市栄区","上郷町"
"神奈川県","横浜市栄区","上之町"
"神奈川県","横浜市栄区","亀井町"
"神奈川県","横浜市栄区","公田町"
"神奈川県","横浜市栄区","小菅ケ谷"
"神奈川県","横浜市栄区","小菅ケ谷町"
"神奈川県","横浜市栄区","小山台"
"神奈川県","横浜市栄区","庄戸"
"神奈川県","横浜市栄区","田谷町"
"神奈川県","横浜市栄区","中野町"
"神奈川県","横浜市栄区","長尾台町"
"神奈川県","横浜市栄区","長倉町"
"神奈川県","横浜市栄区","長沼町"
"神奈川県","横浜市栄区","野七里"
"神奈川県","横浜市栄区","柏陽"
"神奈川県","横浜市栄区","東上郷町"
"神奈川県","横浜市栄区","本郷台"
"神奈川県","横浜市栄区","元大橋"
"神奈川県","横浜市栄区","若竹町"
"神奈川県","横浜市泉区","池の谷"
"神奈川県","横浜市泉区","和泉が丘"
"神奈川県","横浜市泉区","和泉中央南"
"神奈川県","横浜市泉区","和泉町"
"神奈川県","横浜市泉区","岡津町"
"神奈川県","横浜市泉区","桂坂"
"神奈川県","横浜市泉区","上飯田町"
"神奈川県","横浜市泉区","下飯田町"
"神奈川県","横浜市泉区","下和泉"
"神奈川県","横浜市泉区","白百合"
"神奈川県","横浜市泉区","新橋町"
"神奈川県","横浜市泉区","中田町"
"神奈川県","横浜市泉区","中田東"
"神奈川県","横浜市泉区","中田西"
"神奈川県","横浜市泉区","中田南"
"神奈川県","横浜市泉区","中田北"
"神奈川県","横浜市泉区","西が岡"
"神奈川県","横浜市泉区","弥生台"
"神奈川県","横浜市泉区","領家"
"神奈川県","横浜市泉区","緑園"
"神奈川県","横浜市青葉区","青葉台"
"神奈川県","横浜市青葉区","あかね台"
"神奈川県","横浜市青葉区","あざみ野"
"神奈川県","横浜市青葉区","あざみ野南"
"神奈川県","横浜市青葉区","市ケ尾町"
"神奈川県","横浜市青葉区","美しが丘"
"神奈川県","横浜市青葉区","美しが丘西"
"神奈川県","横浜市青葉区","梅が丘"
"神奈川県","横浜市青葉区","荏子田"
"神奈川県","横浜市青葉区","荏田町"
"神奈川県","横浜市青葉区","荏田西"
"神奈川県","横浜市青葉区","荏田北"
"神奈川県","横浜市青葉区","榎が丘"
"神奈川県","横浜市青葉区","大場町"
"神奈川県","横浜市青葉区","恩田町"
"神奈川県","横浜市青葉区","柿の木台"
"神奈川県","横浜市青葉区","桂台"
"神奈川県","横浜市青葉区","上谷本町"
"神奈川県","横浜市青葉区","鴨志田町"
"神奈川県","横浜市青葉区","鉄町"
"神奈川県","横浜市青葉区","黒須田"
"神奈川県","横浜市青葉区","桜台"
"神奈川県","横浜市青葉区","さつきが丘"
"神奈川県","横浜市青葉区","寺家町"
"神奈川県","横浜市青葉区","下谷本町"
"神奈川県","横浜市青葉区","しらとり台"
"神奈川県","横浜市青葉区","新石川"
"神奈川県","横浜市青葉区","すすき野"
"神奈川県","横浜市青葉区","すみよし台"
"神奈川県","横浜市青葉区","たちばな台"
"神奈川県","横浜市青葉区","田奈町"
"神奈川県","横浜市青葉区","千草台"
"神奈川県","横浜市青葉区","つつじが丘"
"神奈川県","横浜市青葉区","奈良"
"神奈川県","横浜市青葉区","奈良町"
"神奈川県","横浜市青葉区","成合町"
"神奈川県","横浜市青葉区","藤が丘"
"神奈川県","横浜市青葉区","松風台"
"神奈川県","横浜市青葉区","みすずが丘"
"神奈川県","横浜市青葉区","みたけ台"
"神奈川県","横浜市青葉区","緑山"
"神奈川県","横浜市青葉区","もえぎ野"
"神奈川県","横浜市青葉区","元石川町"
"神奈川県","横浜市青葉区","もみの木台"
"神奈川県","横浜市青葉区","若草台"
"神奈川県","横浜市都筑区","あゆみが丘"
"神奈川県","横浜市都筑区","池辺町"
"神奈川県","横浜市都筑区","牛久保"
"神奈川県","横浜市都筑区","牛久保町"
"神奈川県","横浜市都筑区","牛久保東"
"神奈川県","横浜市都筑区","牛久保西"
"神奈川県","横浜市都筑区","荏田東町"
"神奈川県","横浜市都筑区","荏田南町"
"神奈川県","横浜市都筑区","荏田東"
"神奈川県","横浜市都筑区","荏田南"
"神奈川県","横浜市都筑区","大熊町"
"神奈川県","横浜市都筑区","大棚西"
"神奈川県","横浜市都筑区","大棚町"
"神奈川県","横浜市都筑区","大丸"
"神奈川県","横浜市都筑区","折本町"
"神奈川県","横浜市都筑区","加賀原"
"神奈川県","横浜市都筑区","勝田町"
"神奈川県","横浜市都筑区","勝田南"
"神奈川県","横浜市都筑区","川向町"
"神奈川県","横浜市都筑区","川和台"
"神奈川県","横浜市都筑区","川和町"
"神奈川県","横浜市都筑区","北山田"
"神奈川県","横浜市都筑区","葛が谷"
"神奈川県","横浜市都筑区","佐江戸町"
"神奈川県","横浜市都筑区","桜並木"
"神奈川県","横浜市都筑区","新栄町"
"神奈川県","横浜市都筑区","すみれが丘"
"神奈川県","横浜市都筑区","高山"
"神奈川県","横浜市都筑区","茅ケ崎中央"
"神奈川県","横浜市都筑区","茅ケ崎町"
"神奈川県","横浜市都筑区","茅ケ崎東"
"神奈川県","横浜市都筑区","茅ケ崎南"
"神奈川県","横浜市都筑区","中川"
"神奈川県","横浜市都筑区","中川中央"
"神奈川県","横浜市都筑区","仲町台"
"神奈川県","横浜市都筑区","長坂"
"神奈川県","横浜市都筑区","二の丸"
"神奈川県","横浜市都筑区","早渕"
"神奈川県","横浜市都筑区","東方町"
"神奈川県","横浜市都筑区","東山田"
"神奈川県","横浜市都筑区","東山田町"
"神奈川県","横浜市都筑区","平台"
"神奈川県","横浜市都筑区","富士見が丘"
"神奈川県","横浜市都筑区","南山田"
"神奈川県","横浜市都筑区","南山田町"
"神奈川県","横浜市都筑区","見花山"
"神奈川県","川崎市川崎区","浅田"
"神奈川県","川崎市川崎区","浅野町"
"神奈川県","川崎市川崎区","旭町"
"神奈川県","川崎市川崎区","池上新町"
"神奈川県","川崎市川崎区","池上町"
"神奈川県","川崎市川崎区","池田"
"神奈川県","川崎市川崎区","砂子"
"神奈川県","川崎市川崎区","伊勢町"
"神奈川県","川崎市川崎区","浮島町"
"神奈川県","川崎市川崎区","江川"
"神奈川県","川崎市川崎区","駅前本町"
"神奈川県","川崎市川崎区","榎町"
"神奈川県","川崎市川崎区","追分町"
"神奈川県","川崎市川崎区","扇町"
"神奈川県","川崎市川崎区","大川町"
"神奈川県","川崎市川崎区","扇島"
"神奈川県","川崎市川崎区","大島"
"神奈川県","川崎市川崎区","大島上町"
"神奈川県","川崎市川崎区","小川町"
"神奈川県","川崎市川崎区","小田"
"神奈川県","川崎市川崎区","小田栄"
"神奈川県","川崎市川崎区","貝塚"
"神奈川県","川崎市川崎区","川中島"
"神奈川県","川崎市川崎区","観音"
"神奈川県","川崎市川崎区","京町"
"神奈川県","川崎市川崎区","鋼管通"
"神奈川県","川崎市川崎区","小島町"
"神奈川県","川崎市川崎区","境町"
"神奈川県","川崎市川崎区","桜本"
"神奈川県","川崎市川崎区","塩浜"
"神奈川県","川崎市川崎区","下並木"
"神奈川県","川崎市川崎区","昭和"
"神奈川県","川崎市川崎区","白石町"
"神奈川県","川崎市川崎区","新川通"
"神奈川県","川崎市川崎区","鈴木町"
"神奈川県","川崎市川崎区","台町"
"神奈川県","川崎市川崎区","田島町"
"神奈川県","川崎市川崎区","田辺新田"
"神奈川県","川崎市川崎区","田町"
"神奈川県","川崎市川崎区","大師駅前"
"神奈川県","川崎市川崎区","大師河原"
"神奈川県","川崎市川崎区","大師公園"
"神奈川県","川崎市川崎区","大師本町"
"神奈川県","川崎市川崎区","大師町"
"神奈川県","川崎市川崎区","千鳥町"
"神奈川県","川崎市川崎区","堤根"
"神奈川県","川崎市川崎区","出来野"
"神奈川県","川崎市川崎区","殿町"
"神奈川県","川崎市川崎区","中島"
"神奈川県","川崎市川崎区","中瀬"
"神奈川県","川崎市川崎区","日進町"
"神奈川県","川崎市川崎区","浜町"
"神奈川県","川崎市川崎区","東扇島"
"神奈川県","川崎市川崎区","東田町"
"神奈川県","川崎市川崎区","東門前"
"神奈川県","川崎市川崎区","日ノ出"
"神奈川県","川崎市川崎区","藤崎"
"神奈川県","川崎市川崎区","富士見"
"神奈川県","川崎市川崎区","堀之内町"
"神奈川県","川崎市川崎区","本町"
"神奈川県","川崎市川崎区","水江町"
"神奈川県","川崎市川崎区","港町"
"神奈川県","川崎市川崎区","南町"
"神奈川県","川崎市川崎区","南渡田町"
"神奈川県","川崎市川崎区","宮前町"
"神奈川県","川崎市川崎区","宮本町"
"神奈川県","川崎市川崎区","元木"
"神奈川県","川崎市川崎区","夜光"
"神奈川県","川崎市川崎区","四谷上町"
"神奈川県","川崎市川崎区","四谷下町"
"神奈川県","川崎市川崎区","渡田"
"神奈川県","川崎市川崎区","渡田山王町"
"神奈川県","川崎市川崎区","渡田新町"
"神奈川県","川崎市川崎区","渡田東町"
"神奈川県","川崎市川崎区","渡田向町"
"神奈川県","川崎市幸区","遠藤町"
"神奈川県","川崎市幸区","大宮町"
"神奈川県","川崎市幸区","小倉"
"神奈川県","川崎市幸区","鹿島田"
"神奈川県","川崎市幸区","河原町"
"神奈川県","川崎市幸区","北加瀬"
"神奈川県","川崎市幸区","小向東芝町"
"神奈川県","川崎市幸区","小向仲野町"
"神奈川県","川崎市幸区","小向西町"
"神奈川県","川崎市幸区","小向町"
"神奈川県","川崎市幸区","紺屋町"
"神奈川県","川崎市幸区","幸町"
"神奈川県","川崎市幸区","下平間"
"神奈川県","川崎市幸区","新小倉"
"神奈川県","川崎市幸区","新川崎"
"神奈川県","川崎市幸区","新塚越"
"神奈川県","川崎市幸区","神明町"
"神奈川県","川崎市幸区","塚越"
"神奈川県","川崎市幸区","戸手"
"神奈川県","川崎市幸区","戸手本町"
"神奈川県","川崎市幸区","中幸町"
"神奈川県","川崎市幸区","東小倉"
"神奈川県","川崎市幸区","東古市場"
"神奈川県","川崎市幸区","古市場"
"神奈川県","川崎市幸区","古川町"
"神奈川県","川崎市幸区","堀川町"
"神奈川県","川崎市幸区","南加瀬"
"神奈川県","川崎市幸区","南幸町"
"神奈川県","川崎市幸区","都町"
"神奈川県","川崎市幸区","矢上"
"神奈川県","川崎市幸区","柳町"
"神奈川県","川崎市中原区","井田"
"神奈川県","川崎市中原区","井田三舞町"
"神奈川県","川崎市中原区","井田杉山町"
"神奈川県","川崎市中原区","井田中ノ町"
"神奈川県","川崎市中原区","市ノ坪"
"神奈川県","川崎市中原区","今井上町"
"神奈川県","川崎市中原区","今井仲町"
"神奈川県","川崎市中原区","今井西町"
"神奈川県","川崎市中原区","今井南町"
"神奈川県","川崎市中原区","大倉町"
"神奈川県","川崎市中原区","上小田中"
"神奈川県","川崎市中原区","上新城"
"神奈川県","川崎市中原区","上平間"
"神奈川県","川崎市中原区","上丸子"
"神奈川県","川崎市中原区","上丸子山王町"
"神奈川県","川崎市中原区","上丸子天神町"
"神奈川県","川崎市中原区","上丸子八幡町"
"神奈川県","川崎市中原区","苅宿"
"神奈川県","川崎市中原区","北谷町"
"神奈川県","川崎市中原区","木月"
"神奈川県","川崎市中原区","木月伊勢町"
"神奈川県","川崎市中原区","木月祗園町"
"神奈川県","川崎市中原区","木月住吉町"
"神奈川県","川崎市中原区","木月大町"
"神奈川県","川崎市中原区","小杉"
"神奈川県","川崎市中原区","小杉御殿町"
"神奈川県","川崎市中原区","小杉陣屋町"
"神奈川県","川崎市中原区","小杉町"
"神奈川県","川崎市中原区","下小田中"
"神奈川県","川崎市中原区","下新城"
"神奈川県","川崎市中原区","下沼部"
"神奈川県","川崎市中原区","新城"
"神奈川県","川崎市中原区","新城中町"
"神奈川県","川崎市中原区","新丸子町"
"神奈川県","川崎市中原区","新丸子東"
"神奈川県","川崎市中原区","田尻町"
"神奈川県","川崎市中原区","等々力"
"神奈川県","川崎市中原区","中丸子"
"神奈川県","川崎市中原区","西加瀬"
"神奈川県","川崎市中原区","丸子通"
"神奈川県","川崎市中原区","宮内"
"神奈川県","川崎市高津区","明津"
"神奈川県","川崎市高津区","宇奈根"
"神奈川県","川崎市高津区","梶ケ谷"
"神奈川県","川崎市高津区","蟹ケ谷"
"神奈川県","川崎市高津区","上作延"
"神奈川県","川崎市高津区","北見方"
"神奈川県","川崎市高津区","久地"
"神奈川県","川崎市高津区","坂戸"
"神奈川県","川崎市高津区","子母口"
"神奈川県","川崎市高津区","下作延"
"神奈川県","川崎市高津区","下野毛"
"神奈川県","川崎市高津区","新作"
"神奈川県","川崎市高津区","末長"
"神奈川県","川崎市高津区","諏訪"
"神奈川県","川崎市高津区","瀬田"
"神奈川県","川崎市高津区","千年"
"神奈川県","川崎市高津区","千年新町"
"神奈川県","川崎市高津区","野川"
"神奈川県","川崎市高津区","久末"
"神奈川県","川崎市高津区","久本"
"神奈川県","川崎市高津区","二子"
"神奈川県","川崎市高津区","溝口"
"神奈川県","川崎市高津区","向ケ丘"
"神奈川県","川崎市多摩区","生田"
"神奈川県","川崎市多摩区","栗谷"
"神奈川県","川崎市多摩区","宿河原"
"神奈川県","川崎市多摩区","菅"
"神奈川県","川崎市多摩区","菅稲田堤"
"神奈川県","川崎市多摩区","菅北浦"
"神奈川県","川崎市多摩区","菅城下"
"神奈川県","川崎市多摩区","菅仙谷"
"神奈川県","川崎市多摩区","菅野戸呂"
"神奈川県","川崎市多摩区","菅馬場"
"神奈川県","川崎市多摩区","堰"
"神奈川県","川崎市多摩区","寺尾台"
"神奈川県","川崎市多摩区","中野島"
"神奈川県","川崎市多摩区","長尾"
"神奈川県","川崎市多摩区","長沢"
"神奈川県","川崎市多摩区","西生田"
"神奈川県","川崎市多摩区","登戸"
"神奈川県","川崎市多摩区","登戸新町"
"神奈川県","川崎市多摩区","東生田"
"神奈川県","川崎市多摩区","東三田"
"神奈川県","川崎市多摩区","布田"
"神奈川県","川崎市多摩区","枡形"
"神奈川県","川崎市多摩区","三田"
"神奈川県","川崎市多摩区","南生田"
"神奈川県","川崎市宮前区","有馬"
"神奈川県","川崎市宮前区","犬蔵"
"神奈川県","川崎市宮前区","梶ケ谷"
"神奈川県","川崎市宮前区","けやき平"
"神奈川県","川崎市宮前区","五所塚"
"神奈川県","川崎市宮前区","小台"
"神奈川県","川崎市宮前区","鷺沼"
"神奈川県","川崎市宮前区","潮見台"
"神奈川県","川崎市宮前区","神木"
"神奈川県","川崎市宮前区","神木本町"
"神奈川県","川崎市宮前区","白幡台"
"神奈川県","川崎市宮前区","菅生"
"神奈川県","川崎市宮前区","菅生ケ丘"
"神奈川県","川崎市宮前区","平"
"神奈川県","川崎市宮前区","土橋"
"神奈川県","川崎市宮前区","南平台"
"神奈川県","川崎市宮前区","野川"
"神奈川県","川崎市宮前区","初山"
"神奈川県","川崎市宮前区","東有馬"
"神奈川県","川崎市宮前区","馬絹"
"神奈川県","川崎市宮前区","水沢"
"神奈川県","川崎市宮前区","宮崎"
"神奈川県","川崎市宮前区","宮前平"
"神奈川県","川崎市麻生区","王禅寺"
"神奈川県","川崎市麻生区","王禅寺西"
"神奈川県","川崎市麻生区","王禅寺東"
"神奈川県","川崎市麻生区","岡上"
"神奈川県","川崎市麻生区","片平"
"神奈川県","川崎市麻生区","金程"
"神奈川県","川崎市麻生区","上麻生"
"神奈川県","川崎市麻生区","栗木"
"神奈川県","川崎市麻生区","栗木台"
"神奈川県","川崎市麻生区","栗平"
"神奈川県","川崎市麻生区","黒川"
"神奈川県","川崎市麻生区","五力田"
"神奈川県","川崎市麻生区","下麻生"
"神奈川県","川崎市麻生区","白鳥"
"神奈川県","川崎市麻生区","高石"
"神奈川県","川崎市麻生区","多摩美"
"神奈川県","川崎市麻生区","千代ケ丘"
"神奈川県","川崎市麻生区","虹ケ丘"
"神奈川県","川崎市麻生区","白山"
"神奈川県","川崎市麻生区","早野"
"神奈川県","川崎市麻生区","はるひ野"
"神奈川県","川崎市麻生区","東百合丘"
"神奈川県","川崎市麻生区","古沢"
"神奈川県","川崎市麻生区","細山"
"神奈川県","川崎市麻生区","万福寺"
"神奈川県","川崎市麻生区","南黒川"
"神奈川県","川崎市麻生区","向原"
"神奈川県","川崎市麻生区","百合丘"
"神奈川県","相模原市緑区","相原"
"神奈川県","相模原市緑区","青根"
"神奈川県","相模原市緑区","青野原"
"神奈川県","相模原市緑区","青山"
"神奈川県","相模原市緑区","太井"
"神奈川県","相模原市緑区","大島"
"神奈川県","相模原市緑区","大山町"
"神奈川県","相模原市緑区","小倉"
"神奈川県","相模原市緑区","小原"
"神奈川県","相模原市緑区","小渕"
"神奈川県","相模原市緑区","上九沢"
"神奈川県","相模原市緑区","川尻"
"神奈川県","相模原市緑区","久保沢"
"神奈川県","相模原市緑区","佐野川"
"神奈川県","相模原市緑区","澤井"
"神奈川県","相模原市緑区","下九沢"
"神奈川県","相模原市緑区","城山"
"神奈川県","相模原市緑区","寸沢嵐"
"神奈川県","相模原市緑区","新戸"
"神奈川県","相模原市緑区","田名"
"神奈川県","相模原市緑区","谷ヶ原"
"神奈川県","相模原市緑区","千木良"
"神奈川県","相模原市緑区","鳥屋"
"神奈川県","相模原市緑区","中沢"
"神奈川県","相模原市緑区","長竹"
"神奈川県","相模原市緑区","中野"
"神奈川県","相模原市緑区","名倉"
"神奈川県","相模原市緑区","西橋本"
"神奈川県","相模原市緑区","二本松"
"神奈川県","相模原市緑区","根小屋"
"神奈川県","相模原市緑区","橋本"
"神奈川県","相模原市緑区","橋本台"
"神奈川県","相模原市緑区","葉山島"
"神奈川県","相模原市緑区","原宿"
"神奈川県","相模原市緑区","原宿南"
"神奈川県","相模原市緑区","東橋本"
"神奈川県","相模原市緑区","日連"
"神奈川県","相模原市緑区","広田"
"神奈川県","相模原市緑区","牧野"
"神奈川県","相模原市緑区","又野"
"神奈川県","相模原市緑区","町屋"
"神奈川県","相模原市緑区","三井"
"神奈川県","相模原市緑区","三ケ木"
"神奈川県","相模原市緑区","向原"
"神奈川県","相模原市緑区","元橋本町"
"神奈川県","相模原市緑区","吉野"
"神奈川県","相模原市緑区","与瀬"
"神奈川県","相模原市緑区","与瀬本町"
"神奈川県","相模原市緑区","若葉台"
"神奈川県","相模原市緑区","若柳"
"神奈川県","相模原市中央区","相生"
"神奈川県","相模原市中央区","青葉"
"神奈川県","相模原市中央区","大野台"
"神奈川県","相模原市中央区","小山"
"神奈川県","相模原市中央区","鹿沼台"
"神奈川県","相模原市中央区","上溝"
"神奈川県","相模原市中央区","上矢部"
"神奈川県","相模原市中央区","共和"
"神奈川県","相模原市中央区","向陽町"
"神奈川県","相模原市中央区","小町通"
"神奈川県","相模原市中央区","相模原"
"神奈川県","相模原市中央区","下九沢"
"神奈川県","相模原市中央区","水郷田名"
"神奈川県","相模原市中央区","すすきの町"
"神奈川県","相模原市中央区","清新"
"神奈川県","相模原市中央区","高根"
"神奈川県","相模原市中央区","田名"
"神奈川県","相模原市中央区","田名塩田"
"神奈川県","相模原市中央区","中央"
"神奈川県","相模原市中央区","千代田"
"神奈川県","相模原市中央区","並木"
"神奈川県","相模原市中央区","東淵野辺"
"神奈川県","相模原市中央区","光が丘"
"神奈川県","相模原市中央区","氷川町"
"神奈川県","相模原市中央区","富士見"
"神奈川県","相模原市中央区","淵野辺"
"神奈川県","相模原市中央区","淵野辺本町"
"神奈川県","相模原市中央区","星が丘"
"神奈川県","相模原市中央区","松が丘"
"神奈川県","相模原市中央区","緑が丘"
"神奈川県","相模原市中央区","南橋本"
"神奈川県","相模原市中央区","宮下"
"神奈川県","相模原市中央区","宮下本町"
"神奈川県","相模原市中央区","弥栄"
"神奈川県","相模原市中央区","矢部"
"神奈川県","相模原市中央区","矢部新町"
"神奈川県","相模原市中央区","矢部新田"
"神奈川県","相模原市中央区","陽光台"
"神奈川県","相模原市中央区","横山"
"神奈川県","相模原市中央区","横山台"
"神奈川県","相模原市中央区","由野台"
"神奈川県","相模原市南区","旭町"
"神奈川県","相模原市南区","麻溝台"
"神奈川県","相模原市南区","新磯野"
"神奈川県","相模原市南区","磯部"
"神奈川県","相模原市南区","鵜野森"
"神奈川県","相模原市南区","大野台"
"神奈川県","相模原市南区","上鶴間"
"神奈川県","相模原市南区","上鶴間本町"
"神奈川県","相模原市南区","北里"
"神奈川県","相模原市南区","古淵"
"神奈川県","相模原市南区","栄町"
"神奈川県","相模原市南区","相模大野"
"神奈川県","相模原市南区","相模台"
"神奈川県","相模原市南区","相模台団地"
"神奈川県","相模原市南区","桜台"
"神奈川県","相模原市南区","下溝"
"神奈川県","相模原市南区","新戸"
"神奈川県","相模原市南区","相南"
"神奈川県","相模原市南区","相武台"
"神奈川県","相模原市南区","相武台団地"
"神奈川県","相模原市南区","当麻"
"神奈川県","相模原市南区","西大沼"
"神奈川県","相模原市南区","東大沼"
"神奈川県","相模原市南区","東林間"
"神奈川県","相模原市南区","双葉"
"神奈川県","相模原市南区","文京"
"神奈川県","相模原市南区","松が枝町"
"神奈川県","相模原市南区","御園"
"神奈川県","相模原市南区","南台"
"神奈川県","相模原市南区","豊町"
"神奈川県","相模原市南区","若松"
"神奈川県","横須賀市","秋谷"
"神奈川県","横須賀市","芦名"
"神奈川県","横須賀市","阿部倉"
"神奈川県","横須賀市","粟田"
"神奈川県","横須賀市","安針台"
"神奈川県","横須賀市","池上"
"神奈川県","横須賀市","池田町"
"神奈川県","横須賀市","稲岡町"
"神奈川県","横須賀市","不入斗町"
"神奈川県","横須賀市","岩戸"
"神奈川県","横須賀市","内川"
"神奈川県","横須賀市","内川新田"
"神奈川県","横須賀市","浦賀"
"神奈川県","横須賀市","浦賀丘"
"神奈川県","横須賀市","浦上台"
"神奈川県","横須賀市","浦郷町"
"神奈川県","横須賀市","上町"
"神奈川県","横須賀市","太田和"
"神奈川県","横須賀市","大滝町"
"神奈川県","横須賀市","大津町"
"神奈川県","横須賀市","大矢部"
"神奈川県","横須賀市","小川町"
"神奈川県","横須賀市","荻野"
"神奈川県","横須賀市","追浜東町"
"神奈川県","横須賀市","追浜南町"
"神奈川県","横須賀市","追浜本町"
"神奈川県","横須賀市","追浜町"
"神奈川県","横須賀市","小原台"
"神奈川県","横須賀市","金谷"
"神奈川県","横須賀市","鴨居"
"神奈川県","横須賀市","衣笠栄町"
"神奈川県","横須賀市","衣笠町"
"神奈川県","横須賀市","公郷町"
"神奈川県","横須賀市","楠ケ浦町"
"神奈川県","横須賀市","久比里"
"神奈川県","横須賀市","久村"
"神奈川県","横須賀市","久里浜"
"神奈川県","横須賀市","久里浜台"
"神奈川県","横須賀市","グリーンハイツ"
"神奈川県","横須賀市","光風台"
"神奈川県","横須賀市","子安"
"神奈川県","横須賀市","小矢部"
"神奈川県","横須賀市","坂本町"
"神奈川県","横須賀市","桜が丘"
"神奈川県","横須賀市","佐島"
"神奈川県","横須賀市","佐島の丘"
"神奈川県","横須賀市","佐野町"
"神奈川県","横須賀市","佐原"
"神奈川県","横須賀市","猿島"
"神奈川県","横須賀市","汐入町"
"神奈川県","横須賀市","汐見台"
"神奈川県","横須賀市","湘南国際村"
"神奈川県","横須賀市","湘南鷹取"
"神奈川県","横須賀市","新港町"
"神奈川県","横須賀市","神明町"
"神奈川県","横須賀市","須軽谷"
"神奈川県","横須賀市","田浦泉町"
"神奈川県","横須賀市","田浦大作町"
"神奈川県","横須賀市","田浦港町"
"神奈川県","横須賀市","田浦町"
"神奈川県","横須賀市","鷹取"
"神奈川県","横須賀市","武"
"神奈川県","横須賀市","田戸台"
"神奈川県","横須賀市","津久井"
"神奈川県","横須賀市","鶴が丘"
"神奈川県","横須賀市","泊町"
"神奈川県","横須賀市","長井"
"神奈川県","横須賀市","長浦町"
"神奈川県","横須賀市","長坂"
"神奈川県","横須賀市","長沢"
"神奈川県","横須賀市","長瀬"
"神奈川県","横須賀市","夏島町"
"神奈川県","横須賀市","西浦賀"
"神奈川県","横須賀市","西逸見町"
"神奈川県","横須賀市","根岸町"
"神奈川県","横須賀市","野比"
"神奈川県","横須賀市","ハイランド"
"神奈川県","横須賀市","箱崎町"
"神奈川県","横須賀市","走水"
"神奈川県","横須賀市","浜見台"
"神奈川県","横須賀市","林"
"神奈川県","横須賀市","東浦賀"
"神奈川県","横須賀市","東逸見町"
"神奈川県","横須賀市","光の丘"
"神奈川県","横須賀市","日の出町"
"神奈川県","横須賀市","平作"
"神奈川県","横須賀市","深田台"
"神奈川県","横須賀市","富士見町"
"神奈川県","横須賀市","二葉"
"神奈川県","横須賀市","舟倉"
"神奈川県","横須賀市","船越町"
"神奈川県","横須賀市","平成町"
"神奈川県","横須賀市","平和台"
"神奈川県","横須賀市","逸見が丘"
"神奈川県","横須賀市","望洋台"
"神奈川県","横須賀市","本町"
"神奈川県","横須賀市","馬堀海岸"
"神奈川県","横須賀市","馬堀町"
"神奈川県","横須賀市","緑が丘"
"神奈川県","横須賀市","港が丘"
"神奈川県","横須賀市","南浦賀"
"神奈川県","横須賀市","三春町"
"神奈川県","横須賀市","御幸浜"
"神奈川県","横須賀市","森崎"
"神奈川県","横須賀市","安浦町"
"神奈川県","横須賀市","山科台"
"神奈川県","横須賀市","山中町"
"神奈川県","横須賀市","吉井"
"神奈川県","横須賀市","吉倉町"
"神奈川県","横須賀市","米が浜通"
"神奈川県","横須賀市","若松町"
"神奈川県","横須賀市","若宮台"
"神奈川県","平塚市","明石町"
"神奈川県","平塚市","天沼"
"神奈川県","平塚市","飯島"
"神奈川県","平塚市","出縄"
"神奈川県","平塚市","入野"
"神奈川県","平塚市","入部"
"神奈川県","平塚市","榎木町"
"神奈川県","平塚市","老松町"
"神奈川県","平塚市","追分"
"神奈川県","平塚市","大神"
"神奈川県","平塚市","大島"
"神奈川県","平塚市","大原"
"神奈川県","平塚市","岡崎"
"神奈川県","平塚市","片岡"
"神奈川県","平塚市","上吉沢"
"神奈川県","平塚市","上平塚"
"神奈川県","平塚市","北金目"
"神奈川県","平塚市","北豊田"
"神奈川県","平塚市","城所"
"神奈川県","平塚市","公所"
"神奈川県","平塚市","久領堤"
"神奈川県","平塚市","黒部丘"
"神奈川県","平塚市","河内"
"神奈川県","平塚市","御殿"
"神奈川県","平塚市","小鍋島"
"神奈川県","平塚市","幸町"
"神奈川県","平塚市","桜ケ丘"
"神奈川県","平塚市","真田"
"神奈川県","平塚市","四之宮"
"神奈川県","平塚市","下吉沢"
"神奈川県","平塚市","下島"
"神奈川県","平塚市","新町"
"神奈川県","平塚市","須賀"
"神奈川県","平塚市","菫平"
"神奈川県","平塚市","諏訪町"
"神奈川県","平塚市","浅間町"
"神奈川県","平塚市","千石河岸"
"神奈川県","平塚市","千須谷"
"神奈川県","平塚市","袖ケ浜"
"神奈川県","平塚市","代官町"
"神奈川県","平塚市","高根"
"神奈川県","平塚市","高浜台"
"神奈川県","平塚市","高村"
"神奈川県","平塚市","宝町"
"神奈川県","平塚市","立野町"
"神奈川県","平塚市","田村"
"神奈川県","平塚市","達上ケ丘"
"神奈川県","平塚市","土屋"
"神奈川県","平塚市","堤町"
"神奈川県","平塚市","寺田縄"
"神奈川県","平塚市","唐ケ原"
"神奈川県","平塚市","徳延"
"神奈川県","平塚市","豊田打間木"
"神奈川県","平塚市","豊田小嶺"
"神奈川県","平塚市","豊田平等寺"
"神奈川県","平塚市","豊田本郷"
"神奈川県","平塚市","豊田宮下"
"神奈川県","平塚市","豊原町"
"神奈川県","平塚市","中里"
"神奈川県","平塚市","中堂"
"神奈川県","平塚市","中原"
"神奈川県","平塚市","中原上宿"
"神奈川県","平塚市","中原下宿"
"神奈川県","平塚市","長瀞"
"神奈川県","平塚市","長持"
"神奈川県","平塚市","撫子原"
"神奈川県","平塚市","錦町"
"神奈川県","平塚市","西真土"
"神奈川県","平塚市","西八幡"
"神奈川県","平塚市","虹ケ浜"
"神奈川県","平塚市","根坂間"
"神奈川県","平塚市","花水台"
"神奈川県","平塚市","馬入"
"神奈川県","平塚市","馬入本町"
"神奈川県","平塚市","東真土"
"神奈川県","平塚市","東豊田"
"神奈川県","平塚市","東中原"
"神奈川県","平塚市","東八幡"
"神奈川県","平塚市","日向岡"
"神奈川県","平塚市","平塚"
"神奈川県","平塚市","広川"
"神奈川県","平塚市","富士見町"
"神奈川県","平塚市","ふじみ野"
"神奈川県","平塚市","札場町"
"神奈川県","平塚市","紅谷町"
"神奈川県","平塚市","松風町"
"神奈川県","平塚市","纒"
"神奈川県","平塚市","万田"
"神奈川県","平塚市","見附町"
"神奈川県","平塚市","南金目"
"神奈川県","平塚市","南豊田"
"神奈川県","平塚市","南原"
"神奈川県","平塚市","宮の前"
"神奈川県","平塚市","宮松町"
"神奈川県","平塚市","めぐみが丘"
"神奈川県","平塚市","桃浜町"
"神奈川県","平塚市","八重咲町"
"神奈川県","平塚市","八千代町"
"神奈川県","平塚市","山下"
"神奈川県","平塚市","八幡"
"神奈川県","平塚市","夕陽ケ丘"
"神奈川県","平塚市","横内"
"神奈川県","平塚市","吉際"
"神奈川県","平塚市","龍城ケ丘"
"神奈川県","鎌倉市","稲村ガ崎"
"神奈川県","鎌倉市","今泉"
"神奈川県","鎌倉市","今泉台"
"神奈川県","鎌倉市","岩瀬"
"神奈川県","鎌倉市","植木"
"神奈川県","鎌倉市","扇ガ谷"
"神奈川県","鎌倉市","大船"
"神奈川県","鎌倉市","大町"
"神奈川県","鎌倉市","岡本"
"神奈川県","鎌倉市","御成町"
"神奈川県","鎌倉市","梶原"
"神奈川県","鎌倉市","鎌倉山"
"神奈川県","鎌倉市","上町屋"
"神奈川県","鎌倉市","極楽寺"
"神奈川県","鎌倉市","腰越"
"神奈川県","鎌倉市","小袋谷"
"神奈川県","鎌倉市","小町"
"神奈川県","鎌倉市","材木座"
"神奈川県","鎌倉市","坂ノ下"
"神奈川県","鎌倉市","笹目町"
"神奈川県","鎌倉市","佐助"
"神奈川県","鎌倉市","七里ガ浜"
"神奈川県","鎌倉市","七里ガ浜東"
"神奈川県","鎌倉市","十二所"
"神奈川県","鎌倉市","浄明寺"
"神奈川県","鎌倉市","城廻"
"神奈川県","鎌倉市","関谷"
"神奈川県","鎌倉市","台"
"神奈川県","鎌倉市","高野"
"神奈川県","鎌倉市","玉縄"
"神奈川県","鎌倉市","津"
"神奈川県","鎌倉市","津西"
"神奈川県","鎌倉市","手広"
"神奈川県","鎌倉市","寺分"
"神奈川県","鎌倉市","常盤"
"神奈川県","鎌倉市","二階堂"
"神奈川県","鎌倉市","西鎌倉"
"神奈川県","鎌倉市","西御門"
"神奈川県","鎌倉市","長谷"
"神奈川県","鎌倉市","笛田"
"神奈川県","鎌倉市","山崎"
"神奈川県","鎌倉市","山ノ内"
"神奈川県","鎌倉市","由比ガ浜"
"神奈川県","鎌倉市","雪ノ下"
"神奈川県","藤沢市","朝日町"
"神奈川県","藤沢市","石川"
"神奈川県","藤沢市","稲荷"
"神奈川県","藤沢市","今田"
"神奈川県","藤沢市","打戻"
"神奈川県","藤沢市","江の島"
"神奈川県","藤沢市","円行"
"神奈川県","藤沢市","遠藤"
"神奈川県","藤沢市","大庭"
"神奈川県","藤沢市","獺郷"
"神奈川県","藤沢市","片瀬"
"神奈川県","藤沢市","片瀬海岸"
"神奈川県","藤沢市","片瀬目白山"
"神奈川県","藤沢市","片瀬山"
"神奈川県","藤沢市","亀井野"
"神奈川県","藤沢市","柄沢"
"神奈川県","藤沢市","川名"
"神奈川県","藤沢市","桐原町"
"神奈川県","藤沢市","鵠沼"
"神奈川県","藤沢市","鵠沼石上"
"神奈川県","藤沢市","鵠沼海岸"
"神奈川県","藤沢市","鵠沼桜が岡"
"神奈川県","藤沢市","鵠沼神明"
"神奈川県","藤沢市","鵠沼橘"
"神奈川県","藤沢市","鵠沼花沢町"
"神奈川県","藤沢市","鵠沼藤が谷"
"神奈川県","藤沢市","鵠沼松が岡"
"神奈川県","藤沢市","鵠沼東"
"神奈川県","藤沢市","葛原"
"神奈川県","藤沢市","小塚"
"神奈川県","藤沢市","下土棚"
"神奈川県","藤沢市","城南"
"神奈川県","藤沢市","湘南台"
"神奈川県","藤沢市","菖蒲沢"
"神奈川県","藤沢市","白旗"
"神奈川県","藤沢市","善行"
"神奈川県","藤沢市","善行坂"
"神奈川県","藤沢市","善行団地"
"神奈川県","藤沢市","大鋸"
"神奈川県","藤沢市","高倉"
"神奈川県","藤沢市","高谷"
"神奈川県","藤沢市","立石"
"神奈川県","藤沢市","長後"
"神奈川県","藤沢市","辻堂"
"神奈川県","藤沢市","辻堂神台"
"神奈川県","藤沢市","辻堂新町"
"神奈川県","藤沢市","辻堂太平台"
"神奈川県","藤沢市","辻堂東海岸"
"神奈川県","藤沢市","辻堂西海岸"
"神奈川県","藤沢市","辻堂元町"
"神奈川県","藤沢市","土棚"
"神奈川県","藤沢市","天神町"
"神奈川県","藤沢市","西富"
"神奈川県","藤沢市","西俣野"
"神奈川県","藤沢市","羽鳥"
"神奈川県","藤沢市","花の木"
"神奈川県","藤沢市","藤が岡"
"神奈川県","藤沢市","藤沢"
"神奈川県","藤沢市","本鵠沼"
"神奈川県","藤沢市","本町"
"神奈川県","藤沢市","本藤沢"
"神奈川県","藤沢市","みその台"
"神奈川県","藤沢市","南藤沢"
"神奈川県","藤沢市","宮原"
"神奈川県","藤沢市","宮前"
"神奈川県","藤沢市","弥勒寺"
"神奈川県","藤沢市","村岡東"
"神奈川県","藤沢市","用田"
"神奈川県","藤沢市","渡内"
"神奈川県","小田原市","穴部"
"神奈川県","小田原市","穴部新田"
"神奈川県","小田原市","新屋"
"神奈川県","小田原市","飯泉"
"神奈川県","小田原市","飯田岡"
"神奈川県","小田原市","池上"
"神奈川県","小田原市","井細田"
"神奈川県","小田原市","石橋"
"神奈川県","小田原市","板橋"
"神奈川県","小田原市","入生田"
"神奈川県","小田原市","江之浦"
"神奈川県","小田原市","扇町"
"神奈川県","小田原市","荻窪"
"神奈川県","小田原市","小竹"
"神奈川県","小田原市","鬼柳"
"神奈川県","小田原市","小船"
"神奈川県","小田原市","風祭"
"神奈川県","小田原市","上町"
"神奈川県","小田原市","上新田"
"神奈川県","小田原市","上曽我"
"神奈川県","小田原市","鴨宮"
"神奈川県","小田原市","栢山"
"神奈川県","小田原市","川匂"
"神奈川県","小田原市","北ノ窪"
"神奈川県","小田原市","久野"
"神奈川県","小田原市","桑原"
"神奈川県","小田原市","国府津"
"神奈川県","小田原市","小台"
"神奈川県","小田原市","寿町"
"神奈川県","小田原市","米神"
"神奈川県","小田原市","小八幡"
"神奈川県","小田原市","栄町"
"神奈川県","小田原市","酒匂"
"神奈川県","小田原市","清水新田"
"神奈川県","小田原市","下大井"
"神奈川県","小田原市","下新田"
"神奈川県","小田原市","下堀"
"神奈川県","小田原市","十字"
"神奈川県","小田原市","城内"
"神奈川県","小田原市","城山"
"神奈川県","小田原市","曽我大沢"
"神奈川県","小田原市","曽我岸"
"神奈川県","小田原市","曽我光海"
"神奈川県","小田原市","曽我別所"
"神奈川県","小田原市","曽我谷津"
"神奈川県","小田原市","曽我原"
"神奈川県","小田原市","曽比"
"神奈川県","小田原市","高田"
"神奈川県","小田原市","多古"
"神奈川県","小田原市","田島"
"神奈川県","小田原市","千代"
"神奈川県","小田原市","中里"
"神奈川県","小田原市","中新田"
"神奈川県","小田原市","中曽根"
"神奈川県","小田原市","中町"
"神奈川県","小田原市","中村原"
"神奈川県","小田原市","永塚"
"神奈川県","小田原市","成田"
"神奈川県","小田原市","西大友"
"神奈川県","小田原市","西酒匂"
"神奈川県","小田原市","沼代"
"神奈川県","小田原市","根府川"
"神奈川県","小田原市","延清"
"神奈川県","小田原市","羽根尾"
"神奈川県","小田原市","浜町"
"神奈川県","小田原市","早川"
"神奈川県","小田原市","東大友"
"神奈川県","小田原市","東ヶ丘"
"神奈川県","小田原市","東町"
"神奈川県","小田原市","府川"
"神奈川県","小田原市","別堀"
"神奈川県","小田原市","堀之内"
"神奈川県","小田原市","本町"
"神奈川県","小田原市","前川"
"神奈川県","小田原市","水之尾"
"神奈川県","小田原市","緑"
"神奈川県","小田原市","南板橋"
"神奈川県","小田原市","南鴨宮"
"神奈川県","小田原市","南町"
"神奈川県","小田原市","谷津"
"神奈川県","小田原市","柳新田"
"神奈川県","小田原市","矢作"
"神奈川県","小田原市","山西"
"神奈川県","小田原市","蓮正寺"
"神奈川県","茅ヶ崎市","赤羽根"
"神奈川県","茅ヶ崎市","赤松町"
"神奈川県","茅ヶ崎市","旭が丘"
"神奈川県","茅ヶ崎市","甘沼"
"神奈川県","茅ヶ崎市","今宿"
"神奈川県","茅ヶ崎市","円蔵"
"神奈川県","茅ヶ崎市","香川"
"神奈川県","茅ヶ崎市","小桜町"
"神奈川県","茅ヶ崎市","小和田"
"神奈川県","茅ヶ崎市","幸町"
"神奈川県","茅ヶ崎市","汐見台"
"神奈川県","茅ヶ崎市","下寺尾"
"神奈川県","茅ヶ崎市","下町屋"
"神奈川県","茅ヶ崎市","十間坂"
"神奈川県","茅ヶ崎市","松林"
"神奈川県","茅ヶ崎市","白浜町"
"神奈川県","茅ヶ崎市","新栄町"
"神奈川県","茅ヶ崎市","芹沢"
"神奈川県","茅ヶ崎市","代官町"
"神奈川県","茅ヶ崎市","高田"
"神奈川県","茅ヶ崎市","茅ヶ崎"
"神奈川県","茅ヶ崎市","堤"
"神奈川県","茅ヶ崎市","鶴が台"
"神奈川県","茅ヶ崎市","出口町"
"神奈川県","茅ヶ崎市","常盤町"
"神奈川県","茅ヶ崎市","共恵"
"神奈川県","茅ヶ崎市","中海岸"
"神奈川県","茅ヶ崎市","中島"
"神奈川県","茅ヶ崎市","行谷"
"神奈川県","茅ヶ崎市","南湖"
"神奈川県","茅ヶ崎市","西久保"
"神奈川県","茅ヶ崎市","萩園"
"神奈川県","茅ヶ崎市","浜須賀"
"神奈川県","茅ヶ崎市","浜竹"
"神奈川県","茅ヶ崎市","浜之郷"
"神奈川県","茅ヶ崎市","浜見平"
"神奈川県","茅ヶ崎市","東海岸南"
"神奈川県","茅ヶ崎市","東海岸北"
"神奈川県","茅ヶ崎市","菱沼"
"神奈川県","茅ヶ崎市","菱沼海岸"
"神奈川県","茅ヶ崎市","ひばりが丘"
"神奈川県","茅ヶ崎市","富士見町"
"神奈川県","茅ヶ崎市","平太夫新田"
"神奈川県","茅ヶ崎市","平和町"
"神奈川県","茅ヶ崎市","本宿町"
"神奈川県","茅ヶ崎市","本村"
"神奈川県","茅ヶ崎市","松尾"
"神奈川県","茅ヶ崎市","松風台"
"神奈川県","茅ヶ崎市","松が丘"
"神奈川県","茅ヶ崎市","松浪"
"神奈川県","茅ヶ崎市","みずき"
"神奈川県","茅ヶ崎市","美住町"
"神奈川県","茅ヶ崎市","緑が浜"
"神奈川県","茅ヶ崎市","室田"
"神奈川県","茅ヶ崎市","元町"
"神奈川県","茅ヶ崎市","柳島"
"神奈川県","茅ヶ崎市","柳島海岸"
"神奈川県","茅ヶ崎市","矢畑"
"神奈川県","茅ヶ崎市","若松町"
"神奈川県","逗子市","池子"
"神奈川県","逗子市","小坪"
"神奈川県","逗子市","桜山"
"神奈川県","逗子市","新宿"
"神奈川県","逗子市","逗子"
"神奈川県","逗子市","沼間"
"神奈川県","逗子市","久木"
"神奈川県","逗子市","山の根"
"神奈川県","三浦市","尾上町"
"神奈川県","三浦市","海外町"
"神奈川県","三浦市","岬陽町"
"神奈川県","三浦市","栄町"
"神奈川県","三浦市","白石町"
"神奈川県","三浦市","城山町"
"神奈川県","三浦市","諏訪町"
"神奈川県","三浦市","天神町"
"神奈川県","三浦市","初声町入江"
"神奈川県","三浦市","初声町高円坊"
"神奈川県","三浦市","初声町下宮田"
"神奈川県","三浦市","初声町三戸"
"神奈川県","三浦市","初声町和田"
"神奈川県","三浦市","原町"
"神奈川県","三浦市","晴海町"
"神奈川県","三浦市","東岡町"
"神奈川県","三浦市","三崎"
"神奈川県","三浦市","三崎町小網代"
"神奈川県","三浦市","三崎町城ケ島"
"神奈川県","三浦市","三崎町六合"
"神奈川県","三浦市","三崎町諸磯"
"神奈川県","三浦市","南下浦町金田"
"神奈川県","三浦市","南下浦町上宮田"
"神奈川県","三浦市","南下浦町菊名"
"神奈川県","三浦市","南下浦町毘沙門"
"神奈川県","三浦市","南下浦町松輪"
"神奈川県","三浦市","宮川町"
"神奈川県","三浦市","向ケ崎町"
"神奈川県","秦野市","今泉"
"神奈川県","秦野市","今泉台"
"神奈川県","秦野市","今川町"
"神奈川県","秦野市","入船町"
"神奈川県","秦野市","尾尻"
"神奈川県","秦野市","落合"
"神奈川県","秦野市","春日町"
"神奈川県","秦野市","上今川町"
"神奈川県","秦野市","上大槻"
"神奈川県","秦野市","河原町"
"神奈川県","秦野市","北矢名"
"神奈川県","秦野市","寿町"
"神奈川県","秦野市","小蓑毛"
"神奈川県","秦野市","幸町"
"神奈川県","秦野市","栄町"
"神奈川県","秦野市","桜町"
"神奈川県","秦野市","三屋"
"神奈川県","秦野市","渋沢"
"神奈川県","秦野市","渋沢上"
"神奈川県","秦野市","清水町"
"神奈川県","秦野市","下大槻"
"神奈川県","秦野市","下落合"
"神奈川県","秦野市","菖蒲"
"神奈川県","秦野市","新町"
"神奈川県","秦野市","水神町"
"神奈川県","秦野市","末広町"
"神奈川県","秦野市","鈴張町"
"神奈川県","秦野市","曽屋"
"神奈川県","秦野市","大秦町"
"神奈川県","秦野市","立野台"
"神奈川県","秦野市","千村"
"神奈川県","秦野市","鶴巻"
"神奈川県","秦野市","鶴巻南"
"神奈川県","秦野市","鶴巻北"
"神奈川県","秦野市","寺山"
"神奈川県","秦野市","戸川"
"神奈川県","秦野市","栃窪"
"神奈川県","秦野市","名古木"
"神奈川県","秦野市","並木町"
"神奈川県","秦野市","西大竹"
"神奈川県","秦野市","西田原"
"神奈川県","秦野市","沼代新町"
"神奈川県","秦野市","萩が丘"
"神奈川県","秦野市","八沢"
"神奈川県","秦野市","羽根"
"神奈川県","秦野市","東田原"
"神奈川県","秦野市","ひばりケ丘"
"神奈川県","秦野市","平沢"
"神奈川県","秦野市","富士見町"
"神奈川県","秦野市","文京町"
"神奈川県","秦野市","菩提"
"神奈川県","秦野市","堀川"
"神奈川県","秦野市","堀山下"
"神奈川県","秦野市","堀西"
"神奈川県","秦野市","本町"
"神奈川県","秦野市","曲松"
"神奈川県","秦野市","松原町"
"神奈川県","秦野市","三廻部"
"神奈川県","秦野市","緑町"
"神奈川県","秦野市","南が丘"
"神奈川県","秦野市","南矢名"
"神奈川県","秦野市","蓑毛"
"神奈川県","秦野市","室町"
"神奈川県","秦野市","元町"
"神奈川県","秦野市","柳川"
"神奈川県","秦野市","柳町"
"神奈川県","秦野市","弥生町"
"神奈川県","秦野市","横野"
"神奈川県","秦野市","若松町"
"神奈川県","厚木市","愛甲"
"神奈川県","厚木市","愛甲西"
"神奈川県","厚木市","愛甲東"
"神奈川県","厚木市","愛名"
"神奈川県","厚木市","旭町"
"神奈川県","厚木市","厚木"
"神奈川県","厚木市","厚木町"
"神奈川県","厚木市","吾妻町"
"神奈川県","厚木市","飯山"
"神奈川県","厚木市","泉町"
"神奈川県","厚木市","及川"
"神奈川県","厚木市","王子"
"神奈川県","厚木市","岡田"
"神奈川県","厚木市","岡津古久"
"神奈川県","厚木市","小野"
"神奈川県","厚木市","恩名"
"神奈川県","厚木市","金田"
"神奈川県","厚木市","上依知"
"神奈川県","厚木市","上荻野"
"神奈川県","厚木市","上落合"
"神奈川県","厚木市","上古沢"
"神奈川県","厚木市","寿町"
"神奈川県","厚木市","幸町"
"神奈川県","厚木市","酒井"
"神奈川県","厚木市","栄町"
"神奈川県","厚木市","猿ケ島"
"神奈川県","厚木市","三田"
"神奈川県","厚木市","三田南"
"神奈川県","厚木市","下依知"
"神奈川県","厚木市","下荻野"
"神奈川県","厚木市","下川入"
"神奈川県","厚木市","下津古久"
"神奈川県","厚木市","下古沢"
"神奈川県","厚木市","関口"
"神奈川県","厚木市","棚沢"
"神奈川県","厚木市","田村町"
"神奈川県","厚木市","妻田"
"神奈川県","厚木市","妻田東"
"神奈川県","厚木市","妻田西"
"神奈川県","厚木市","妻田南"
"神奈川県","厚木市","妻田北"
"神奈川県","厚木市","戸田"
"神奈川県","厚木市","鳶尾"
"神奈川県","厚木市","戸室"
"神奈川県","厚木市","中依知"
"神奈川県","厚木市","中荻野"
"神奈川県","厚木市","中町"
"神奈川県","厚木市","長沼"
"神奈川県","厚木市","七沢"
"神奈川県","厚木市","温水"
"神奈川県","厚木市","温水西"
"神奈川県","厚木市","長谷"
"神奈川県","厚木市","林"
"神奈川県","厚木市","東町"
"神奈川県","厚木市","船子"
"神奈川県","厚木市","松枝"
"神奈川県","厚木市","まつかげ台"
"神奈川県","厚木市","水引"
"神奈川県","厚木市","緑ケ丘"
"神奈川県","厚木市","南町"
"神奈川県","厚木市","みはる野"
"神奈川県","厚木市","宮の里"
"神奈川県","厚木市","毛利台"
"神奈川県","厚木市","元町"
"神奈川県","厚木市","森の里"
"神奈川県","厚木市","森の里青山"
"神奈川県","厚木市","森の里若宮"
"神奈川県","厚木市","山際"
"神奈川県","大和市","上草柳"
"神奈川県","大和市","上和田"
"神奈川県","大和市","桜森"
"神奈川県","大和市","渋谷"
"神奈川県","大和市","下草柳"
"神奈川県","大和市","下鶴間"
"神奈川県","大和市","下和田"
"神奈川県","大和市","草柳"
"神奈川県","大和市","代官"
"神奈川県","大和市","中央"
"神奈川県","大和市","中央林間"
"神奈川県","大和市","中央林間西"
"神奈川県","大和市","つきみ野"
"神奈川県","大和市","鶴間"
"神奈川県","大和市","西鶴間"
"神奈川県","大和市","深見"
"神奈川県","大和市","深見台"
"神奈川県","大和市","深見東"
"神奈川県","大和市","深見西"
"神奈川県","大和市","福田"
"神奈川県","大和市","南林間"
"神奈川県","大和市","柳橋"
"神奈川県","大和市","大和東"
"神奈川県","大和市","大和南"
"神奈川県","大和市","林間"
"神奈川県","伊勢原市","粟窪"
"神奈川県","伊勢原市","池端"
"神奈川県","伊勢原市","石田"
"神奈川県","伊勢原市","伊勢原"
"神奈川県","伊勢原市","板戸"
"神奈川県","伊勢原市","歌川"
"神奈川県","伊勢原市","大住台"
"神奈川県","伊勢原市","大山"
"神奈川県","伊勢原市","岡崎"
"神奈川県","伊勢原市","笠窪"
"神奈川県","伊勢原市","上粕屋"
"神奈川県","伊勢原市","上平間"
"神奈川県","伊勢原市","上谷"
"神奈川県","伊勢原市","串橋"
"神奈川県","伊勢原市","小稲葉"
"神奈川県","伊勢原市","神戸"
"神奈川県","伊勢原市","子易"
"神奈川県","伊勢原市","桜台"
"神奈川県","伊勢原市","三ノ宮"
"神奈川県","伊勢原市","下落合"
"神奈川県","伊勢原市","下糟屋"
"神奈川県","伊勢原市","下平間"
"神奈川県","伊勢原市","下谷"
"神奈川県","伊勢原市","白根"
"神奈川県","伊勢原市","鈴川"
"神奈川県","伊勢原市","善波"
"神奈川県","伊勢原市","高森"
"神奈川県","伊勢原市","高森台"
"神奈川県","伊勢原市","田中"
"神奈川県","伊勢原市","坪ノ内"
"神奈川県","伊勢原市","西富岡"
"神奈川県","伊勢原市","沼目"
"神奈川県","伊勢原市","八幡台"
"神奈川県","伊勢原市","東大竹"
"神奈川県","伊勢原市","東富岡"
"神奈川県","伊勢原市","東成瀬"
"神奈川県","伊勢原市","日向"
"神奈川県","伊勢原市","見附島"
"神奈川県","海老名市","今里"
"神奈川県","海老名市","扇町"
"神奈川県","海老名市","大谷"
"神奈川県","海老名市","大谷北"
"神奈川県","海老名市","大谷南"
"神奈川県","海老名市","柏ケ谷"
"神奈川県","海老名市","勝瀬"
"神奈川県","海老名市","門沢橋"
"神奈川県","海老名市","上今泉"
"神奈川県","海老名市","上郷"
"神奈川県","海老名市","上河内"
"神奈川県","海老名市","河原口"
"神奈川県","海老名市","国分寺台"
"神奈川県","海老名市","国分南"
"神奈川県","海老名市","国分北"
"神奈川県","海老名市","さつき町"
"神奈川県","海老名市","下今泉"
"神奈川県","海老名市","社家"
"神奈川県","海老名市","杉久保"
"神奈川県","海老名市","杉久保北"
"神奈川県","海老名市","杉久保南"
"神奈川県","海老名市","中央"
"神奈川県","海老名市","中河内"
"神奈川県","海老名市","中新田"
"神奈川県","海老名市","中野"
"神奈川県","海老名市","浜田町"
"神奈川県","海老名市","東柏ケ谷"
"神奈川県","海老名市","本郷"
"神奈川県","海老名市","望地"
"神奈川県","座間市","入谷"
"神奈川県","座間市","栗原"
"神奈川県","座間市","栗原中央"
"神奈川県","座間市","小松原"
"神奈川県","座間市","相模が丘"
"神奈川県","座間市","さがみ野"
"神奈川県","座間市","座間"
"神奈川県","座間市","新田宿"
"神奈川県","座間市","相武台"
"神奈川県","座間市","立野台"
"神奈川県","座間市","西栗原"
"神奈川県","座間市","東原"
"神奈川県","座間市","ひばりが丘"
"神奈川県","座間市","広野台"
"神奈川県","座間市","緑ケ丘"
"神奈川県","座間市","南栗原"
"神奈川県","座間市","明王"
"神奈川県","座間市","四ツ谷"
"神奈川県","南足柄市","雨坪"
"神奈川県","南足柄市","飯沢"
"神奈川県","南足柄市","生駒"
"神奈川県","南足柄市","岩原"
"神奈川県","南足柄市","内山"
"神奈川県","南足柄市","狩野"
"神奈川県","南足柄市","苅野"
"神奈川県","南足柄市","北窪"
"神奈川県","南足柄市","小市"
"神奈川県","南足柄市","弘西寺"
"神奈川県","南足柄市","駒形新宿"
"神奈川県","南足柄市","関本"
"神奈川県","南足柄市","千津島"
"神奈川県","南足柄市","大雄町"
"神奈川県","南足柄市","竹松"
"神奈川県","南足柄市","塚原"
"神奈川県","南足柄市","中沼"
"神奈川県","南足柄市","怒田"
"神奈川県","南足柄市","沼田"
"神奈川県","南足柄市","広町"
"神奈川県","南足柄市","福泉"
"神奈川県","南足柄市","班目"
"神奈川県","南足柄市","壗下"
"神奈川県","南足柄市","三竹"
"神奈川県","南足柄市","向田"
"神奈川県","南足柄市","矢倉沢"
"神奈川県","南足柄市","和田河原"
"神奈川県","綾瀬市","厚木航空基地"
"神奈川県","綾瀬市","大上"
"神奈川県","綾瀬市","落合南"
"神奈川県","綾瀬市","落合北"
"神奈川県","綾瀬市","上土棚"
"神奈川県","綾瀬市","上土棚中"
"神奈川県","綾瀬市","上土棚南"
"神奈川県","綾瀬市","上土棚北"
"神奈川県","綾瀬市","小園"
"神奈川県","綾瀬市","小園南"
"神奈川県","綾瀬市","蓼川"
"神奈川県","綾瀬市","寺尾釜田"
"神奈川県","綾瀬市","寺尾中"
"神奈川県","綾瀬市","寺尾西"
"神奈川県","綾瀬市","寺尾南"
"神奈川県","綾瀬市","寺尾北"
"神奈川県","綾瀬市","寺尾台"
"神奈川県","綾瀬市","寺尾本町"
"神奈川県","綾瀬市","早川"
"神奈川県","綾瀬市","早川城山"
"神奈川県","綾瀬市","深谷"
"神奈川県","綾瀬市","深谷上"
"神奈川県","綾瀬市","深谷中"
"神奈川県","綾瀬市","深谷南"
"神奈川県","綾瀬市","本蓼川"
"神奈川県","綾瀬市","吉岡"
"神奈川県","綾瀬市","吉岡東"
"神奈川県","綾瀬市","綾西"
"神奈川県","三浦郡葉山町","一色"
"神奈川県","三浦郡葉山町","上山口"
"神奈川県","三浦郡葉山町","木古庭"
"神奈川県","三浦郡葉山町","下山口"
"神奈川県","三浦郡葉山町","長柄"
"神奈川県","三浦郡葉山町","堀内"
"神奈川県","高座郡寒川町","一之宮"
"神奈川県","高座郡寒川町","大蔵"
"神奈川県","高座郡寒川町","大曲"
"神奈川県","高座郡寒川町","岡田"
"神奈川県","高座郡寒川町","倉見"
"神奈川県","高座郡寒川町","小谷"
"神奈川県","高座郡寒川町","小動"
"神奈川県","高座郡寒川町","田端"
"神奈川県","高座郡寒川町","中瀬"
"神奈川県","高座郡寒川町","宮山"
"神奈川県","中郡大磯町","生沢"
"神奈川県","中郡大磯町","石神台"
"神奈川県","中郡大磯町","大磯"
"神奈川県","中郡大磯町","月京"
"神奈川県","中郡大磯町","黒岩"
"神奈川県","中郡大磯町","国府新宿"
"神奈川県","中郡大磯町","国府本郷"
"神奈川県","中郡大磯町","高麗"
"神奈川県","中郡大磯町","寺坂"
"神奈川県","中郡大磯町","西久保"
"神奈川県","中郡大磯町","西小磯"
"神奈川県","中郡大磯町","東小磯"
"神奈川県","中郡大磯町","東町"
"神奈川県","中郡大磯町","虫窪"
"神奈川県","中郡二宮町","一色"
"神奈川県","中郡二宮町","川匂"
"神奈川県","中郡二宮町","中里"
"神奈川県","中郡二宮町","二宮"
"神奈川県","中郡二宮町","富士見が丘"
"神奈川県","中郡二宮町","松根"
"神奈川県","中郡二宮町","緑が丘"
"神奈川県","中郡二宮町","山西"
"神奈川県","中郡二宮町","百合が丘"
"神奈川県","足柄上郡中井町","井ノ口"
"神奈川県","足柄上郡中井町","岩倉"
"神奈川県","足柄上郡中井町","遠藤"
"神奈川県","足柄上郡中井町","鴨沢"
"神奈川県","足柄上郡中井町","北田"
"神奈川県","足柄上郡中井町","久所"
"神奈川県","足柄上郡中井町","古怒田"
"神奈川県","足柄上郡中井町","境"
"神奈川県","足柄上郡中井町","境別所"
"神奈川県","足柄上郡中井町","雑色"
"神奈川県","足柄上郡中井町","田中"
"神奈川県","足柄上郡中井町","半分形"
"神奈川県","足柄上郡中井町","比奈窪"
"神奈川県","足柄上郡中井町","藤沢"
"神奈川県","足柄上郡中井町","松本"
"神奈川県","足柄上郡大井町","赤田"
"神奈川県","足柄上郡大井町","金手"
"神奈川県","足柄上郡大井町","金子"
"神奈川県","足柄上郡大井町","上大井"
"神奈川県","足柄上郡大井町","篠窪"
"神奈川県","足柄上郡大井町","高尾"
"神奈川県","足柄上郡大井町","西大井"
"神奈川県","足柄上郡大井町","柳"
"神奈川県","足柄上郡大井町","山田"
"神奈川県","足柄上郡松田町","神山"
"神奈川県","足柄上郡松田町","松田惣領"
"神奈川県","足柄上郡松田町","松田庶子"
"神奈川県","足柄上郡松田町","寄"
"神奈川県","足柄上郡山北町","神尾田"
"神奈川県","足柄上郡山北町","神縄"
"神奈川県","足柄上郡山北町","川西"
"神奈川県","足柄上郡山北町","岸"
"神奈川県","足柄上郡山北町","玄倉"
"神奈川県","足柄上郡山北町","都夫良野"
"神奈川県","足柄上郡山北町","中川"
"神奈川県","足柄上郡山北町","平山"
"神奈川県","足柄上郡山北町","皆瀬川"
"神奈川県","足柄上郡山北町","向原"
"神奈川県","足柄上郡山北町","谷ケ"
"神奈川県","足柄上郡山北町","山市場"
"神奈川県","足柄上郡山北町","山北"
"神奈川県","足柄上郡山北町","湯触"
"神奈川県","足柄上郡山北町","世附"
"神奈川県","足柄上郡開成町","牛島"
"神奈川県","足柄上郡開成町","円通寺"
"神奈川県","足柄上郡開成町","岡野"
"神奈川県","足柄上郡開成町","金井島"
"神奈川県","足柄上郡開成町","中之名"
"神奈川県","足柄上郡開成町","延沢"
"神奈川県","足柄上郡開成町","みなみ"
"神奈川県","足柄上郡開成町","宮台"
"神奈川県","足柄上郡開成町","吉田島"
"神奈川県","足柄下郡箱根町","芦之湯"
"神奈川県","足柄下郡箱根町","大平台"
"神奈川県","足柄下郡箱根町","木賀"
"神奈川県","足柄下郡箱根町","小涌谷"
"神奈川県","足柄下郡箱根町","強羅"
"神奈川県","足柄下郡箱根町","須雲川"
"神奈川県","足柄下郡箱根町","仙石原"
"神奈川県","足柄下郡箱根町","底倉"
"神奈川県","足柄下郡箱根町","塔之澤"
"神奈川県","足柄下郡箱根町","二ノ平"
"神奈川県","足柄下郡箱根町","箱根"
"神奈川県","足柄下郡箱根町","畑宿"
"神奈川県","足柄下郡箱根町","宮城野"
"神奈川県","足柄下郡箱根町","宮ノ下"
"神奈川県","足柄下郡箱根町","元箱根"
"神奈川県","足柄下郡箱根町","湯本"
"神奈川県","足柄下郡箱根町","湯本茶屋"
"神奈川県","足柄下郡真鶴町","岩"
"神奈川県","足柄下郡真鶴町","真鶴"
"神奈川県","足柄下郡湯河原町","鍛冶屋"
"神奈川県","足柄下郡湯河原町","城堀"
"神奈川県","足柄下郡湯河原町","中央"
"神奈川県","足柄下郡湯河原町","土肥"
"神奈川県","足柄下郡湯河原町","福浦"
"神奈川県","足柄下郡湯河原町","福浦鍛冶屋"
"神奈川県","足柄下郡湯河原町","福浦吉浜"
"神奈川県","足柄下郡湯河原町","宮上"
"神奈川県","足柄下郡湯河原町","宮下"
"神奈川県","足柄下郡湯河原町","門川"
"神奈川県","足柄下郡湯河原町","吉浜"
"神奈川県","足柄下郡湯河原町","吉浜福浦"
"神奈川県","愛甲郡愛川町","春日台"
"神奈川県","愛甲郡愛川町","角田"
"神奈川県","愛甲郡愛川町","田代"
"神奈川県","愛甲郡愛川町","棚沢"
"神奈川県","愛甲郡愛川町","中津"
"神奈川県","愛甲郡愛川町","八菅山"
"神奈川県","愛甲郡愛川町","半原"
"神奈川県","愛甲郡愛川町","三増"
"神奈川県","愛甲郡清川村","煤ケ谷"
"神奈川県","愛甲郡清川村","宮ケ瀬"
